Reading CSD file:  new_output.csd
--Csound version 7.0 (double samples) Feb  3 2026
[commit: 4596d8246d1a9df12004e3abfd8d43d2e89284e7]
Compiling Csound code...
	 ...done
using libsndfile-1.2.2
graphics suppressed, ascii substituted
sr = 44100.0, kr = 8820.000, ksmps = 5
0dBFS level = 32768.0, A4 tuning = 440.0
audio buffered in 256 sample-frame blocks
writing 1536-byte blks of 24bit ints to /home/prent/Music/sflib/ball9.wav (WAV)
SECTION 1:
ftable 3:

 PostScript graphs written to file /home/prent/Music/sflib/ball9.eps

ftable 3:	1200 points, scalemax 0.120
                                                                        __..--''
                                                                __..--''
                                                        __..--''
                                                __..--''
                                        __..--''
                                __..--''
                        __..--''
                __..--''
        __..--''
__..--''________________________________________________________________________
ftable 4:
ftable 4:	1024 points, scalemax 1.000
                                                         ___...-----'''''''''''
                                               __..---'''
                                       __..--''
                                 _..--'
                           _..-''
                     __.-''
                _.--'
           _.-''
      _.-''
__.-''_________________________________________________________________________
ftable 298:
ftable 298:	1024 points, scalemax 1.000
 ____________________________________________________________________________

                                                                             -





                                                                              -

_______________________________________________________________________________
ftable 297:
ftable 297:	1024 points, scalemax 1.000
 _____________________________________________________________________________








                                                                              -
_______________________________________________________________________________
ftable 296:
ftable 296:	256 points, scalemax 1.000
 _
  '-.
     '_
       .
        -_
          .
           -_
             -_
               '--..._
                      '-..__
____________________________''------..._________________________
ftable 295:
ftable 295:	1024 points, scalemax 1.000
        _'''-._
               -_
       '         -_
      -            .
     _              '.                  __.--''''''''--._
                      '-_           _.-'                 '-._
    -                    '-._____.-'                         '-._
   _                                                             -._
  _                                                                 '-._
_.______________________________________________________________________'-..___
ftable 294:
ftable 294:	1024 points, scalemax 1.000
                                             _.-'''''-._
                                           _-           -.
                                          -               '.
                                        .'                  '-_
                                      _'                       -_
                                    _-                           .
                                  _-                              '._
       .-''''''''---....________.-                                   -_
    _-'                                                                -.
__.-_____________________________________________________________________'-.___
ftable 293:
ftable 293:	1024 points, scalemax 1.000
 '''''''''''''''''''''''''''''''''''''''''''''''''''''''''''''''''''''.
                                                                       -
                                                                        -
                                                                         _

                                                                          '
                                                                           .

                                                                            '
_____________________________________________________________________________'_
ftable 292:
ftable 292:	1024 points, scalemax 1.000
 '''''''---...__
                ''--.__
                       ''-.._
                             ''-.._
                                   '--.__
                                         '--.__
                                               ''-..__
                                                      ''---..._____________
                                                                           '.
_____________________________________________________________________________-_
ftable 291:
ftable 291:	1024 points, scalemax 1.000
 ''-_
     '.
       '_
         -_
           .
            '_
              -_
                '.__
                    '''''''''''''-------......._____________
____________________________________________________________''''''---....______
ftable 290:
ftable 290:	256 points, scalemax 1.000
 ''''''---..__
              '--._
                   ''-._
                        '--._
                             '-._
                                 '-._
                                     '-.__
                                          '-._
                                              ''-.._
____________________________________________________''--..._____
ftable 289:
ftable 289:	1024 points, scalemax 1.000
                                                  ____....-----''''''''''''
                                     ____...---'''                         -
                         ___...---'''
 ___________.....----''''
                                                                            '


                                                                             '

______________________________________________________________________________-
ftable 288:
ftable 288:	1024 points, scalemax 1.000
                            _..---'''''''''''''---...__
                      _..-''                           ''--.._
                 _..-'                                        ''--.__
             _.-'                                                    '-.._
         _.-'                                                             -
     _.-'
                                                                           '
    '                                                                       .
   '                                                                         _
__'____________________________________________________________________________
ftable 287:
ftable 287:	1024 points, scalemax 1.000
 ''''''''''''''''''''''''''''''''''''''''''''''''''''''''-



                                                          _




_______________________________________________________________________________
ftable 286:
ftable 286:	1024 points, scalemax 1.000
 '''''''''''''''''''''''''''''''''''''''''''''''''-



                                                   .




____________________________________________________.__________________________
ftable 285:
ftable 285:	1024 points, scalemax 1.000
 ''''''''''''''''''''''''''''''''''''''

                                       '




                                        .

_______________________________________________________________________________
ftable 284:
ftable 284:	1024 points, scalemax 1.000
 '''''''''''''''''''








_______________________________________________________________________________
ftable 283:
ftable 283:	1024 points, scalemax 1.000
 '''''''''''''








_______________________________________________________________________________
ftable 282:
ftable 282:	1024 points, scalemax 1.000
                                                       ___...----''''''''''
                                              __..---''                    -
                                     ___..--''
                             __..--''
                    __...--''                                               '
 _________....---'''

                                                                             '

______________________________________________________________________________-
ftable 281:
ftable 281:	1024 points, scalemax 1.000
                                                          __...----''''''''
                                                  __..--''                 -
                                            _..--'
                                     __..-''
                               __.--'                                       '
                         _..--'
                 __..--''
 _______....---''                                                            '

______________________________________________________________________________-
ftable 280:
ftable 280:	1024 points, scalemax 1.000
_
 '.                                                           __...---'''''''
   -                                                   __.--''               _
    '                                           __..-''
     '_                                   __.--'
       _                           __..-''
        -__________________...---''

                                                                              .
ftable 279:
ftable 279:	1024 points, scalemax 1.000
 ''-._
      -.
        '._
           -._
              ''-._                               __.--'''''''-._
                   '--..____________________..--''               '.
                                                                   '._
                                                                      -_
                                                                        -.
__________________________________________________________________________'-.__
ftable 278:
ftable 278:	1024 points, scalemax 1.000
                                    _-''''.
                                  _'       '.
           .''''-._             _-           '.              _--'''-_
         _'        -._        _-               '.         _-'        -
        .             -.____.-                   '.____.-'            -
       .                                                               '
      -                                                                 '_
     -                                                                    _
   _'                                                                      .
__-_________________________________________________________________________'._
ftable 277:
ftable 277:	1024 points, scalemax 1.000
           .'''-.
          -      '.
         -         '.              .-'''''-._                _--'''-_
        -            -_         .-'          '._          _-'        -
       -               -.____.-'                '._____.-'            -
      .                                                                '
     .                                                                  '_
    _                                                                     _
   .                                                                       .
__-_________________________________________________________________________'._
ftable 276:
ftable 276:	1024 points, scalemax 1.000
                                                              _-'''-
                                                            _-      '_
           .''''-._                .-'''''-._             _-          _
         _'        -._          .-'          '._         .             _
        .             -._____.-'                '._____-'
       .                                                                '
      -                                                                  '
     -                                                                    '
   _'                                                                      '_
__-__________________________________________________________________________._
ftable 275:
ftable 275:	1024 points, scalemax 1.000
                             _-''''._
                           _-        -
     .'''-._              -           '.              _-''''-_
    .       '-_         .'              '.         _-'        .
   _           '-.____-'                  '.____.-'            -
                                                                -
  -                                                              '._
                                                                    -_
 '                                                                    '._
_________________________________________________________________________'-.___
ftable 274:
ftable 274:	1024 points, scalemax 1.000
     _'''-_
    _      -_
             -              _.-''''-._                _-''''-_
   .          '.         _-'          '._          _-'        .
                '.____.-'                '..____.-'            -
  .                                                             -
                                                                 '._
 _                                                                  -_
                                                                      '._
_________________________________________________________________________'-.___
ftable 273:
ftable 273:	1024 points, scalemax 1.000
                                                       _-'''.
                                                     _-      '
     .'''-._                _.-''''-._             _-         '
    .       '-_          _-'          '._         .            '
   _           '-.____.-'                '..____-'              '
                                                                 '.
  -                                                                '.
                                                                     '.
 '                                                                     '._
__________________________________________________________________________'..__
ftable 272:
ftable 272:	1024 points, scalemax 1.000
          ___________________________________________________________
        _'                                                           '-
                                                                       '
       '                                                                -
      -                                                                  .
     _
                                                                          '
    -                                                                      .
   _
  _                                                                         '
_.___________________________________________________________________________'_
ftable 265:
ftable 265:	1024 points, scalemax 1.000
                                                              __...---'''''''
                                                       __.--''               _
                                                 __.--'
                                            _.--'
                                      _..-''
                                __.--'
    -''_                 __..-''
   -    -________...---''                                                     .
  .
_._____________________________________________________________________________
ftable 264:
ftable 264:	1024 points, scalemax 1.000
                                                                          _-'
                                                                         -   _
                                                                        -
                                                                       -
                                                                      -
                                                                     .
                                                                    .
                                                                   .          .
                                                                  -
_______________.........-----------------------------------------'_____________
ftable 263:
ftable 263:	1024 points, scalemax 1.000
                                                             ___...---''''''''.
                                                     __..--''
                                              __..-''
                                        _..--'
                               __...--''
                     ___...--''
 __________....---'''


_______________________________________________________________________________
ftable 262:
ftable 262:	1024 points, scalemax 1.000
 ________________________________............................................._




_______________________________________________________________________________
ftable 261:
ftable 261:	512 points, scalemax 1.000
_

 '
  '
   '_
     .
      -_
        -_
          '._
             '--.__
___________________''---......____________________________________________
ftable 601:
ftable 601:	128 points, scalemax 629.000
                                   _____________________________
-----------------''''''''''''''''''
ftable 602:
ftable 602:	64 points, scalemax 72.000
                         _
                      _.-
                    .-
                 _.-
              .-'
          _.-'
       _.-
     .-
  _-'
 -
________________________________________________________________
ftable 603:
ftable 603:	64 points, scalemax 6.000
                  _

            .

                 -




             -  -
________________________________________________________________

               .   ...   .

                       -
           _

  .
ftable 604:
ftable 604:	64 points, scalemax 0.000
ftable 630:
ftable 630:	128 points, scalemax 651.000
                                       _________________________
----------------------'''''''''''''''''
ftable 631:
ftable 631:	64 points, scalemax 79.000
                  _
               _.-
           _.-'
       _.-'
   _.-'
 .'




________________________________________________________________
ftable 632:
ftable 632:	64 points, scalemax 0.000
ftable 633:
ftable 633:	64 points, scalemax 0.000
ftable 652:
ftable 652:	128 points, scalemax 666.000
                                        ________________________
''''''''''''''''''''''''''''''''''''''''
ftable 653:
ftable 653:	64 points, scalemax 81.000
           _
         .-
      _-'
    _'
  .-
 '




________________________________________________________________
ftable 654:
ftable 654:	64 points, scalemax 0.000
ftable 655:
ftable 655:	64 points, scalemax 0.000
ftable 667:
ftable 667:	128 points, scalemax 682.000
                                    ____________________________
''''''''''''''''''''''''''''''''''''
ftable 668:
ftable 668:	64 points, scalemax 74.000
            _
          _-
       _-'
     _'
   _-
  .
 '



________________________________________________________________
ftable 669:
ftable 669:	64 points, scalemax 0.000
ftable 670:
ftable 670:	64 points, scalemax 0.000
ftable 683:
ftable 683:	128 points, scalemax 704.000
                                         _______________________
'''''''''''''''''''''''''''''''''''''''''
ftable 684:
ftable 684:	64 points, scalemax 83.000
                  _
                .-
             _-'
          _.'
       _.-
     .-
   _-
 .'


________________________________________________________________
ftable 685:
ftable 685:	64 points, scalemax 10.000
  _
               _
       _

        _         _
           __   _
    _            _
             _
   _          _

________________________________________________________________
     _
      _  _

 _



          _
ftable 686:
ftable 686:	64 points, scalemax 0.000
ftable 705:
ftable 705:	128 points, scalemax 725.000
                                          ______________________
''''''''''''''''''''''''''''''''''''''''''
ftable 706:
ftable 706:	64 points, scalemax 85.000
                 _
             _.-'
         _.-'
     _.-'
 _.-'





________________________________________________________________
ftable 707:
ftable 707:	64 points, scalemax 0.000
ftable 708:
ftable 708:	64 points, scalemax 0.000
ftable 726:
ftable 726:	128 points, scalemax 741.000
                                     ___________________________
'''''''''''''''''''''''''''''''''''''
ftable 727:
ftable 727:	64 points, scalemax 77.000
            _
          _.
        _-
     _.'
   .-
 .'




________________________________________________________________
ftable 728:
ftable 728:	64 points, scalemax 6.000
 _ _

           .

  - -       -
     _   __

      ...


________________________________________________________________
ftable 729:
ftable 729:	64 points, scalemax 0.000
ftable 742:
ftable 742:	128 points, scalemax 765.000
                                        ________________________
''''''''''''''''''''''''''''''''''''''''
ftable 743:
ftable 743:	64 points, scalemax 83.000
                    _
                  _-
                 _
               _-
             .-
          _-'
        _'
      ..
   _.'
 -'
________________________________________________________________
ftable 744:
ftable 744:	64 points, scalemax 36.000
            _
               .
_____________-___-______________________________________________
     - . ._
        '  '    _
                  '
              '

                    _
   '
 _

  _
ftable 745:
ftable 745:	64 points, scalemax 0.000
ftable 766:
ftable 766:	128 points, scalemax 786.000
                                     ___________________________
'''''''''''''''''''''''''''''''''''''
ftable 767:
ftable 767:	64 points, scalemax 75.000
                 _
              _.-
          _.-'
      _.-'
  _.-'
 -




________________________________________________________________
ftable 768:
ftable 768:	64 points, scalemax 0.000
ftable 769:
ftable 769:	64 points, scalemax 0.000
ftable 787:
ftable 787:	128 points, scalemax 806.000
                                    ____________________________
''''''''''''''''''''''''''''''''''''
ftable 788:
ftable 788:	64 points, scalemax 72.000
                _
              .-
           _.'
        _-'
     .-'
 _.-'




________________________________________________________________
ftable 789:
ftable 789:	64 points, scalemax 0.000
ftable 790:
ftable 790:	64 points, scalemax 0.000
ftable 807:
ftable 807:	128 points, scalemax 829.000
                               _________________________________
'''''''''''''''''''''''''''''''
ftable 808:
ftable 808:	64 points, scalemax 62.000
                   _
                _.-
             _.-
           .-
        _.'
     _.'
  _-'
 '


________________________________________________________________
ftable 809:
ftable 809:	64 points, scalemax 0.000
ftable 810:
ftable 810:	64 points, scalemax 0.000
ftable 830:
ftable 830:	128 points, scalemax 849.000
                          ______________________________________
''''''''''''''''''''''''''
ftable 831:
ftable 831:	64 points, scalemax 52.000
                _
              _-
           _.'
         .-
      _-'
   _.'
 _-



________________________________________________________________
ftable 832:
ftable 832:	64 points, scalemax 12.000
   .




             .
 --
    - --
________________________________________________________________

     .  .       .
              --
          -


            .


           _
ftable 833:
ftable 833:	64 points, scalemax 1.000
 ________________









________________________________________________________________
ftable 850:
ftable 850:	128 points, scalemax 871.000
                                     ___________________________
'''''''''''''''''''''''''''''''''''''
ftable 851:
ftable 851:	64 points, scalemax 74.000
                  _
               _.-
           _.-'
       _.-'
     _.
 _.-'




________________________________________________________________
ftable 852:
ftable 852:	64 points, scalemax 7.000
  _


     _         _

   -
    .     .

           '
              .
________________________________________________________________

 -          -   -
      _ _         _

       - -
ftable 853:
ftable 853:	64 points, scalemax 1.000
 __________________









________________________________________________________________
ftable 872:
ftable 872:	128 points, scalemax 889.000
                                          ______________________
''''''''''''''''''''''''''''''''''''''''''
ftable 873:
ftable 873:	64 points, scalemax 84.000
              _
          _.-'
      _.-'
     -
   .'
 -'




________________________________________________________________
ftable 874:
ftable 874:	64 points, scalemax 16.000
              _


   -



    '    '

       .' ''.'
_____-__________________________________________________________



      .
  -
ftable 875:
ftable 875:	64 points, scalemax 1.000
 ______________









________________________________________________________________
ftable 890:
ftable 890:	128 points, scalemax 908.000
                                      __________________________
''''''''''''''''''''''''''''''''''''''
ftable 891:
ftable 891:	64 points, scalemax 76.000
               _
            _.-
         _.'
     _.-'
 _.-'





________________________________________________________________
ftable 892:
ftable 892:	64 points, scalemax 16.000
               _

         '
             --
      .

     .
  _ _     '
           -
   '
____________-___________________________________________________



        .



       -
 '
ftable 893:
ftable 893:	64 points, scalemax 1.000
 _______________









________________________________________________________________
ftable 909:
ftable 909:	128 points, scalemax 929.000
                               _________________________________
'''''''''''''''''''''''''''''''
ftable 910:
ftable 910:	64 points, scalemax 62.000
                 _
               .-
            _.-
         _.-
      _.'
    _.
 _-'



________________________________________________________________
ftable 911:
ftable 911:	64 points, scalemax 10.000
       _




             _
  _
    _
                __

________________________________________________________________


     _  _     _

      _    _   _


         __
ftable 912:
ftable 912:	64 points, scalemax 1.000
 _________________









________________________________________________________________
ftable 930:
ftable 930:	128 points, scalemax 952.000
                                        ________________________
''''''''''''''''''''''''''''''''''''''''
ftable 931:
ftable 931:	64 points, scalemax 81.000
                   _
               _.-'
           _.-'
        _-'
    _.-'
 .-'




________________________________________________________________
ftable 932:
ftable 932:	64 points, scalemax 36.000
                _

             _
         -
                 '
 _  ._    _        '
  __        .     _
      -.   .  '
        '

_______________'________________________________________________
ftable 933:
ftable 933:	64 points, scalemax 1.000
 ___________________









________________________________________________________________
ftable 953:
ftable 953:	128 points, scalemax 974.000
                                    ____________________________
''''''''''''''''''''''''''''''''''''
ftable 954:
ftable 954:	64 points, scalemax 73.000
                  _
               _.-
             _'
         _.-'
     _.-'
 __.'




________________________________________________________________
ftable 955:
ftable 955:	64 points, scalemax 18.000
        '
            _

           _
               .
             '
      '  _'      '
 -              -
____-___________________________________________________________



   _              _
       _


  _

     _
ftable 956:
ftable 956:	64 points, scalemax 1.000
 __________________









________________________________________________________________
ftable 975:
ftable 975:	128 points, scalemax 998.000
                               _________________________________
'''''''''''''''''''''''''''''''
ftable 976:
ftable 976:	64 points, scalemax 63.000
                    _
                 _.-
              _.-
           _.'
        _-'
     _-'
  .-'
 '


________________________________________________________________
ftable 977:
ftable 977:	64 points, scalemax 31.000
        . - .
         '        .-
_-'__-__________________________________________________________
    . -      - -
              _  -
                _






                    _
ftable 978:
ftable 978:	64 points, scalemax 1.000
 ____________________









________________________________________________________________
ftable 999:
ftable 999:	128 points, scalemax 1029.000
                                   _____________________________
------------'''''''''''''''''''''''
ftable 1000:
ftable 1000:	64 points, scalemax 71.000
                           _
                        _.-
                    _.-'
                 _.-
             _.-'
         _.-'
     _--'
 _-''


________________________________________________________________
ftable 1001:
ftable 1001:	64 points, scalemax 25.000
                  _





                           .

              _    .
            _
________'____________'__________________________________________
                --    -_ _
     .   _ _
  _-  _      -      _     -
 .     .  .

    _          .
ftable 1002:
ftable 1002:	64 points, scalemax 0.000
ftable 1030:
ftable 1030:	128 points, scalemax 1069.000
                                                ________________
----------------------''''''''''''''''''''''''''
ftable 1031:
ftable 1031:	64 points, scalemax 96.000
                                    _
                                 .-'
                            _.-''
                       _.--'
                  _..-'
             __.-'
        _..-'
  _..-''
 '

________________________________________________________________
ftable 1032:
ftable 1032:	64 points, scalemax 47.000
                                   '




______________________._________________________________________
   ._. .__    -   -    -.  '
 _        - '  ''
      '                       _
                               ' -


                                '
                                    _

                                  _
ftable 1033:
ftable 1033:	64 points, scalemax 0.000
ftable 1070:
ftable 1070:	128 points, scalemax 1103.000
                              __________________________________
-------'''''''''''''''''''''''
ftable 1071:
ftable 1071:	64 points, scalemax 60.000
                              _
                           _-'
                       _.-'
                    _-'
                _.-'
             _-'
         _.-'
      _-'
  _.-'
 '
________________________________________________________________
ftable 1072:
ftable 1072:	64 points, scalemax 5.000
             _



                             _

            _

 __  _               _

________________________________________________________________

    _ _               __

                  _

   _                          _



                   _      __
ftable 1073:
ftable 1073:	64 points, scalemax 0.000
ftable 1104:
ftable 1104:	128 points, scalemax 1129.000
                                     ___________________________
'''''''''''''''''''''''''''''''''''''
ftable 1105:
ftable 1105:	64 points, scalemax 75.000
                      _
                   _.-
               _.-'
            _.-
    __..--''
 _.'




________________________________________________________________
ftable 1106:
ftable 1106:	64 points, scalemax 56.000
  _





    _
     '
       '
        '         _ '
____________._._________________________________________________
      _    _ .   _ .
   .                 _

         _'
               _
                -


 .
ftable 1107:
ftable 1107:	64 points, scalemax 0.000
ftable 1130:
ftable 1130:	128 points, scalemax 1155.000
                             ___________________________________
'''''''''''''''''''''''''''''
ftable 1131:
ftable 1131:	64 points, scalemax 62.000
                      _
                     _
                   _-
                 _.
               _-
            ..'
         _-'
      _.'
     .
 _.-'
________________________________________________________________
ftable 1132:
ftable 1132:	64 points, scalemax 45.000
               _
                  -

                     -


      _'
           '  -
     _    -

________________________________________________________________
             _      '
                   .
        -
    .
   -

  _             _
            -
         .
                      '
ftable 1133:
ftable 1133:	64 points, scalemax 0.000
ftable 1156:
ftable 1156:	128 points, scalemax 1176.000
                                     ___________________________
'''''''''''''''''''''''''''''''''''''
ftable 1157:
ftable 1157:	64 points, scalemax 74.000
                 _
              _.-
          _.-'
      _.-'
   _.'
 -'




________________________________________________________________
ftable 1158:
ftable 1158:	64 points, scalemax 9.000
    _


              '


   .            .
        .
         _     _
       _   __
________________________________________________________________


 '    '          '
             -




     _
ftable 1159:
ftable 1159:	64 points, scalemax 1.000
 _________________









________________________________________________________________
ftable 1177:
ftable 1177:	128 points, scalemax 1191.000
                            ____________________________________
''''''''''''''''''''''''''''
ftable 1178:
ftable 1178:	64 points, scalemax 58.000
           _
          .
        .'
      .'
    .'
  .'
 '



________________________________________________________________
ftable 1179:
ftable 1179:	64 points, scalemax 8.000
        -
         .
      _




________________________________________________________________






           '
  -
     . .
    _
ftable 1180:
ftable 1180:	64 points, scalemax 1.000
 ___________









________________________________________________________________
ftable 1192:
ftable 1192:	128 points, scalemax 1211.000
                           _____________________________________
'''''''''''''''''''''''''''
ftable 1193:
ftable 1193:	64 points, scalemax 55.000
                _
              .-
           _-'
        _.'
     _.-
   .-
 .-



________________________________________________________________
ftable 1194:
ftable 1194:	64 points, scalemax 6.000
 _

   .

                -
      _     _

  .  . .   .  .

         -     -
________________________________________________________________









        _
ftable 1195:
ftable 1195:	64 points, scalemax 1.000
 ________________









________________________________________________________________
ftable 605:
deferred alloc for samples/FingerP/c1.aif
audio sr = 44100, monaural
opening AIFF infile samples/FingerP/c1.aif
  defer length 356745
ftable 605:	356745 points, scalemax 1.000
       _

    '     _
__-______.__..___-__'__-__._________.__.________________________________________
'    -        .   -  .  _  .  ''  '  '  -  -  '                     '

 _      -  -
ftable 606:
deferred alloc for samples/FingerP/e1.aif
audio sr = 44100, monaural
opening AIFF infile samples/FingerP/e1.aif
  defer length 261152
ftable 606:	261152 points, scalemax 1.000
    '-           -.
   -  '_        .  _      __
________.________________'__-._______.--_____.--.________________...____________
         -_    '    .         '-.__.'    '-'      ''-..-''   ''       '''    '
           -..-      ._'

  '





 -
ftable 607:
deferred alloc for samples/FingerP/g1.aif
audio sr = 44100, monaural
opening AIFF infile samples/FingerP/g1.aif
  defer length 246401
ftable 607:	246401 points, scalemax 1.000
    '

           -

  .      '      - '    . _
      .                       ' .    - _    .      _
______________-______-______'______'______-___'__-___-__-_'_.__._.______________
             '     ..     -.     -.     -.   _ '-   _ '- _ . '' - ' '' ' '   '
     .      '           .    _ -    . '    -      '
          _      '    -
               '
   -    .

 _
ftable 608:
deferred alloc for samples/FingerP/a1.aif
audio sr = 44100, monaural
opening AIFF infile samples/FingerP/a1.aif
  defer length 223941
ftable 608:	223941 points, scalemax 1.000
                  _ _ _ _ . . . . . . . . . . _ _ _ _ _ _ _ _
________._._-_'_'_____________________________________________'_'_'_'_._________
  - '                                                        _ _ _ _ . - ' ' '
   '                             _ _ _ . . - - - - - ' ' ' '
     ' . _ _ _ _ _ . . - - ' ' '
ftable 609:
deferred alloc for samples/FingerP/c2.aif
audio sr = 44100, monaural
opening AIFF infile samples/FingerP/c2.aif
  defer length 214688
ftable 609:	214688 points, scalemax 1.000
  _-''.
 .     '
        '_
          _
           _
            .
             .                                     ___......___
______________-______________________________.--'''____________'''-..___________
'              '_                     _..-'                              '''''
                 -               __.-'
                  '-_       __.-'
                     ''---''
ftable 610:
deferred alloc for samples/FingerP/d2.aif
audio sr = 44100, monaural
opening AIFF infile samples/FingerP/d2.aif
  defer length 220161
ftable 610:	220161 points, scalemax 1.000
   _


          .
     _         _
        .        _    .
                           - _    _
            '       -   .       _      - .  _ .    .
___________________.________________'___________..___'__'_'__._'_.__-_._________
'-                       ._          '_   _'      _   --   .  . _  - . '' ' '
             ''               .  . _    .    - '    '    '
  -               _  '      -
         '      -      '
           _
    _ '
ftable 611:
deferred alloc for samples/FingerP/f2.aif
audio sr = 44100, monaural
opening AIFF infile samples/FingerP/f2.aif
  defer length 220029
ftable 611:	220029 points, scalemax 1.000
  '


         . _

       -          - -
    .        _  -     .    - ' .      . _
_____.___________________'_______.__'_____-__._-_'_'_.__._-_-_-______._.________
                       --       .  .     _ -  . _ _ . '' - . . - '' - - - '  '
            .  _     .    . _ -      ' -
   '             _ .
      _   -
        _
 '
ftable 612:
deferred alloc for samples/FingerP/g2.aif
audio sr = 44100, monaural
opening AIFF infile samples/FingerP/g2.aif
  defer length 224672
ftable 612:	224672 points, scalemax 1.000
   '

    .   .   .
       '        '   .
           _            '   -   _
_____________________.___.___-___-__'-__--__--__..__..__..___.__________________
         _   -     -   .   .   _  _.  ..  ..  -.  --  --  '-  '-  ''  ''
     _                _   .   '
                  -
 '            '
          '
      -

  '
ftable 613:
deferred alloc for samples/FingerP/a2.aif
audio sr = 44100, monaural
opening AIFF infile samples/FingerP/a2.aif
  defer length 219635
ftable 613:	219635 points, scalemax 1.000
 -
       .

      _       _
             '      .
        '          _ -    _-      _
____________'_______________'____'_.____-'_____.-_____..______._________________
'    '         '  .   .  '   . _    ._.    -.-    ---    '--'   ''''    '''
           _           _.     -
  .             .-
    _    -
          '


   '
ftable 614:
deferred alloc for samples/FingerP/c3.aif
audio sr = 44100, monaural
opening AIFF infile samples/FingerP/c3.aif
  defer length 237921
ftable 614:	237921 points, scalemax 1.000
 __


       '
      '     -_    _
___________._____._-___.-.___.._____._____._____________________________________
'    .  '     . .   ._-   -.'   --'   '-'   '''   '''   '''    '''   '''   '''
          -    -
         '
   _.
ftable 615:
deferred alloc for samples/FingerP/d3.aif
audio sr = 44100, monaural
opening AIFF infile samples/FingerP/d3.aif
  defer length 237736
ftable 615:	237736 points, scalemax 1.000
 -

  _

          _
         '
           _      ._
        '        .         ._
___.________________'_____'__._____.--.______.._________________________________
            _   '    .   '    -__.'    '-.-'    ''--'     '''''     ''''    '
       '              ..'
             _ '
              '
    - -

     '
ftable 616:
deferred alloc for samples/FingerP/e3.aif
audio sr = 44100, monaural
opening AIFF infile samples/FingerP/e3.aif
  defer length 241969
ftable 616:	241969 points, scalemax 1.000
    -
       -
 '        .
             .
                -  .
______________________'__-__.____.______________________________________________
   '       -  -  -  -. .' .  -  - '' '' '  ' '' '  ' '' '  ' '' '  ' '' '
        '      .  '
      .  .  '
     '


  _
ftable 617:
deferred alloc for samples/FingerP/g3.aif
audio sr = 44100, monaural
opening AIFF infile samples/FingerP/g3.aif
  defer length 176136
ftable 617:	176136 points, scalemax 1.000
  -

      .
           _
 '     '
               .'   _
___-______._'________'___'.___-____.____._______________________________________
                 ' .  - '  ..   --   --   ''   ''   ''   ''   '''  '''  '''   '
        -    __   .    '

     -   .
    _
ftable 618:
deferred alloc for samples/FingerP/a3.aif
audio sr = 44100, monaural
opening AIFF infile samples/FingerP/a3.aif
  defer length 175146
ftable 618:	175146 points, scalemax 1.000
    _
     '
      .
   '
       .
                -''.
________.______-____'_________.--.._____________________________________________
'             .       -_  _-'       '''--''''         '''''''''          '''
  '      -              ''
          .  '
           -'


 .
ftable 619:
deferred alloc for samples/FingerP/c4.aif
audio sr = 44100, monaural
opening AIFF infile samples/FingerP/c4.aif
  defer length 175595
ftable 619:	175595 points, scalemax 1.000
______________________...------.....____________________________________________
'              _.-''                     '''''''''''''''''                '''' '
            _-'
          .'
       _-'
      .
    _'
   .
  .
 -
ftable 620:
deferred alloc for samples/FingerP/d4.aif
audio sr = 44100, monaural
opening AIFF infile samples/FingerP/d4.aif
  defer length 162731
ftable 620:	162731 points, scalemax 1.000
 .
      . .
          _
    '          _ _
____________.._____-__._-_._____________________________________________________
' .        _  _   _ -' - - '  ' ' '' ' '  ' ' '' ' '  ' '  ' '  ' ' '' ' '' '
   -            -
         .
     _ _
ftable 621:
deferred alloc for samples/FingerP/e4.aif
audio sr = 44100, monaural
opening AIFF infile samples/FingerP/e4.aif
  defer length 132080
ftable 621:	132080 points, scalemax 1.000
  _

    _  _
 .   _    '  _
                .
___________________-_-__-__.____________________________________________________
           _   -    _  . '' -  - '' '  ' '' '  ' '' ' '' '  ' '' ' '' '  ' '  '
            - '  '
         _

      -

   .
ftable 622:
deferred alloc for samples/FingerP/f4.aif
audio sr = 44100, monaural
opening AIFF infile samples/FingerP/f4.aif
  defer length 140755
ftable 622:	140755 points, scalemax 1.000
    _.._
        '.
   '      '-.
_____________'--..______________________________________________________________
                     ''''''''''''''''''''''


 .
ftable 623:
deferred alloc for samples/FingerP/g4.aif
audio sr = 44100, monaural
opening AIFF infile samples/FingerP/g4.aif
  defer length 131115
ftable 623:	131115 points, scalemax 1.000
   -

 '   '

          . -
       _      -    _
________.________-___'_.__-_-______.____________________________________________
               .'     .  - . - '' - ' '' ' '  ' ' '  ' ' '' ' ' '' ' '  ' ' '' '
         _        ' '
      .    _ '


    .

  '
ftable 624:
deferred alloc for samples/FingerP/c5.aif
audio sr = 44100, monaural
opening AIFF infile samples/FingerP/c5.aif
  defer length 114621
ftable 624:	114621 points, scalemax 1.000
 .

  '
   '_
     _
      -
       '-_
          '-.__
_______________''-----......____________________________________________________
                                       '''''''''''''''''''''
ftable 625:
deferred alloc for samples/FingerP/d5.aif
audio sr = 44100, monaural
opening AIFF infile samples/FingerP/d5.aif
  defer length 113135
ftable 625:	113135 points, scalemax 1.000
   .
    '

          -
     _   ' _    _
_______________._'____..._______________________________________________________
'           _      ..'   '--'   ''''   ''''    '''    ''''    ''''    ''   ''
  .     -    _'
      .
       _




 .
ftable 626:
deferred alloc for samples/FingerP/f5.aif
audio sr = 44100, monaural
opening AIFF infile samples/FingerP/f5.aif
  defer length 87700
ftable 626:	87700 points, scalemax 1.000
 '

    .

         _
      .
            . -
_______-___._____'_-__-_.__.____________________________________________________
               .-   '- . '' - '' ' '  ' ' '' ' ' '' ' '  ' ' '  ' ' '  ' ' '
   _         _    '
        . '
  _

     '
ftable 627:
deferred alloc for samples/FingerP/g5.aif
audio sr = 44100, monaural
opening AIFF infile samples/FingerP/g5.aif
  defer length 70247
ftable 627:	70247 points, scalemax 1.000
    -


 _'    ' _  _

_______________'_'__-__.________________________________________________________
      .   '        . -' -  -  ' '' '' '' '' '  '  '  '  '  ' '' '' '' '' '
           . -  '
     .
        -


   '
ftable 628:
deferred alloc for samples/FingerP/a5.aif
audio sr = 44100, monaural
opening AIFF infile samples/FingerP/a5.aif
  defer length 79161
ftable 628:	79161 points, scalemax 1.000
  _


   .  -

       -  '_
______________''___-___.________________________________________________________
'            _  -.  '-'  ''   ''  '''  ''   ''   ''  '''  '''  ''   ''
         -  '
     .  .

    -

 .
ftable 629:
deferred alloc for samples/FingerP/c6.aif
audio sr = 44100, monaural
opening AIFF infile samples/FingerP/c6.aif
  defer length 48322
ftable 629:	48322 points, scalemax 1.000
  .



     '    _
       '
             - .  _
____'___.___________-__-_.__._._________________________________________________
            '   '.   '- . '' - '  ' ' '' ' ' '' ' ' '' ' ' '' ' ' '' ' ' '  ' '
           _  _    '
 '       .


      '
   '
ftable 1003:
deferred alloc for samples/Baritone Guitar/H1B-19b.wav
audio sr = 44100, monaural
opening WAV infile samples/Baritone Guitar/H1B-19b.wav
  defer length 1497578
ftable 1003:	1497578 points, scalemax 1.000
   -
     '-      .
           _   .
____'_______-_-_____-_...._._.._________________________________________________
        . '      - -            ''-----'         '''''''               ''''''
         -
       '
  -
 _
ftable 1004:
deferred alloc for samples/Baritone Guitar/H2C#-6.wav
audio sr = 44100, monaural
opening WAV infile samples/Baritone Guitar/H2C#-6.wav
  defer length 1671708
ftable 1004:	1671708 points, scalemax 1.000
  _
___._.__-____-_____-.___________.______.________________________________________
 _    -     '   - '  .      .  ' ''-  ' '- '   '' '' '' ''' '' '' '' '' ''' '  '
       '   '
    -
ftable 1005:
deferred alloc for samples/Baritone Guitar/H2D#-6.wav
audio sr = 44100, monaural
opening WAV infile samples/Baritone Guitar/H2D#-6.wav
  defer length 1454044
ftable 1005:	1454044 points, scalemax 1.000
       _
______-_-_____.___..____________________________________________________________
     '    __-   '    --'   '   '-'    '  '''    '' '''   ''' '''   ''' '''   ''
   -
  '
ftable 1006:
deferred alloc for samples/Baritone Guitar/H2E-15.wav
audio sr = 44100, monaural
opening WAV infile samples/Baritone Guitar/H2E-15.wav
  defer length 1458644
ftable 1006:	1458644 points, scalemax 1.000
      _ '
_____'_________.__._______.__.__________________________________________________
 _ _     _ --'_    .' ''    ' ' '- ''''' '' '''   '' ''' ' '  ''' ''' '''  ''  '
  .

    _
ftable 1007:
deferred alloc for samples/Baritone Guitar/H2F#-2.wav
audio sr = 44100, monaural
opening WAV infile samples/Baritone Guitar/H2F#-2.wav
  defer length 2087329
ftable 1007:	2087329 points, scalemax 1.000
   -_
_'______.__.___-________________________________________________________________
       - '' ''' -'  '-  '''  '''  ' '  ' '  ' '  ' ' '  ' ' ' '' ' '' '   ''
  .
ftable 1008:
deferred alloc for samples/Baritone Guitar/H2G#-7.wav
audio sr = 44100, monaural
opening WAV infile samples/Baritone Guitar/H2G#-7.wav
  defer length 1832292
ftable 1008:	1832292 points, scalemax 1.000
    _

__-______._'___.'__.______.__.__________________________________________________
     _    - ''-  _'   - '' -' '  '    ' '' '' '' '' '  ' '' '  '  '  ' ''  ' ''
   -
ftable 1009:
deferred alloc for samples/Baritone Guitar/H2A-8.wav
audio sr = 44100, monaural
opening WAV infile samples/Baritone Guitar/H2A-8.wav
  defer length 1083350
ftable 1009:	1083350 points, scalemax 1.000
   .
            .
_.-____''_______..___-__________________________________________________________
      .   '' '.-  -   --'' '  '' ' '  '''  ''   '' ' '  '    '    ''   '''  ' '
         -
ftable 1010:
deferred alloc for samples/Baritone Guitar/H2B+3.wav
audio sr = 44100, monaural
opening WAV infile samples/Baritone Guitar/H2B+3.wav
  defer length 1178862
ftable 1010:	1178862 points, scalemax 1.000
  .

_________.__.._.._._.__.________________________________________________________
 -     _.  '             '  '  '' ''  '' '' '' ''  '  '  '' '' ''  '  '  '  '  '
   .-''
ftable 1011:
deferred alloc for samples/Baritone Guitar/H3C#-4.wav
audio sr = 44100, monaural
opening WAV infile samples/Baritone Guitar/H3C#-4.wav
  defer length 1498916
ftable 1011:	1498916 points, scalemax 1.000
____-______''___________________________________________________________________
 -   '-- ._  ' '  -' '' '''' '' '''' '' '' '  ' '  '  ' '  ' '  ' '  ' '' '  ' '
  .'
ftable 1012:
deferred alloc for samples/Baritone Guitar/H3D-12.wav
audio sr = 44100, monaural
opening WAV infile samples/Baritone Guitar/H3D-12.wav
  defer length 1186098
ftable 1012:	1186098 points, scalemax 1.000
   _
    - -  .
__'________.__.-_..______.______________________________________________________
 '      - . '         '-   '    ''''''''  '''    '''''''''''''''''''''''''''''''
     . -     -
ftable 1013:
deferred alloc for samples/Baritone Guitar/H3E-11.wav
audio sr = 44100, monaural
opening WAV infile samples/Baritone Guitar/H3E-11.wav
  defer length 1007941
ftable 1013:	1007941 points, scalemax 1.000
______._-____.______.___________________________________________________________
   ..-   '. -  ' '   ''' '''  ''   '  '''  ''  '  ''  ''  ''  '' ''  ''  '  ''
 .'
ftable 1014:
deferred alloc for samples/Baritone Guitar/H3F#-5.wav
audio sr = 44100, monaural
opening WAV infile samples/Baritone Guitar/H3F#-5.wav
  defer length 673191
ftable 1014:	673191 points, scalemax 1.000
 .'
____-____-_-_._____.____________________________________________________________
      _'  . _  .'-    '   '-    '  ' ''    '  ' '' '  ' '' '' '  ' ''  ' '' '  '
        _
   _ '
ftable 1015:
deferred alloc for samples/Baritone Guitar/H3G#-6.wav
audio sr = 44100, monaural
opening WAV infile samples/Baritone Guitar/H3G#-6.wav
  defer length 743625
ftable 1015:	743625 points, scalemax 1.000
   _
    __
____________'___________________________________________________________________
 '    -  -_- ''''-'   ' '''  '''  '''   '' ''      '  '  '  ' '' '  ' '  ' '
  .    -
ftable 1016:
deferred alloc for samples/Baritone Guitar/H3A#+2.wav
audio sr = 44100, monaural
opening WAV infile samples/Baritone Guitar/H3A#+2.wav
  defer length 834371
ftable 1016:	834371 points, scalemax 1.000
 _

___-_.__._______________________________________________________________________
      '   '-  ''  ''   ''  ''  '''  ''   ''  '''   ''   '''   '''    ' '
  - .
ftable 1017:
deferred alloc for samples/Baritone Guitar/H3B-16.wav
audio sr = 44100, monaural
opening WAV infile samples/Baritone Guitar/H3B-16.wav
  defer length 551091
ftable 1017:	551091 points, scalemax 1.000
  .



___._________-___-___.__________________________________________________________
    '''' '-'  ''  ' '  ''  '   ' '   '  '''   '' ' ''  '''   ''   ''    '    '''
ftable 1018:
deferred alloc for samples/Baritone Guitar/H4C#+3.wav
audio sr = 44100, monaural
opening WAV infile samples/Baritone Guitar/H4C#+3.wav
  defer length 746972
ftable 1018:	746972 points, scalemax 1.000
_________.___-__._______________________________________________________________
  . . _-. . '  '   ' ' ' ' ' ''' ' '' '''' '' '  ''  '  ''     '   ' '   '   '
 .   .
ftable 1019:
deferred alloc for samples/Baritone Guitar/H4D#+0.wav
audio sr = 44100, monaural
opening WAV infile samples/Baritone Guitar/H4D#+0.wav
  defer length 600585
ftable 1019:	600585 points, scalemax 1.000
       .
        -
___________-___.________________________________________________________________
      .  '' '-   ---''      ''''    '''''''''''''                   '     '  ' '
  '-
    _
 '   '
ftable 1020:
deferred alloc for samples/Baritone Guitar/H4F+24.wav
audio sr = 44100, monaural
opening WAV infile samples/Baritone Guitar/H4F+24.wav
  defer length 506714
ftable 1020:	506714 points, scalemax 1.000
        .'
__________-__.._____..__._______________________________________________________
 - '-__'   _.  -.-''   '  -''''   '''     '''    '''    ''''    ''''    ''''
ftable 1021:
deferred alloc for samples/Baritone Guitar/H4G+5.wav
audio sr = 44100, monaural
opening WAV infile samples/Baritone Guitar/H4G+5.wav
  defer length 677503
ftable 1021:	677503 points, scalemax 1.000
     .
_______'___.____________________________________________________________________
   -. -  '  . -  ' ' '' ' ' '' ' ' ' '' ' ' ' ''' ' ' ' ' ' ' ' '   ' ' '
  -
ftable 1022:
deferred alloc for samples/Baritone Guitar/H4A-5.wav
audio sr = 44100, monaural
opening WAV infile samples/Baritone Guitar/H4A-5.wav
  defer length 531711
ftable 1022:	531711 points, scalemax 1.000
     -
            _
____.______________.____________________________________________________________
  .-   ---.   '''--     '-'     ''''''    ''''     '''''    ''''     '' ''    ''
      -
ftable 1023:
deferred alloc for samples/Baritone Guitar/H4B+3.wav
audio sr = 44100, monaural
opening WAV infile samples/Baritone Guitar/H4B+3.wav
  defer length 516910
ftable 1023:	516910 points, scalemax 1.000
      .

________-______._._._._.________________________________________________________
 _' _. _ ' _ -  '   - - - ' ' '  ' ' ' ' ' ' ' ' ' ' ' ' ' ' ' ' ' ' ' ' '   '
   '
ftable 1024:
deferred alloc for samples/Baritone Guitar/H5C#+0.wav
audio sr = 44100, monaural
opening WAV infile samples/Baritone Guitar/H5C#+0.wav
  defer length 511190
ftable 1024:	511190 points, scalemax 1.000
    -

         -
___________.__-_________________________________________________________________
   - .' _ - '. -  -  -  '  '  '  '  ' '' '' '' '  '' '' '' ''  '' ''  '     ''
       '

  _
ftable 1025:
deferred alloc for samples/Baritone Guitar/H5D#+0.wav
audio sr = 44100, monaural
opening WAV infile samples/Baritone Guitar/H5D#+0.wav
  defer length 438941
ftable 1025:	438941 points, scalemax 1.000
 _




   -
        -
______'____-_'__._.__._.________________________________________________________
          ' . .' . '' - '' ' '' ' '' ' '' '  ' '  ' '' '  ' '  '  ' '  ' '   '
  -    ' '
    '
ftable 1026:
deferred alloc for samples/Baritone Guitar/H5F+0.wav
audio sr = 44100, monaural
opening WAV infile samples/Baritone Guitar/H5F+0.wav
  defer length 575653
ftable 1026:	575653 points, scalemax 1.000
________________________________________________________________________________
        __..-----''''''''''''''        '   ''' '''   ''  ''   ''   ''  '''  '''
    .--'
  .'
 -
ftable 1027:
deferred alloc for samples/Baritone Guitar/H5G+0.wav
audio sr = 44100, monaural
opening WAV infile samples/Baritone Guitar/H5G+0.wav
  defer length 485984
ftable 1027:	485984 points, scalemax 1.000
___''-..________________________________________________________________________
  '       '''-----''''''''''''''''''''''''''         ' ' '      '''' '         '
 '
ftable 1028:
deferred alloc for samples/Baritone Guitar/H5A-5.wav
audio sr = 44100, monaural
opening WAV infile samples/Baritone Guitar/H5A-5.wav
  defer length 248113
ftable 1028:	248113 points, scalemax 1.000
 _



  .
     _
__________._____________________________________________________________________
   .  ''-  .  '' ''  '  ''    ''  '''  ''   '   '        '   '''' '  ''' ' '   '
    _
ftable 1029:
deferred alloc for samples/Baritone Guitar/H5B+13.wav
audio sr = 44100, monaural
opening WAV infile samples/Baritone Guitar/H5B+13.wav
  defer length 498374
ftable 1029:	498374 points, scalemax 1.000
 _




  - -  - _
______________._._._____________________________________________________________
          .  ' - - ' '' ' '  ' '' ' '' '  ' ' ''  ''       '''    ''    '''
      - '
   _
ftable 1034:
deferred alloc for samples/ErnieBall-038/2Em9s.aif
audio sr = 44100, monaural
opening AIFF infile samples/ErnieBall-038/2Em9s.aif
  defer length 1247614
ftable 1034:	1247614 points, scalemax 1.000
 - -
__._--.__....___________________________________________________________________
'               '''   '''''     '''''         '''''      ''''''''    '''''
ftable 1035:
deferred alloc for samples/ErnieBall-038/2F#p0s.aif
audio sr = 44100, monaural
opening AIFF infile samples/ErnieBall-038/2F#p0s.aif
  defer length 1126736
ftable 1035:	1126736 points, scalemax 1.000
_.__.-__________________________________________________________________________
   .  .'---' -''       ' ' '         ' ' ' ' ' ' ' ' ' ' '               '''''''
  '
ftable 1036:
deferred alloc for samples/ErnieBall-038/2G#m3.aif
audio sr = 44100, monaural
opening AIFF infile samples/ErnieBall-038/2G#m3.aif
  defer length 1188078
ftable 1036:	1188078 points, scalemax 1.000
____.__.________________________________________________________________________
      . '-   '''''  '  ''  ' '''     ' ''  '''''  ''''  '' ''  ' ''     ''    ''
ftable 1037:
deferred alloc for samples/ErnieBall-030/2Am4.aif
audio sr = 44100, monaural
opening AIFF infile samples/ErnieBall-030/2Am4.aif
  defer length 678040
ftable 1037:	678040 points, scalemax 1.000
_.__..._________________________________________________________________________
' -'   -   -' '' ' '     '''''''''''           ''''''''            '''''''''''''
ftable 1038:
deferred alloc for samples/ErnieBall-030/2Bm3.aif
audio sr = 44100, monaural
opening AIFF infile samples/ErnieBall-030/2Bm3.aif
  defer length 1145987
ftable 1038:	1145987 points, scalemax 1.000
      _
___.___._.______________________________________________________________________
 -_        '      '    ''                  '''''''''''''''''''''''''      ''''''
    '
ftable 1039:
deferred alloc for samples/ErnieBall-030/3C#m10s.aif
audio sr = 44100, monaural
opening AIFF infile samples/ErnieBall-030/3C#m10s.aif
  defer length 930162
ftable 1039:	930162 points, scalemax 1.000
        _
_____'_____-__._________._______________________________________________________
 '     .  .  -  ' ''' ''  '  '' ''  '  '  '' ''  '' '' ''  '' ''  '  '' ''  '' '
   '-
ftable 1040:
deferred alloc for samples/ErnieBall-022/3Dm3.aif
audio sr = 44100, monaural
opening AIFF infile samples/ErnieBall-022/3Dm3.aif
  defer length 864021
ftable 1040:	864021 points, scalemax 1.000
_._-_-__________________________________________________________________________
  '    '   '-  '' '  ''  ' ''   ' ''   ' '''  ' ''     ''     ''     '''    '''
    '
ftable 1041:
deferred alloc for samples/ErnieBall-022/3Em4.aif
audio sr = 44100, monaural
opening AIFF infile samples/ErnieBall-022/3Em4.aif
  defer length 839425
ftable 1041:	839425 points, scalemax 1.000
_'____-.________________________________________________________________________
    .   ''''''  ''     '''''   ''      '''''''  ''       ''''''            ''''
ftable 1042:
deferred alloc for samples/ErnieBall-022/3F#m4.aif
audio sr = 44100, monaural
opening AIFF infile samples/ErnieBall-022/3F#m4.aif
  defer length 783227
ftable 1042:	783227 points, scalemax 1.000
_______-._______________________________________________________________________
  ''--'    '' -' '    ''''    ' ''''    '''''    '''''    ''''    '''''    ''''
 -
ftable 1043:
deferred alloc for samples/ErnieBall-014/3Gm6.aif
audio sr = 44100, monaural
opening AIFF infile samples/ErnieBall-014/3Gm6.aif
  defer length 566084
ftable 1043:	566084 points, scalemax 1.000
 '

______--_.__.___________________________________________________________________
  _' -  '  '  '    '  '  '  ''  '  '  '  ''' '' '  ' '''' '' ''  '' '' ''  '   '
ftable 1044:
deferred alloc for samples/ErnieBall-014/3Ap0.aif
audio sr = 44100, monaural
opening AIFF infile samples/ErnieBall-014/3Ap0.aif
  defer length 669258
ftable 1044:	669258 points, scalemax 1.000
________________________________________________________________________________
    '._  -' -' '  '       '  '' ' '  '  ' '' '  ' '' ' '' '' '' '  ' '' '  '  '
  ''
ftable 1045:
deferred alloc for samples/ErnieBall-011/3Bm5.aif
audio sr = 44100, monaural
opening AIFF infile samples/ErnieBall-011/3Bm5.aif
  defer length 397226
ftable 1045:	397226 points, scalemax 1.000
____''.____.____________________________________________________________________
'-'    '_-' '' . '    '      ' ''  '' ''  ''  '  '   ' ''  '' '' ''  '' '' ''
ftable 1046:
deferred alloc for samples/ErnieBall-011/4Cp1.aif
audio sr = 44100, monaural
opening AIFF infile samples/ErnieBall-011/4Cp1.aif
  defer length 432340
ftable 1046:	432340 points, scalemax 1.000
 _
____._____..____________________________________________________________________
  -  ''-'.      '' ''    ''  ''' '       '''''       '''''''''    '''''''''
   '
ftable 1047:
deferred alloc for samples/ErnieBall-011/4Dm2.aif
audio sr = 44100, monaural
opening AIFF infile samples/ErnieBall-011/4Dm2.aif
  defer length 439660
ftable 1047:	439660 points, scalemax 1.000
____-__-________________________________________________________________________
 ''     ''    -''          ' ' ''''' ' ' '    ' ''''''' ' ' ' ' ' ' ' ' ' ' '
   -
ftable 1048:
deferred alloc for samples/ErnieBall-011/4Em5.aif
audio sr = 44100, monaural
opening AIFF infile samples/ErnieBall-011/4Em5.aif
  defer length 454848
ftable 1048:	454848 points, scalemax 1.000
________________________________________________________________________________
 .-   -  ''  '' ''  '  '  '  ' '' '' ''  '  '  '  '  '  '' '' '' ''  '  '  '  '
ftable 1049:
deferred alloc for samples/ErnieBall-011/4F#m5.aif
audio sr = 44100, monaural
opening AIFF infile samples/ErnieBall-011/4F#m5.aif
  defer length 413046
ftable 1049:	413046 points, scalemax 1.000
_-.____.________________________________________________________________________
   _. '  '' ' '  ' ' '' ' '' ' '' '  ' '' '  ' '' '  ' '' '  ' ''    '' '
ftable 1050:
deferred alloc for samples/ErnieBall-011/4G#p0.aif
audio sr = 44100, monaural
opening AIFF infile samples/ErnieBall-011/4G#p0.aif
  defer length 356923
ftable 1050:	356923 points, scalemax 1.000
 '
___.________.___________________________________________________________________
  -  -''             ''''''''''''''''''''''''''''''''''''''''''''''''''''''''''
ftable 1051:
deferred alloc for samples/ErnieBall-011/4A#m2.aif
audio sr = 44100, monaural
opening AIFF infile samples/ErnieBall-011/4A#m2.aif
  defer length 357740
ftable 1051:	357740 points, scalemax 1.000
____.__-________________________________________________________________________
 --  _  -'-   '-   ''   ''   '   ''   ''   '''  '''  '''  '''   ''   '''  '''
   '
ftable 1052:
deferred alloc for samples/ErnieBall-011/5Cp0.aif
audio sr = 44100, monaural
opening AIFF infile samples/ErnieBall-011/5Cp0.aif
  defer length 301683
ftable 1052:	301683 points, scalemax 1.000
  -
_-____-_.___.___._______________________________________________________________
     - -   - ' - ' '   ' '' ''' ' ' '   '   '   '   '  '' ''  ''  '' ''' ''    '
    -
   -
ftable 1053:
deferred alloc for samples/ErnieBall-011/5Dp0.aif
audio sr = 44100, monaural
opening AIFF infile samples/ErnieBall-011/5Dp0.aif
  defer length 470310
ftable 1053:	470310 points, scalemax 1.000
 -
____..._._______________________________________________________________________
       -   -   '  '  ''  ''  '' ''' ''  ''  ''  ''    '    '  ''  '  ''
  _.
ftable 1054:
deferred alloc for samples/ErnieBall-011/5Ep0.aif
audio sr = 44100, monaural
opening AIFF infile samples/ErnieBall-011/5Ep0.aif
  defer length 354381
ftable 1054:	354381 points, scalemax 1.000
 _
____'-_____.____________________________________________________________________
  _-  _   -  ''  '   '  ''  '' ''  ''  '' ''  ''  '  ''  ''   '' ''  '''  ''
ftable 1055:
deferred alloc for samples/ErnieBall-011/5F#p2.aif
audio sr = 44100, monaural
opening AIFF infile samples/ErnieBall-011/5F#p2.aif
  defer length 289902
ftable 1055:	289902 points, scalemax 1.000
 .

__.__'_.___..___._______________________________________________________________
      - -'-  - ' ''''  ''   ''  ''''   ''''   ''''    ''''    '''    ''''
   _
ftable 1056:
deferred alloc for samples/ErnieBall-011/5G#m2.aif
audio sr = 44100, monaural
opening AIFF infile samples/ErnieBall-011/5G#m2.aif
  defer length 384931
ftable 1056:	384931 points, scalemax 1.000
__._._._._._____________________________________________________________________
 '   - - - - ' ' ' ' ' ' '  ' ' '' '  ' ' '  ' ' '  ' ' '' ' ' '  ' ' '  '
   '
ftable 1057:
deferred alloc for samples/ErnieBall-011/5A#m3.aif
audio sr = 44100, monaural
opening AIFF infile samples/ErnieBall-011/5A#m3.aif
  defer length 391479
ftable 1057:	391479 points, scalemax 1.000
    .
___-___.________________________________________________________________________
 _   -.  -' ''  ''  '  ''  ''  ''  ''  ''  ''  ''  '   ''  '   '   '  '
  -
ftable 1058:
deferred alloc for samples/ErnieBall-011/6Cp0.aif
audio sr = 44100, monaural
opening AIFF infile samples/ErnieBall-011/6Cp0.aif
  defer length 131944
ftable 1058:	131944 points, scalemax 1.000
  '  '
_-________'.____________________________________________________________________
   '.   '     .  '-' ''  ''''    ''''   ' ''' '   ' '''      ''' '   '  '' ''
      .' '
ftable 1059:
deferred alloc for samples/ErnieBall-011/6Dp1.aif
audio sr = 44100, monaural
opening AIFF infile samples/ErnieBall-011/6Dp1.aif
  defer length 192386
ftable 1059:	192386 points, scalemax 1.000
 '


________________________________________________________________________________
    -_''-'--''''            ''''''''''       '''''''   ' ' '    ' ' '   '     '
  _.
ftable 1060:
deferred alloc for samples/ErnieBall-011/6Em1.aif
audio sr = 44100, monaural
opening AIFF infile samples/ErnieBall-011/6Em1.aif
  defer length 200210
ftable 1060:	200210 points, scalemax 1.000
 _
____'___________________________________________________________________________
-  ' .' ''  '  ' '  ' ''  '  '  '  '  '  '' ''  '  '  '' '' '' ''  '  '      ' '
  '
ftable 1061:
deferred alloc for samples/ErnieBall-011/6F#p0.aif
audio sr = 44100, monaural
opening AIFF infile samples/ErnieBall-011/6F#p0.aif
  defer length 114778
ftable 1061:	114778 points, scalemax 1.000
 .


  _
     .
___-._._-__..____.______________________________________________________________
          _  -  -  - '  ' '' ' '' '' '' '  '   '''  ' '' '' '' '  '    '   '  '
       .
ftable 1062:
deferred alloc for samples/ErnieBall-011/6G#p0.aif
audio sr = 44100, monaural
opening AIFF infile samples/ErnieBall-011/6G#p0.aif
  defer length 136191
ftable 1062:	136191 points, scalemax 1.000
 -


________..._____________________________________________________________________
  _ '---      ''  '  '' '' '  ' '' '  ' '' '' ''  '  '' ''  '  ''            '
ftable 1063:
deferred alloc for samples/ErnieBall-008/6A#m13.aif
audio sr = 44100, monaural
opening AIFF infile samples/ErnieBall-008/6A#m13.aif
  defer length 175725
ftable 1063:	175725 points, scalemax 1.000
_____-__________________________________________________________________________
' ''   '''  ''  ''   '  ''  ''  '  ''  '  '' ''  ''  '  ''  ''  '       '      '
 '
ftable 1064:
deferred alloc for samples/ErnieBall-008/7Cm15.aif
audio sr = 44100, monaural
opening AIFF infile samples/ErnieBall-008/7Cm15.aif
  defer length 253945
ftable 1064:	253945 points, scalemax 1.000
 .
________________________________________________________________________________
  '_ '' ''''    ''''' '      ' ' ' '' ''  '''   '''    '    '  '        '
ftable 1065:
deferred alloc for samples/ErnieBall-008/7Dm29.aif
audio sr = 44100, monaural
opening AIFF infile samples/ErnieBall-008/7Dm29.aif
  defer length 178592
ftable 1065:	178592 points, scalemax 1.000
 _
__.___..________________________________________________________________________
   ..   - '  ' ' '' ' ' ' ' ' '' ' ' ' ' '' ' ' '  ' ' '  ' ' '  ' '' '  ''   '
ftable 1066:
deferred alloc for samples/ErnieBall-008/7F#m16.aif
audio sr = 44100, monaural
opening AIFF infile samples/ErnieBall-008/7F#m16.aif
  defer length 104164
ftable 1066:	104164 points, scalemax 1.000
.__'_.__________________________________________________________________________
 ._ - '  '' '' ''  '  ''' ''   ''  ''' ''    '  ' ''  '  '  '        ''       '
ftable 1067:
deferred alloc for samples/ErnieBall-008/7G#m47.aif
audio sr = 44100, monaural
opening AIFF infile samples/ErnieBall-008/7G#m47.aif
  defer length 33387
ftable 1067:	33387 points, scalemax 1.000
    _
-_______-___.__.________________________________________________________________
  '   '_  _  '- ''  '' '  '  '' '  '  ' ''  '  ' '' '  '  ' '' '' '  '  '

   _

 .
ftable 1068:
deferred alloc for samples/ErnieBall-008/7A#p28.aif
audio sr = 44100, monaural
opening AIFF infile samples/ErnieBall-008/7A#p28.aif
  defer length 43205
ftable 1068:	43205 points, scalemax 1.000
_'_-____________________________________________________________________________
    --   '''  '''  '''    ' '' '  ' '  ' '' '  ' '  '    '  '  ' '  '
ftable 1069:
deferred alloc for samples/ErnieBall-008/8Cm37.aif
audio sr = 44100, monaural
opening AIFF infile samples/ErnieBall-008/8Cm37.aif
  defer length 27143
ftable 1069:	27143 points, scalemax 1.000
   -
__-_'_'_.____.__________________________________________________________________
'-     _ -' ' '  ' ' '' '  ' '  ' '' '  '  ' ''        ''      ' ' '  '
ftable 1074:
deferred alloc for samples/LongString-024/String0Bp1.aif
audio sr = 44100, monaural
opening AIFF infile samples/LongString-024/String0Bp1.aif
  defer length 732285
ftable 1074:	732285 points, scalemax 1.000
  _
______-__.__.___________._______________________________________________________
   -   '- -. '-. ' ' ''' ' ' '''' ''  '  ''''' ' '      ' ''     '   ' '
 _
ftable 1075:
deferred alloc for samples/LongString-024/String1Cp1.aif
audio sr = 44100, monaural
opening AIFF infile samples/LongString-024/String1Cp1.aif
  defer length 532234
ftable 1075:	532234 points, scalemax 1.000
_-_____-________________________________________________________________________
   ' -' . '  '' ''' ''    ' '    '  ' ' '  ' ''    ''''''  '  ''''  '' ''      '
  ' '
ftable 1076:
deferred alloc for samples/LongString-024/String1Dm3.aif
audio sr = 44100, monaural
opening AIFF infile samples/LongString-024/String1Dm3.aif
  defer length 551691
ftable 1076:	551691 points, scalemax 1.000
_._______.______________________________________________________________________
  '  .' '     ''' ' ''   '' '  '' '     ''''  ' ''  '   '''' ' '  '' ' ''  ' '''
ftable 1077:
deferred alloc for samples/LongString-024/String1Em1.aif
audio sr = 44100, monaural
opening AIFF infile samples/LongString-024/String1Em1.aif
  defer length 617292
ftable 1077:	617292 points, scalemax 1.000
________________________________________________________________________________
 _  .-  ''  ''' '''' '''' '' ''   ''   '''  '''  ' '  '' ' ''''  ' ''   ''' '' '
ftable 1078:
deferred alloc for samples/LongString-024/String1Fp1.aif
audio sr = 44100, monaural
opening AIFF infile samples/LongString-024/String1Fp1.aif
  defer length 808688
ftable 1078:	808688 points, scalemax 1.000
_-_.__-___.___________._________________________________________________________
'    - - '  ' -' '''            '''''''''''''''''''''   '''  ''''      ''''
ftable 1079:
deferred alloc for samples/LongString-024/String1Gm2.aif
audio sr = 44100, monaural
opening AIFF infile samples/LongString-024/String1Gm2.aif
  defer length 612354
ftable 1079:	612354 points, scalemax 1.000
__'__.__________________________________________________________________________
 _ -   ' ''--''''''' ' ' '     ' ' '       ' ' ' ' ' ' ' '
ftable 1080:
deferred alloc for samples/LongString-024/String1Ap0.aif
audio sr = 44100, monaural
opening AIFF infile samples/LongString-024/String1Ap0.aif
  defer length 723635
ftable 1080:	723635 points, scalemax 1.000
__''___.__..____________________________________________________________________
'.  --  '   '- ' ' ' '  ' ''''''   ''''  '' '' ' ' ''   ' '''''  '''''   ''''
ftable 1081:
deferred alloc for samples/LongString-024/String1Bp0.aif
audio sr = 44100, monaural
opening AIFF infile samples/LongString-024/String1Bp0.aif
  defer length 709552
ftable 1081:	709552 points, scalemax 1.000
_'_-.___________________________________________________________________________
  -  ' '' ''    '-''''  ''   '' '  '''' '''    ''     '' ' ''   '  '''  '  ''  '
ftable 1082:
deferred alloc for samples/LongString-024/String2Cp0.aif
audio sr = 44100, monaural
opening AIFF infile samples/LongString-024/String2Cp0.aif
  defer length 804808
ftable 1082:	804808 points, scalemax 1.000
___.___.________________________________________________________________________
 -  -'.   '''''  '' '  '''   '  '' ''   '' ' ' '   ''  ' '''   ''  ' ' '  ''  '
ftable 1083:
deferred alloc for samples/LongString-024/String2Dp0.aif
audio sr = 44100, monaural
opening AIFF infile samples/LongString-024/String2Dp0.aif
  defer length 683838
ftable 1083:	683838 points, scalemax 1.000
____.-__._____._________________________________________________________________
 --.  _' '.    '  ''  -   ''  '''   '' ' '   ' ' ''  '''  '   ' ' ' '   ' ' ''
ftable 1084:
deferred alloc for samples/LongString-024/String2Ep0.aif
audio sr = 44100, monaural
opening AIFF infile samples/LongString-024/String2Ep0.aif
  defer length 619354
ftable 1084:	619354 points, scalemax 1.000
   _
__'___._-_______________________________________________________________________
       . .- ' ''''''       ' '' ''''''      '''''''''''' '      ' ' ' ''''' ' '
ftable 1085:
deferred alloc for samples/LongString-024/String2Fp2.aif
audio sr = 44100, monaural
opening AIFF infile samples/LongString-024/String2Fp2.aif
  defer length 887552
ftable 1085:	887552 points, scalemax 1.000
 .
_____.__________________________________________________________________________
   ..  '   '      '''''''   ''''''''' ''''''''''''''''''''''
ftable 1086:
deferred alloc for samples/LongString-024/String2Gp5.aif
audio sr = 44100, monaural
opening AIFF infile samples/LongString-024/String2Gp5.aif
  defer length 767767
ftable 1086:	767767 points, scalemax 1.000
   '
.___._____.-___.._.__.__________________________________________________________
 '   -' ''  -''    '    '  ' ' ''' '''' '   ''   ' ' '' ''''  ' '  ' '    '''
  -
ftable 1087:
deferred alloc for samples/LongString-024/String2Ap0.aif
audio sr = 44100, monaural
opening AIFF infile samples/LongString-024/String2Ap0.aif
  defer length 809278
ftable 1087:	809278 points, scalemax 1.000
__'_______-__.__________________________________________________________________
      - --    .'   '''  '''  ''''  '''  ' '  '    '    '   ''  '''  ''  '''  ''
 . .
ftable 1088:
deferred alloc for samples/LongString-024/String2Bp0.aif
audio sr = 44100, monaural
opening AIFF infile samples/LongString-024/String2Bp0.aif
  defer length 736605
ftable 1088:	736605 points, scalemax 1.000
________-__-_.___.______________________________________________________________
 ..  ''_ .'   '-'    ''-'' ' ' '  ''' ''' ''  '       ' ''  '  ''   '  ''   '
ftable 1089:
deferred alloc for samples/LongString-024/String3Cp0.aif
audio sr = 44100, monaural
opening AIFF infile samples/LongString-024/String3Cp0.aif
  defer length 692199
ftable 1089:	692199 points, scalemax 1.000
 -



    _
     _
_______-_____.__________________________________________________________________
  -   .  -''  ''''''' '' '''''''''''' '  ' '' '' '' '' '' ''  '  '  ' '' '' '' '
   '
ftable 1090:
deferred alloc for samples/LongString-024/String3Dp0.aif
audio sr = 44100, monaural
opening AIFF infile samples/LongString-024/String3Dp0.aif
  defer length 1055883
ftable 1090:	1055883 points, scalemax 1.000
_.-.____________________________________________________________________________
    _.  ''      '''  ''   ''''''  ''   '''        '''''''''              '''''''
ftable 1091:
deferred alloc for samples/LongString-024/String3Em2.aif
audio sr = 44100, monaural
opening AIFF infile samples/LongString-024/String3Em2.aif
  defer length 755504
ftable 1091:	755504 points, scalemax 1.000
   .-
_-______-___._____._____________________________________________________________
'    - . --. ' '   ''' '''   '   ''  ''  ''  ''  '''  ' ''' '''  '' ''' ''' '''
ftable 1092:
deferred alloc for samples/LongString-024/String3Fm5.aif
audio sr = 44100, monaural
opening AIFF infile samples/LongString-024/String3Fm5.aif
  defer length 661473
ftable 1092:	661473 points, scalemax 1.000
       -
____'.____-_______.__.__________________________________________________________
  -.  -  ' '--- -' '   ' ' '' ''    ' '' ''   '' '''  '' '' ' '  '' ' '' '' '  '
ftable 1093:
deferred alloc for samples/LongString-024/String3Gp0.aif
audio sr = 44100, monaural
opening AIFF infile samples/LongString-024/String3Gp0.aif
  defer length 501678
ftable 1093:	501678 points, scalemax 1.000
___-___'_.___.__________________________________________________________________
  - --. - '''  - ''  ' ''  ' ''  '' '''   '''  '   '''      '''   '  '''   ''''

 '
ftable 1094:
deferred alloc for samples/LongString-024/String3Ap1.aif
audio sr = 44100, monaural
opening AIFF infile samples/LongString-024/String3Ap1.aif
  defer length 651721
ftable 1094:	651721 points, scalemax 1.000
     _
_'_-___._____'_.__._______._____________________________________________________
        _.  .    - --'' '' '    '  ''''''  '    '  ' '  ' ' ''   ''   ' '' ' '
  ' ' .
ftable 1095:
deferred alloc for samples/LongString-024/String3Bm1.aif
audio sr = 44100, monaural
opening AIFF infile samples/LongString-024/String3Bm1.aif
  defer length 719047
ftable 1095:	719047 points, scalemax 1.000
 -
   .
____-______.____________________________________________________________________
     -  '    ' -'' ''   ' ' '  ''  ''  '   '   '' ''  '' ''' ''  ''  '  ''  '
ftable 1096:
deferred alloc for samples/LongString-024/String4Cm1.aif
audio sr = 44100, monaural
opening AIFF infile samples/LongString-024/String4Cm1.aif
  defer length 364813
ftable 1096:	364813 points, scalemax 1.000
     _        _
_..-__._____''______________________..__________________________________________
    '  ---'-     --- ''---''   '''     ''''  ''''    '''  ''''     '''   ''''
ftable 1097:
deferred alloc for samples/LongString-024/String4Dp0.aif
audio sr = 44100, monaural
opening AIFF infile samples/LongString-024/String4Dp0.aif
  defer length 510160
ftable 1097:	510160 points, scalemax 1.000
________.__.____________________________________________________________________
    -- '      -'' ''   ' '''' '   '''' '      ''' '    ' ' '  ' ' ' '' ' ' '' '
 ' '
ftable 1098:
deferred alloc for samples/LongString-024/String4Ep0.aif
audio sr = 44100, monaural
opening AIFF infile samples/LongString-024/String4Ep0.aif
  defer length 449424
ftable 1098:	449424 points, scalemax 1.000
 '..
____..._.__.._..________________________________________________________________
       '            ' ''                         ''''''''''''''''
ftable 1099:
deferred alloc for samples/LongString-024/String4Fm5.aif
audio sr = 44100, monaural
opening AIFF infile samples/LongString-024/String4Fm5.aif
  defer length 350350
ftable 1099:	350350 points, scalemax 1.000
  --
_.___-.___.______.______________________________________________________________
       -'' _   -  -   -  ' ' ' ''  ' ''' '  '' '  '' ''  ' ''  ' ''  '  '  '
    .
ftable 1100:
deferred alloc for samples/LongString-024/String4Gm5.aif
audio sr = 44100, monaural
opening AIFF infile samples/LongString-024/String4Gm5.aif
  defer length 302646
ftable 1100:	302646 points, scalemax 1.000
__.'____-__._._._._._.__________________________________________________________
    '''-  . - ' . - ' - ' ' '' ' ' ' ' ' ' ' ' '  ' ' ' ' ' ' ' ' ' ' '  ' ' '

 -
ftable 1101:
deferred alloc for samples/LongString-024/String4Ap0.aif
audio sr = 44100, monaural
opening AIFF infile samples/LongString-024/String4Ap0.aif
  defer length 254204
ftable 1101:	254204 points, scalemax 1.000
 -

   '- _          _
-________-__._-.____-_.__.______________________________________________________
  '    '  .- .  '       ' '' '''' '' ''   '' '' '''  '' ''  ''  '' ''  ''  ''
     -  -
ftable 1102:
deferred alloc for samples/LongString-024/String4Bp3.aif
audio sr = 44100, monaural
opening AIFF infile samples/LongString-024/String4Bp3.aif
  defer length 195044
ftable 1102:	195044 points, scalemax 1.000
   .   _
______'_____________.___.___.___________________________________________________
  - -   -_  '     -'  -' '-  '-  ''  ''  ' ''  '' ''  ''  ''  ''  '  ' ''' ''
     '

 '
ftable 1103:
deferred alloc for samples/LongString-024/String5Cm3.aif
audio sr = 44100, monaural
opening AIFF infile samples/LongString-024/String5Cm3.aif
  defer length 462234
ftable 1103:	462234 points, scalemax 1.000
 '
   __
__._____'_____._..__.___________________________________________________________
     '.- '.'-     '                         '''''''     '''    ' ' '''  '' '
ftable 1108:
deferred alloc for samples/Strings/String3D#m49.aif
soundin cannot open samples/Strings/String3D#m49.aif: No Error.ftable 1108: Failed to open file samples/Strings/String3D#m49.aif
f1108     0.00     0.00     1.00  "samples/Strings/String3D#m49.aif" ...
ftable 1109:
deferred alloc for samples/Strings/String3Fm44.aif
soundin cannot open samples/Strings/String3Fm44.aif: No Error.ftable 1109: Failed to open file samples/Strings/String3Fm44.aif
f1109     0.00     0.00     1.00  "samples/Strings/String3Fm44.aif" ...
ftable 1110:
deferred alloc for samples/Strings/String3G#m9.aif
soundin cannot open samples/Strings/String3G#m9.aif: No Error.ftable 1110: Failed to open file samples/Strings/String3G#m9.aif
f1110     0.00     0.00     1.00  "samples/Strings/String3G#m9.aif" ...
ftable 1111:
deferred alloc for samples/Strings/String3Ap23.aif
soundin cannot open samples/Strings/String3Ap23.aif: No Error.ftable 1111: Failed to open file samples/Strings/String3Ap23.aif
f1111     0.00     0.00     1.00  "samples/Strings/String3Ap23.aif" ...
ftable 1112:
deferred alloc for samples/Strings/String3A#p22.aif
soundin cannot open samples/Strings/String3A#p22.aif: No Error.ftable 1112: Failed to open file samples/Strings/String3A#p22.aif
f1112     0.00     0.00     1.00  "samples/Strings/String3A#p22.aif" ...
ftable 1113:
deferred alloc for samples/Strings/String3Bm5.aif
soundin cannot open samples/Strings/String3Bm5.aif: No Error.ftable 1113: Failed to open file samples/Strings/String3Bm5.aif
f1113     0.00     0.00     1.00  "samples/Strings/String3Bm5.aif" ...
ftable 1114:
deferred alloc for samples/Strings/String4Cp16.aif
soundin cannot open samples/Strings/String4Cp16.aif: No Error.ftable 1114: Failed to open file samples/Strings/String4Cp16.aif
f1114     0.00     0.00     1.00  "samples/Strings/String4Cp16.aif" ...
ftable 1115:
deferred alloc for samples/Strings/String4C#p10.aif
soundin cannot open samples/Strings/String4C#p10.aif: No Error.ftable 1115: Failed to open file samples/Strings/String4C#p10.aif
f1115     0.00     0.00     1.00  "samples/Strings/String4C#p10.aif" ...
ftable 1116:
deferred alloc for samples/Strings/String4Dm22.aif
soundin cannot open samples/Strings/String4Dm22.aif: No Error.ftable 1116: Failed to open file samples/Strings/String4Dm22.aif
f1116     0.00     0.00     1.00  "samples/Strings/String4Dm22.aif" ...
ftable 1117:
deferred alloc for samples/Strings/String4D#m17.aif
soundin cannot open samples/Strings/String4D#m17.aif: No Error.ftable 1117: Failed to open file samples/Strings/String4D#m17.aif
f1117     0.00     0.00     1.00  "samples/Strings/String4D#m17.aif" ...
ftable 1118:
deferred alloc for samples/Strings/String4Em5.aif
soundin cannot open samples/Strings/String4Em5.aif: No Error.ftable 1118: Failed to open file samples/Strings/String4Em5.aif
f1118     0.00     0.00     1.00  "samples/Strings/String4Em5.aif" ...
ftable 1119:
deferred alloc for samples/Strings/String4F#p2.aif
soundin cannot open samples/Strings/String4F#p2.aif: No Error.ftable 1119: Failed to open file samples/Strings/String4F#p2.aif
f1119     0.00     0.00     1.00  "samples/Strings/String4F#p2.aif" ...
ftable 1120:
deferred alloc for samples/Strings/String4G#m3.aif
soundin cannot open samples/Strings/String4G#m3.aif: No Error.ftable 1120: Failed to open file samples/Strings/String4G#m3.aif
f1120     0.00     0.00     1.00  "samples/Strings/String4G#m3.aif" ...
ftable 1121:
deferred alloc for samples/Strings/String4A#p2.aif
soundin cannot open samples/Strings/String4A#p2.aif: No Error.ftable 1121: Failed to open file samples/Strings/String4A#p2.aif
f1121     0.00     0.00     1.00  "samples/Strings/String4A#p2.aif" ...
ftable 1122:
deferred alloc for samples/Strings/String5Cm27.aif
soundin cannot open samples/Strings/String5Cm27.aif: No Error.ftable 1122: Failed to open file samples/Strings/String5Cm27.aif
f1122     0.00     0.00     1.00  "samples/Strings/String5Cm27.aif" ...
ftable 1123:
deferred alloc for samples/Strings/String5Dm30.aif
soundin cannot open samples/Strings/String5Dm30.aif: No Error.ftable 1123: Failed to open file samples/Strings/String5Dm30.aif
f1123     0.00     0.00     1.00  "samples/Strings/String5Dm30.aif" ...
ftable 1124:
deferred alloc for samples/Strings/String5Em5.aif
soundin cannot open samples/Strings/String5Em5.aif: No Error.ftable 1124: Failed to open file samples/Strings/String5Em5.aif
f1124     0.00     0.00     1.00  "samples/Strings/String5Em5.aif" ...
ftable 1125:
deferred alloc for samples/Strings/String5F#p6.aif
soundin cannot open samples/Strings/String5F#p6.aif: No Error.ftable 1125: Failed to open file samples/Strings/String5F#p6.aif
f1125     0.00     0.00     1.00  "samples/Strings/String5F#p6.aif" ...
ftable 1126:
deferred alloc for samples/Strings/String5G#m3.aif
soundin cannot open samples/Strings/String5G#m3.aif: No Error.ftable 1126: Failed to open file samples/Strings/String5G#m3.aif
f1126     0.00     0.00     1.00  "samples/Strings/String5G#m3.aif" ...
ftable 1127:
deferred alloc for samples/Strings/String5Bp10.aif
soundin cannot open samples/Strings/String5Bp10.aif: No Error.ftable 1127: Failed to open file samples/Strings/String5Bp10.aif
f1127     0.00     0.00     1.00  "samples/Strings/String5Bp10.aif" ...
ftable 1128:
deferred alloc for samples/Strings/String6C#m11.aif
soundin cannot open samples/Strings/String6C#m11.aif: No Error.ftable 1128: Failed to open file samples/Strings/String6C#m11.aif
f1128     0.00     0.00     1.00  "samples/Strings/String6C#m11.aif" ...
ftable 1129:
deferred alloc for samples/Strings/String6D#p0.aif
soundin cannot open samples/Strings/String6D#p0.aif: No Error.ftable 1129: Failed to open file samples/Strings/String6D#p0.aif
f1129     0.00     0.00     1.00  "samples/Strings/String6D#p0.aif" ...
ftable 1134:
deferred alloc for samples/Bass FingerP/Piano 0 G +4.aif
audio sr = 44100, monaural
opening AIFF infile samples/Bass FingerP/Piano 0 G +4.aif
  defer length 717056
ftable 1134:	717056 points, scalemax 1.000
______..---------------------------''''''''''''''----.......____________________
'..''                                                                '''''''
ftable 1135:
deferred alloc for samples/Bass FingerP/Piano 0 G# -30.aif
audio sr = 44100, monaural
opening AIFF infile samples/Bass FingerP/Piano 0 G# -30.aif
  defer length 779594
ftable 1135:	779594 points, scalemax 1.000
 .


      -
         -       .  _
___'________._'________._-__'__._-__-__._.__-____.__._.__.______________________
     _  - _  . _-  ' _  . -- .  . -- .  - '' -  - -' - '' -  ' '' '  ' '' ' '
  -    -          '

    '
ftable 1136:
deferred alloc for samples/Bass FingerP/Piano 0 A# -21.aif
audio sr = 44100, monaural
opening AIFF infile samples/Bass FingerP/Piano 0 A# -21.aif
  defer length 687819
ftable 1136:	687819 points, scalemax 1.000
   .

        _
             _
_____._____.____'_.__-__._.__.____.____.__._____________________________________
  _   _.    . _' . '- -  - '' -  - '  - '' - '' '  ' '  ' '  ' ' ' '' '      ''
    -    -



 -
ftable 1137:
deferred alloc for samples/Bass FingerP/Piano 1 C -11.aif
audio sr = 44100, monaural
opening AIFF infile samples/Bass FingerP/Piano 1 C -11.aif
  defer length 596522
ftable 1137:	596522 points, scalemax 1.000
  _
    _
      _
        _
          . _
______________-_._._____________________________________________________________
   _ . . . - - - - ' ' ' ' '''' ' ' ' ' ' ' ' ' ' ' ' ' ' ' ' '  '   ' ''  '''
 '
ftable 1138:
deferred alloc for samples/Bass FingerP/Piano 1 D +9.aif
audio sr = 44100, monaural
opening AIFF infile samples/Bass FingerP/Piano 1 D +9.aif
  defer length 825038
ftable 1138:	825038 points, scalemax 1.000
    .


 _     . .  '
______________.._'__-__._.__.____.______________________________________________
   _       -    _ .' .  . '' -  - '' ' '' '  ' '' '  ' '  ' '' '  ' '' ' '    '
        ' .  -
     '

  _
ftable 1139:
deferred alloc for samples/Bass FingerP/Piano 1 G +17.aif
audio sr = 44100, monaural
opening AIFF infile samples/Bass FingerP/Piano 1 G +17.aif
  defer length 511228
ftable 1139:	511228 points, scalemax 1.000
    _

          _
_____'_________-.____.____._____________________________________________________
'.    '.    '.-  '--   '-'  '''  '''   ''   '''   ''  '''   '''  ''    ''  '
  -     '

   '
ftable 1140:
deferred alloc for samples/Bass FingerP/Piano 1 A +22.aif
audio sr = 44100, monaural
opening AIFF infile samples/Bass FingerP/Piano 1 A +22.aif
  defer length 840708
ftable 1140:	840708 points, scalemax 1.000
       _
____'______.__._________________________________________________________________
''   -   .  -- '-  '' ''  '  '' ''  '  '' ''  '   '  ''  ' '       ' '''  ''
  '   '
ftable 1141:
deferred alloc for samples/Bass FingerP/Piano 2 C -10.aif
audio sr = 44100, monaural
opening AIFF infile samples/Bass FingerP/Piano 2 C -10.aif
  defer length 786043
ftable 1141:	786043 points, scalemax 1.000
  . - . _
__________'_-_-_._._.___________________________________________________________
         _ . . - - - ' ' ' ' ' ' ' ' ' ' ' ' ' ' ''' '  ''   ''      ''  '''
     . '
   -

 -
ftable 1142:
deferred alloc for samples/Bass FingerP/Piano 2 D -38.aif
audio sr = 44100, monaural
opening AIFF infile samples/Bass FingerP/Piano 2 D -38.aif
  defer length 564032
ftable 1142:	564032 points, scalemax 1.000
  _
    _
      .
        - _
____________-_._________________________________________________________________
'        . - - ' ' ' ' '' ' ' ' ' ' ' ' ' ' ' ' ' ' ' ' '  ''' ''      '  '
   _ - '

 '
ftable 1143:
deferred alloc for samples/Bass FingerP/Piano 2 E +14.aif
audio sr = 44100, monaural
opening AIFF infile samples/Bass FingerP/Piano 2 E +14.aif
  defer length 518115
ftable 1143:	518115 points, scalemax 1.000
   '.
        -_   _
______________-___-____.___.____________________________________________________
          ' .  -_'  --  '-'  ''   ''  ''   ''  ''   ''  ''   ''  ''   '  '' '
 _    -_   '


  .
ftable 1144:
deferred alloc for samples/Bass FingerP/Piano 2 F# +17.aif
audio sr = 44100, monaural
opening AIFF infile samples/Bass FingerP/Piano 2 F# +17.aif
  defer length 577826
ftable 1144:	577826 points, scalemax 1.000
   .
    .  -  _
_____________-___.__.___________________________________________________________
 '    - ._ '_  .  -' '' ''  '  '  '  '  '' '' '' ''  ' ''  '  ''  ' '' ''  '
     .

  _
ftable 1145:
deferred alloc for samples/Bass FingerP/Piano 2 A -32.aif
audio sr = 44100, monaural
opening AIFF infile samples/Bass FingerP/Piano 2 A -32.aif
  defer length 416922
ftable 1145:	416922 points, scalemax 1.000
 -

    .
     -  ._
____________''__.-___-___.______________________________________________________
   .   .   .  _.  -.  '-'  -'  ''  '''  ''  ''  '''  ''  '''  ''      ' ''  '
          .
      .

  -
ftable 1146:
deferred alloc for samples/Bass FingerP/Piano 2 A# -1.aif
audio sr = 44100, monaural
opening AIFF infile samples/Bass FingerP/Piano 2 A# -1.aif
  defer length 563317
ftable 1146:	563317 points, scalemax 1.000
  .


    .  - .
____________-_'____.____________________________________________________________
      -   _  _ .  - -  ' '' ' '' ' '' '  ' '  ' '' '  ' '  ' '' '' ' ''      '
 .   '  .

   '
ftable 1147:
deferred alloc for samples/Bass FingerP/Piano 3 C +16.aif
audio sr = 44100, monaural
opening AIFF infile samples/Bass FingerP/Piano 3 C +16.aif
  defer length 495695
ftable 1147:	495695 points, scalemax 1.000
   _
 '
     .
          _ _
_______-______.__._.____________________________________________________________
'       -- _ _ '' - -  ' ' '  ' ' '' ' '' ' '  ' ' '' ' '' ' '  ''' '' '  ''
  _
    . '
ftable 1148:
deferred alloc for samples/Bass FingerP/Piano 3 D +46.aif
audio sr = 44100, monaural
opening AIFF infile samples/Bass FingerP/Piano 3 D +46.aif
  defer length 410841
ftable 1148:	410841 points, scalemax 1.000
  .


    '
      _  _ .
_____________'____._.___________________________________________________________
       .-     .  - - '  ' ' '' ' '  ' ' '' ' '  ' ' '' ' '  ' ''' ''''' ''   '
          ' '
     .
   _
 '
ftable 1149:
deferred alloc for samples/Bass FingerP/Piano 3 F -30.aif
audio sr = 44100, monaural
opening AIFF infile samples/Bass FingerP/Piano 3 F -30.aif
  defer length 422830
ftable 1149:	422830 points, scalemax 1.000
  _

    -

      -    _
_________-___'____._____________________________________________________________
          _   -  - - '' ' '  ' ' '' ' '' ' '' ' '  ' '  ' '    '
       '    '
 _   _
   .
ftable 1150:
deferred alloc for samples/Bass FingerP/Piano 3 G# -1.aif
audio sr = 44100, monaural
opening AIFF infile samples/Bass FingerP/Piano 3 G# -1.aif
  defer length 293863
ftable 1150:	293863 points, scalemax 1.000
  -

     .
      _  -  .
________.______'__.___._________________________________________________________
   .       . -_  .  -  -' '' '' '' '' '' ''  '  '  '  '  '  '  '  '  '         '
          '
 -     '
    '
ftable 1151:
deferred alloc for samples/Bass FingerP/Piano 3 A# +39.aif
audio sr = 44100, monaural
opening AIFF infile samples/Bass FingerP/Piano 3 A# +39.aif
  defer length 383631
ftable 1151:	383631 points, scalemax 1.000
   .---._
__-______'--..._________________________________________________________________
 .                                    '  '  ''''   ' '' ' '   '   '''     '
ftable 1152:
deferred alloc for samples/Bass FingerP/Piano 4 D -5.aif
audio sr = 44100, monaural
opening AIFF infile samples/Bass FingerP/Piano 4 D -5.aif
  defer length 155096
ftable 1152:	155096 points, scalemax 1.000
    '
   . -
__________-'._____._____________________________________________________________
      .  '   -.-'   ''''    ''''    ''''    ''' '   ''' '     '   '   '      ''
  .    .'



 _
ftable 1153:
deferred alloc for samples/Bass FingerP/Piano 4 F# -2.aif
audio sr = 44100, monaural
opening AIFF infile samples/Bass FingerP/Piano 4 F# -2.aif
  defer length 88367
ftable 1153:	88367 points, scalemax 1.000
  '


      _


         ''  -   _
___._'________-_____.-__-___.___________________________________________________
                ' '_  .-  -  ''  '' ''  '' ''  '' ''  ''   ''            '
       '   .-  -

 '      -


    '
ftable 1154:
deferred alloc for samples/Bass FingerP/Piano 4 A +32.aif
audio sr = 44100, monaural
opening AIFF infile samples/Bass FingerP/Piano 4 A +32.aif
  defer length 69438
ftable 1154:	69438 points, scalemax 1.000
   -

  -
        _
         -
____'________.'.____.___________________________________________________________
          . _   -.-   '''   '''   ''''   '''  '' '  ''      '    ''''   ''' '
           -
      .
 '   -
ftable 1155:
deferred alloc for samples/Bass FingerP/Piano 5 D -41.aif
audio sr = 44100, monaural
opening AIFF infile samples/Bass FingerP/Piano 5 D -41.aif
  defer length 84495
ftable 1155:	84495 points, scalemax 1.000
    .

 _
        '
_____.___.__'.__..______________________________________________________________
   .   -   -  .-  '-   ''  '''  ''   '   '   ''   ''   '  ''   '''
          -
      _



  -
ftable 1:
ftable 1:	64 points, scalemax 1192.000
                           _
                       ..-'
                   _.-'
             _..-''
       __.-''
 _..--'




________________________________________________________________
ftable 2:
ftable 2:	64 points, scalemax 2.000
  ______ ___________     ___




 _      _           _____




________________________________________________________________
ftable 1500:
ftable 1500:	256 points, scalemax 1.002
''''''''''''''''''''''''''''''''''''''''''''''''''''''''''''''''
ftable 1501:
ftable 1501:	256 points, scalemax 1.000
_
 '''''''''''''''''''''''''''''''''''''''''''''''''''''''''''''''
ftable 1502:
ftable 1502:	256 points, scalemax 1.000
_
 '''''''''''''''''''''''''''''''''''''''''''''''''''''''''''''''
new alloc for instr 1:
voice: 4. no switch 671 == 671

INIT ERROR in instr 1 (opcode loscil) line 130: Invalid ftable no. 671.000000
from file new_output.csd (1)
a3:a,a4:a loscil 1:c,kcps2:k,iFtable:i,ibascps:i,0:c,1:c,2:c,-1:c,0:c,0:c
	  B  0.007INIT ERROR in instr 1: note deleted (1 init errors)
voice: 4. no switch 671 == 671

INIT ERROR in instr 1 (opcode loscil) line 130: Invalid ftable no. 671.000000
from file new_output.csd (1)
a3:a,a4:a loscil 1:c,kcps2:k,iFtable:i,ibascps:i,0:c,1:c,2:c,-1:c,0:c,0:c
	  B  0.007INIT ERROR in instr 1: note deleted (1 init errors)
voice: 4. no switch 671 == 671

INIT ERROR in instr 1 (opcode loscil) line 130: Invalid ftable no. 671.000000
from file new_output.csd (1)
a3:a,a4:a loscil 1:c,kcps2:k,iFtable:i,ibascps:i,0:c,1:c,2:c,-1:c,0:c,0:c
	  B  0.007INIT ERROR in instr 1: note deleted (1 init errors)
new alloc for instr 1:
voice: 4. no switch 671 == 671

INIT ERROR in instr 1 (opcode loscil) line 130: Invalid ftable no. 671.000000
from file new_output.csd (1)
a3:a,a4:a loscil 1:c,kcps2:k,iFtable:i,ibascps:i,0:c,1:c,2:c,-1:c,0:c,0:c
	  B  0.010INIT ERROR in instr 1: note deleted (1 init errors)
new alloc for instr 1:
new alloc for instr 1:
new alloc for instr 1:
voice: 4. no switch 671 == 671

INIT ERROR in instr 1 (opcode loscil) line 130: Invalid ftable no. 671.000000
from file new_output.csd (1)
a3:a,a4:a loscil 1:c,kcps2:k,iFtable:i,ibascps:i,0:c,1:c,2:c,-1:c,0:c,0:c
	  B  5.262INIT ERROR in instr 1: note deleted (1 init errors)
voice: 4. no switch 671 == 671

INIT ERROR in instr 1 (opcode loscil) line 130: Invalid ftable no. 671.000000
from file new_output.csd (1)
a3:a,a4:a loscil 1:c,kcps2:k,iFtable:i,ibascps:i,0:c,1:c,2:c,-1:c,0:c,0:c
	  B  5.499INIT ERROR in instr 1: note deleted (1 init errors)
voice: 4. no switch 671 == 671

INIT ERROR in instr 1 (opcode loscil) line 130: Invalid ftable no. 671.000000
from file new_output.csd (1)
a3:a,a4:a loscil 1:c,kcps2:k,iFtable:i,ibascps:i,0:c,1:c,2:c,-1:c,0:c,0:c
	  B  5.735INIT ERROR in instr 1: note deleted (1 init errors)
voice: 4. no switch 671 == 671

INIT ERROR in instr 1 (opcode loscil) line 130: Invalid ftable no. 671.000000
from file new_output.csd (1)
a3:a,a4:a loscil 1:c,kcps2:k,iFtable:i,ibascps:i,0:c,1:c,2:c,-1:c,0:c,0:c
	  B  5.992INIT ERROR in instr 1: note deleted (1 init errors)
voice: 4. no switch 671 == 671

INIT ERROR in instr 1 (opcode loscil) line 130: Invalid ftable no. 671.000000
from file new_output.csd (1)
a3:a,a4:a loscil 1:c,kcps2:k,iFtable:i,ibascps:i,0:c,1:c,2:c,-1:c,0:c,0:c
	  B  6.000INIT ERROR in instr 1: note deleted (1 init errors)
voice: 4. no switch 671 == 671

INIT ERROR in instr 1 (opcode loscil) line 130: Invalid ftable no. 671.000000
from file new_output.csd (1)
a3:a,a4:a loscil 1:c,kcps2:k,iFtable:i,ibascps:i,0:c,1:c,2:c,-1:c,0:c,0:c
	  B  6.255INIT ERROR in instr 1: note deleted (1 init errors)
voice: 4. no switch 671 == 671

INIT ERROR in instr 1 (opcode loscil) line 130: Invalid ftable no. 671.000000
from file new_output.csd (1)
a3:a,a4:a loscil 1:c,kcps2:k,iFtable:i,ibascps:i,0:c,1:c,2:c,-1:c,0:c,0:c
	  B  6.485INIT ERROR in instr 1: note deleted (1 init errors)
voice: 4. no switch 671 == 671

INIT ERROR in instr 1 (opcode loscil) line 130: Invalid ftable no. 671.000000
from file new_output.csd (1)
a3:a,a4:a loscil 1:c,kcps2:k,iFtable:i,ibascps:i,0:c,1:c,2:c,-1:c,0:c,0:c
	  B  6.759INIT ERROR in instr 1: note deleted (1 init errors)
voice: 4. no switch 671 == 671

INIT ERROR in instr 1 (opcode loscil) line 130: Invalid ftable no. 671.000000
from file new_output.csd (1)
a3:a,a4:a loscil 1:c,kcps2:k,iFtable:i,ibascps:i,0:c,1:c,2:c,-1:c,0:c,0:c
	  B  7.509INIT ERROR in instr 1: note deleted (1 init errors)
voice: 4. no switch 671 == 671

INIT ERROR in instr 1 (opcode loscil) line 130: Invalid ftable no. 671.000000
from file new_output.csd (1)
a3:a,a4:a loscil 1:c,kcps2:k,iFtable:i,ibascps:i,0:c,1:c,2:c,-1:c,0:c,0:c
	  B  7.743INIT ERROR in instr 1: note deleted (1 init errors)
voice: 4. no switch 671 == 671

INIT ERROR in instr 1 (opcode loscil) line 130: Invalid ftable no. 671.000000
from file new_output.csd (1)
a3:a,a4:a loscil 1:c,kcps2:k,iFtable:i,ibascps:i,0:c,1:c,2:c,-1:c,0:c,0:c
	  B  8.003INIT ERROR in instr 1: note deleted (1 init errors)
voice: 4. no switch 671 == 671

INIT ERROR in instr 1 (opcode loscil) line 130: Invalid ftable no. 671.000000
from file new_output.csd (1)
a3:a,a4:a loscil 1:c,kcps2:k,iFtable:i,ibascps:i,0:c,1:c,2:c,-1:c,0:c,0:c
	  B  8.252INIT ERROR in instr 1: note deleted (1 init errors)
voice: 4. no switch 671 == 671

INIT ERROR in instr 1 (opcode loscil) line 130: Invalid ftable no. 671.000000
from file new_output.csd (1)
a3:a,a4:a loscil 1:c,kcps2:k,iFtable:i,ibascps:i,0:c,1:c,2:c,-1:c,0:c,0:c
	  B  8.253INIT ERROR in instr 1: note deleted (1 init errors)
new alloc for instr 1:
voice: 4. no switch 671 == 671

INIT ERROR in instr 1 (opcode loscil) line 130: Invalid ftable no. 671.000000
from file new_output.csd (1)
a3:a,a4:a loscil 1:c,kcps2:k,iFtable:i,ibascps:i,0:c,1:c,2:c,-1:c,0:c,0:c
	  B  8.759INIT ERROR in instr 1: note deleted (1 init errors)
voice: 4. no switch 671 == 671

INIT ERROR in instr 1 (opcode loscil) line 130: Invalid ftable no. 671.000000
from file new_output.csd (1)
a3:a,a4:a loscil 1:c,kcps2:k,iFtable:i,ibascps:i,0:c,1:c,2:c,-1:c,0:c,0:c
	  B  9.251INIT ERROR in instr 1: note deleted (1 init errors)
voice: 4. no switch 671 == 671

INIT ERROR in instr 1 (opcode loscil) line 130: Invalid ftable no. 671.000000
from file new_output.csd (1)
a3:a,a4:a loscil 1:c,kcps2:k,iFtable:i,ibascps:i,0:c,1:c,2:c,-1:c,0:c,0:c
	  B  9.499INIT ERROR in instr 1: note deleted (1 init errors)
voice: 4. no switch 671 == 671

INIT ERROR in instr 1 (opcode loscil) line 130: Invalid ftable no. 671.000000
from file new_output.csd (1)
a3:a,a4:a loscil 1:c,kcps2:k,iFtable:i,ibascps:i,0:c,1:c,2:c,-1:c,0:c,0:c
	  B  9.503INIT ERROR in instr 1: note deleted (1 init errors)
voice: 4. no switch 671 == 671

INIT ERROR in instr 1 (opcode loscil) line 130: Invalid ftable no. 671.000000
from file new_output.csd (1)
a3:a,a4:a loscil 1:c,kcps2:k,iFtable:i,ibascps:i,0:c,1:c,2:c,-1:c,0:c,0:c
	  B  9.747INIT ERROR in instr 1: note deleted (1 init errors)
voice: 4. no switch 671 == 671

INIT ERROR in instr 1 (opcode loscil) line 130: Invalid ftable no. 671.000000
from file new_output.csd (1)
a3:a,a4:a loscil 1:c,kcps2:k,iFtable:i,ibascps:i,0:c,1:c,2:c,-1:c,0:c,0:c
	  B  9.988INIT ERROR in instr 1: note deleted (1 init errors)
voice: 4. no switch 671 == 671

INIT ERROR in instr 1 (opcode loscil) line 130: Invalid ftable no. 671.000000
from file new_output.csd (1)
a3:a,a4:a loscil 1:c,kcps2:k,iFtable:i,ibascps:i,0:c,1:c,2:c,-1:c,0:c,0:c
	  B 10.243INIT ERROR in instr 1: note deleted (1 init errors)
voice: 4. no switch 671 == 671

INIT ERROR in instr 1 (opcode loscil) line 130: Invalid ftable no. 671.000000
from file new_output.csd (1)
a3:a,a4:a loscil 1:c,kcps2:k,iFtable:i,ibascps:i,0:c,1:c,2:c,-1:c,0:c,0:c
	  B 10.265INIT ERROR in instr 1: note deleted (1 init errors)
voice: 4. no switch 671 == 671

INIT ERROR in instr 1 (opcode loscil) line 130: Invalid ftable no. 671.000000
from file new_output.csd (1)
a3:a,a4:a loscil 1:c,kcps2:k,iFtable:i,ibascps:i,0:c,1:c,2:c,-1:c,0:c,0:c
	  B 10.496INIT ERROR in instr 1: note deleted (1 init errors)
voice: 4. no switch 671 == 671

INIT ERROR in instr 1 (opcode loscil) line 130: Invalid ftable no. 671.000000
from file new_output.csd (1)
a3:a,a4:a loscil 1:c,kcps2:k,iFtable:i,ibascps:i,0:c,1:c,2:c,-1:c,0:c,0:c
	  B 10.736INIT ERROR in instr 1: note deleted (1 init errors)
voice: 4. no switch 671 == 671

INIT ERROR in instr 1 (opcode loscil) line 130: Invalid ftable no. 671.000000
from file new_output.csd (1)
a3:a,a4:a loscil 1:c,kcps2:k,iFtable:i,ibascps:i,0:c,1:c,2:c,-1:c,0:c,0:c
	  B 10.987INIT ERROR in instr 1: note deleted (1 init errors)
voice: 4. no switch 671 == 671

INIT ERROR in instr 1 (opcode loscil) line 130: Invalid ftable no. 671.000000
from file new_output.csd (1)
a3:a,a4:a loscil 1:c,kcps2:k,iFtable:i,ibascps:i,0:c,1:c,2:c,-1:c,0:c,0:c
	  B 11.010INIT ERROR in instr 1: note deleted (1 init errors)
voice: 4. no switch 671 == 671

INIT ERROR in instr 1 (opcode loscil) line 130: Invalid ftable no. 671.000000
from file new_output.csd (1)
a3:a,a4:a loscil 1:c,kcps2:k,iFtable:i,ibascps:i,0:c,1:c,2:c,-1:c,0:c,0:c
	  B 11.241INIT ERROR in instr 1: note deleted (1 init errors)
voice: 4. no switch 671 == 671

INIT ERROR in instr 1 (opcode loscil) line 130: Invalid ftable no. 671.000000
from file new_output.csd (1)
a3:a,a4:a loscil 1:c,kcps2:k,iFtable:i,ibascps:i,0:c,1:c,2:c,-1:c,0:c,0:c
	  B 11.745INIT ERROR in instr 1: note deleted (1 init errors)
voice: 4. no switch 671 == 671

INIT ERROR in instr 1 (opcode loscil) line 130: Invalid ftable no. 671.000000
from file new_output.csd (1)
a3:a,a4:a loscil 1:c,kcps2:k,iFtable:i,ibascps:i,0:c,1:c,2:c,-1:c,0:c,0:c
	  B 11.993INIT ERROR in instr 1: note deleted (1 init errors)
voice: 4. no switch 671 == 671

INIT ERROR in instr 1 (opcode loscil) line 130: Invalid ftable no. 671.000000
from file new_output.csd (1)
a3:a,a4:a loscil 1:c,kcps2:k,iFtable:i,ibascps:i,0:c,1:c,2:c,-1:c,0:c,0:c
	  B 13.235INIT ERROR in instr 1: note deleted (1 init errors)
voice: 4. no switch 671 == 671

INIT ERROR in instr 1 (opcode loscil) line 130: Invalid ftable no. 671.000000
from file new_output.csd (1)
a3:a,a4:a loscil 1:c,kcps2:k,iFtable:i,ibascps:i,0:c,1:c,2:c,-1:c,0:c,0:c
	  B 13.489INIT ERROR in instr 1: note deleted (1 init errors)
voice: 4. no switch 671 == 671

INIT ERROR in instr 1 (opcode loscil) line 130: Invalid ftable no. 671.000000
from file new_output.csd (1)
a3:a,a4:a loscil 1:c,kcps2:k,iFtable:i,ibascps:i,0:c,1:c,2:c,-1:c,0:c,0:c
	  B 14.248INIT ERROR in instr 1: note deleted (1 init errors)
voice: 4. no switch 671 == 671

INIT ERROR in instr 1 (opcode loscil) line 130: Invalid ftable no. 671.000000
from file new_output.csd (1)
a3:a,a4:a loscil 1:c,kcps2:k,iFtable:i,ibascps:i,0:c,1:c,2:c,-1:c,0:c,0:c
	  B 14.515INIT ERROR in instr 1: note deleted (1 init errors)
voice: 4. no switch 671 == 671

INIT ERROR in instr 1 (opcode loscil) line 130: Invalid ftable no. 671.000000
from file new_output.csd (1)
a3:a,a4:a loscil 1:c,kcps2:k,iFtable:i,ibascps:i,0:c,1:c,2:c,-1:c,0:c,0:c
	  B 15.008INIT ERROR in instr 1: note deleted (1 init errors)
voice: 4. no switch 671 == 671

INIT ERROR in instr 1 (opcode loscil) line 130: Invalid ftable no. 671.000000
from file new_output.csd (1)
a3:a,a4:a loscil 1:c,kcps2:k,iFtable:i,ibascps:i,0:c,1:c,2:c,-1:c,0:c,0:c
	  B 15.487INIT ERROR in instr 1: note deleted (1 init errors)
voice: 4. no switch 671 == 671

INIT ERROR in instr 1 (opcode loscil) line 130: Invalid ftable no. 671.000000
from file new_output.csd (1)
a3:a,a4:a loscil 1:c,kcps2:k,iFtable:i,ibascps:i,0:c,1:c,2:c,-1:c,0:c,0:c
	  B 16.510INIT ERROR in instr 1: note deleted (1 init errors)
voice: 4. no switch 671 == 671

INIT ERROR in instr 1 (opcode loscil) line 130: Invalid ftable no. 671.000000
from file new_output.csd (1)
a3:a,a4:a loscil 1:c,kcps2:k,iFtable:i,ibascps:i,0:c,1:c,2:c,-1:c,0:c,0:c
	  B 16.761INIT ERROR in instr 1: note deleted (1 init errors)
voice: 4. no switch 671 == 671

INIT ERROR in instr 1 (opcode loscil) line 130: Invalid ftable no. 671.000000
from file new_output.csd (1)
a3:a,a4:a loscil 1:c,kcps2:k,iFtable:i,ibascps:i,0:c,1:c,2:c,-1:c,0:c,0:c
	  B 18.015INIT ERROR in instr 1: note deleted (1 init errors)
voice: 4. no switch 671 == 671

INIT ERROR in instr 1 (opcode loscil) line 130: Invalid ftable no. 671.000000
from file new_output.csd (1)
a3:a,a4:a loscil 1:c,kcps2:k,iFtable:i,ibascps:i,0:c,1:c,2:c,-1:c,0:c,0:c
	  B 18.260INIT ERROR in instr 1: note deleted (1 init errors)
voice: 4. no switch 671 == 671

INIT ERROR in instr 1 (opcode loscil) line 130: Invalid ftable no. 671.000000
from file new_output.csd (1)
a3:a,a4:a loscil 1:c,kcps2:k,iFtable:i,ibascps:i,0:c,1:c,2:c,-1:c,0:c,0:c
	  B 18.511INIT ERROR in instr 1: note deleted (1 init errors)
voice: 4. no switch 671 == 671

INIT ERROR in instr 1 (opcode loscil) line 130: Invalid ftable no. 671.000000
from file new_output.csd (1)
a3:a,a4:a loscil 1:c,kcps2:k,iFtable:i,ibascps:i,0:c,1:c,2:c,-1:c,0:c,0:c
	  B 18.765INIT ERROR in instr 1: note deleted (1 init errors)
voice: 4. no switch 671 == 671

INIT ERROR in instr 1 (opcode loscil) line 130: Invalid ftable no. 671.000000
from file new_output.csd (1)
a3:a,a4:a loscil 1:c,kcps2:k,iFtable:i,ibascps:i,0:c,1:c,2:c,-1:c,0:c,0:c
	  B 19.253INIT ERROR in instr 1: note deleted (1 init errors)
voice: 4. no switch 671 == 671

INIT ERROR in instr 1 (opcode loscil) line 130: Invalid ftable no. 671.000000
from file new_output.csd (1)
a3:a,a4:a loscil 1:c,kcps2:k,iFtable:i,ibascps:i,0:c,1:c,2:c,-1:c,0:c,0:c
	  B 19.508INIT ERROR in instr 1: note deleted (1 init errors)
voice: 4. no switch 671 == 671

INIT ERROR in instr 1 (opcode loscil) line 130: Invalid ftable no. 671.000000
from file new_output.csd (1)
a3:a,a4:a loscil 1:c,kcps2:k,iFtable:i,ibascps:i,0:c,1:c,2:c,-1:c,0:c,0:c
	  B 19.747INIT ERROR in instr 1: note deleted (1 init errors)
voice: 4. no switch 671 == 671

INIT ERROR in instr 1 (opcode loscil) line 130: Invalid ftable no. 671.000000
from file new_output.csd (1)
a3:a,a4:a loscil 1:c,kcps2:k,iFtable:i,ibascps:i,0:c,1:c,2:c,-1:c,0:c,0:c
	  B 20.263INIT ERROR in instr 1: note deleted (1 init errors)
voice: 4. no switch 671 == 671

INIT ERROR in instr 1 (opcode loscil) line 130: Invalid ftable no. 671.000000
from file new_output.csd (1)
a3:a,a4:a loscil 1:c,kcps2:k,iFtable:i,ibascps:i,0:c,1:c,2:c,-1:c,0:c,0:c
	  B 21.757INIT ERROR in instr 1: note deleted (1 init errors)
voice: 4. no switch 671 == 671

INIT ERROR in instr 1 (opcode loscil) line 130: Invalid ftable no. 671.000000
from file new_output.csd (1)
a3:a,a4:a loscil 1:c,kcps2:k,iFtable:i,ibascps:i,0:c,1:c,2:c,-1:c,0:c,0:c
	  B 21.995INIT ERROR in instr 1: note deleted (1 init errors)
voice: 4. no switch 671 == 671

INIT ERROR in instr 1 (opcode loscil) line 130: Invalid ftable no. 671.000000
from file new_output.csd (1)
a3:a,a4:a loscil 1:c,kcps2:k,iFtable:i,ibascps:i,0:c,1:c,2:c,-1:c,0:c,0:c
	  B 23.001INIT ERROR in instr 1: note deleted (1 init errors)
voice: 4. no switch 671 == 671

INIT ERROR in instr 1 (opcode loscil) line 130: Invalid ftable no. 671.000000
from file new_output.csd (1)
a3:a,a4:a loscil 1:c,kcps2:k,iFtable:i,ibascps:i,0:c,1:c,2:c,-1:c,0:c,0:c
	  B 23.238INIT ERROR in instr 1: note deleted (1 init errors)
voice: 4. no switch 671 == 671

INIT ERROR in instr 1 (opcode loscil) line 130: Invalid ftable no. 671.000000
from file new_output.csd (1)
a3:a,a4:a loscil 1:c,kcps2:k,iFtable:i,ibascps:i,0:c,1:c,2:c,-1:c,0:c,0:c
	  B 23.995INIT ERROR in instr 1: note deleted (1 init errors)
voice: 4. no switch 671 == 671

INIT ERROR in instr 1 (opcode loscil) line 130: Invalid ftable no. 671.000000
from file new_output.csd (1)
a3:a,a4:a loscil 1:c,kcps2:k,iFtable:i,ibascps:i,0:c,1:c,2:c,-1:c,0:c,0:c
	  B 25.010INIT ERROR in instr 1: note deleted (1 init errors)
voice: 4. no switch 671 == 671

INIT ERROR in instr 1 (opcode loscil) line 130: Invalid ftable no. 671.000000
from file new_output.csd (1)
a3:a,a4:a loscil 1:c,kcps2:k,iFtable:i,ibascps:i,0:c,1:c,2:c,-1:c,0:c,0:c
	  B 26.505INIT ERROR in instr 1: note deleted (1 init errors)
voice: 4. no switch 671 == 671

INIT ERROR in instr 1 (opcode loscil) line 130: Invalid ftable no. 671.000000
from file new_output.csd (1)
a3:a,a4:a loscil 1:c,kcps2:k,iFtable:i,ibascps:i,0:c,1:c,2:c,-1:c,0:c,0:c
	  B 26.735INIT ERROR in instr 1: note deleted (1 init errors)
voice: 4. no switch 671 == 671

INIT ERROR in instr 1 (opcode loscil) line 130: Invalid ftable no. 671.000000
from file new_output.csd (1)
a3:a,a4:a loscil 1:c,kcps2:k,iFtable:i,ibascps:i,0:c,1:c,2:c,-1:c,0:c,0:c
	  B 26.998INIT ERROR in instr 1: note deleted (1 init errors)
voice: 4. no switch 671 == 671

INIT ERROR in instr 1 (opcode loscil) line 130: Invalid ftable no. 671.000000
from file new_output.csd (1)
a3:a,a4:a loscil 1:c,kcps2:k,iFtable:i,ibascps:i,0:c,1:c,2:c,-1:c,0:c,0:c
	  B 27.237INIT ERROR in instr 1: note deleted (1 init errors)
voice: 4. no switch 671 == 671

INIT ERROR in instr 1 (opcode loscil) line 130: Invalid ftable no. 671.000000
from file new_output.csd (1)
a3:a,a4:a loscil 1:c,kcps2:k,iFtable:i,ibascps:i,0:c,1:c,2:c,-1:c,0:c,0:c
	  B 29.509INIT ERROR in instr 1: note deleted (1 init errors)
voice: 4. no switch 671 == 671

INIT ERROR in instr 1 (opcode loscil) line 130: Invalid ftable no. 671.000000
from file new_output.csd (1)
a3:a,a4:a loscil 1:c,kcps2:k,iFtable:i,ibascps:i,0:c,1:c,2:c,-1:c,0:c,0:c
	  B 29.752INIT ERROR in instr 1: note deleted (1 init errors)
voice: 4. no switch 671 == 671

INIT ERROR in instr 1 (opcode loscil) line 130: Invalid ftable no. 671.000000
from file new_output.csd (1)
a3:a,a4:a loscil 1:c,kcps2:k,iFtable:i,ibascps:i,0:c,1:c,2:c,-1:c,0:c,0:c
	  B 30.245INIT ERROR in instr 1: note deleted (1 init errors)
voice: 4. no switch 671 == 671

INIT ERROR in instr 1 (opcode loscil) line 130: Invalid ftable no. 671.000000
from file new_output.csd (1)
a3:a,a4:a loscil 1:c,kcps2:k,iFtable:i,ibascps:i,0:c,1:c,2:c,-1:c,0:c,0:c
	  B 30.741INIT ERROR in instr 1: note deleted (1 init errors)
voice: 4. no switch 671 == 671

INIT ERROR in instr 1 (opcode loscil) line 130: Invalid ftable no. 671.000000
from file new_output.csd (1)
a3:a,a4:a loscil 1:c,kcps2:k,iFtable:i,ibascps:i,0:c,1:c,2:c,-1:c,0:c,0:c
	  B 31.244INIT ERROR in instr 1: note deleted (1 init errors)
voice: 4. no switch 671 == 671

INIT ERROR in instr 1 (opcode loscil) line 130: Invalid ftable no. 671.000000
from file new_output.csd (1)
a3:a,a4:a loscil 1:c,kcps2:k,iFtable:i,ibascps:i,0:c,1:c,2:c,-1:c,0:c,0:c
	  B 31.490INIT ERROR in instr 1: note deleted (1 init errors)
voice: 4. no switch 671 == 671

INIT ERROR in instr 1 (opcode loscil) line 130: Invalid ftable no. 671.000000
from file new_output.csd (1)
a3:a,a4:a loscil 1:c,kcps2:k,iFtable:i,ibascps:i,0:c,1:c,2:c,-1:c,0:c,0:c
	  B 31.745INIT ERROR in instr 1: note deleted (1 init errors)
voice: 4. no switch 671 == 671

INIT ERROR in instr 1 (opcode loscil) line 130: Invalid ftable no. 671.000000
from file new_output.csd (1)
a3:a,a4:a loscil 1:c,kcps2:k,iFtable:i,ibascps:i,0:c,1:c,2:c,-1:c,0:c,0:c
	  B 32.007INIT ERROR in instr 1: note deleted (1 init errors)
voice: 4. no switch 671 == 671

INIT ERROR in instr 1 (opcode loscil) line 130: Invalid ftable no. 671.000000
from file new_output.csd (1)
a3:a,a4:a loscil 1:c,kcps2:k,iFtable:i,ibascps:i,0:c,1:c,2:c,-1:c,0:c,0:c
	  B 32.257INIT ERROR in instr 1: note deleted (1 init errors)
voice: 4. no switch 671 == 671

INIT ERROR in instr 1 (opcode loscil) line 130: Invalid ftable no. 671.000000
from file new_output.csd (1)
a3:a,a4:a loscil 1:c,kcps2:k,iFtable:i,ibascps:i,0:c,1:c,2:c,-1:c,0:c,0:c
	  B 32.514INIT ERROR in instr 1: note deleted (1 init errors)
voice: 4. no switch 671 == 671

INIT ERROR in instr 1 (opcode loscil) line 130: Invalid ftable no. 671.000000
from file new_output.csd (1)
a3:a,a4:a loscil 1:c,kcps2:k,iFtable:i,ibascps:i,0:c,1:c,2:c,-1:c,0:c,0:c
	  B 33.493INIT ERROR in instr 1: note deleted (1 init errors)

INIT ERROR in instr 1 (opcode loscil) line 130: Invalid ftable no. 671.000000
from file new_output.csd (1)
a3:a,a4:a loscil 1:c,kcps2:k,iFtable:i,ibascps:i,0:c,1:c,2:c,-1:c,0:c,0:c
	  B 33.753INIT ERROR in instr 1: note deleted (1 init errors)
voice: 4. no switch 671 == 671

INIT ERROR in instr 1 (opcode loscil) line 130: Invalid ftable no. 671.000000
from file new_output.csd (1)
a3:a,a4:a loscil 1:c,kcps2:k,iFtable:i,ibascps:i,0:c,1:c,2:c,-1:c,0:c,0:c
	  B 33.763INIT ERROR in instr 1: note deleted (1 init errors)
voice: 4. no switch 671 == 671

INIT ERROR in instr 1 (opcode loscil) line 130: Invalid ftable no. 671.000000
from file new_output.csd (1)
a3:a,a4:a loscil 1:c,kcps2:k,iFtable:i,ibascps:i,0:c,1:c,2:c,-1:c,0:c,0:c
	  B 33.985INIT ERROR in instr 1: note deleted (1 init errors)
voice: 4. no switch 671 == 671

INIT ERROR in instr 1 (opcode loscil) line 130: Invalid ftable no. 671.000000
from file new_output.csd (1)
a3:a,a4:a loscil 1:c,kcps2:k,iFtable:i,ibascps:i,0:c,1:c,2:c,-1:c,0:c,0:c
	  B 33.992INIT ERROR in instr 1: note deleted (1 init errors)
voice: 4. no switch 671 == 671

INIT ERROR in instr 1 (opcode loscil) line 130: Invalid ftable no. 671.000000
from file new_output.csd (1)
a3:a,a4:a loscil 1:c,kcps2:k,iFtable:i,ibascps:i,0:c,1:c,2:c,-1:c,0:c,0:c
	  B 34.245INIT ERROR in instr 1: note deleted (1 init errors)
voice: 4. no switch 671 == 671

INIT ERROR in instr 1 (opcode loscil) line 130: Invalid ftable no. 671.000000
from file new_output.csd (1)
a3:a,a4:a loscil 1:c,kcps2:k,iFtable:i,ibascps:i,0:c,1:c,2:c,-1:c,0:c,0:c
	  B 34.512INIT ERROR in instr 1: note deleted (1 init errors)
voice: 4. no switch 671 == 671

INIT ERROR in instr 1 (opcode loscil) line 130: Invalid ftable no. 671.000000
from file new_output.csd (1)
a3:a,a4:a loscil 1:c,kcps2:k,iFtable:i,ibascps:i,0:c,1:c,2:c,-1:c,0:c,0:c
	  B 34.764INIT ERROR in instr 1: note deleted (1 init errors)

INIT ERROR in instr 1 (opcode loscil) line 130: Invalid ftable no. 671.000000
from file new_output.csd (1)
a3:a,a4:a loscil 1:c,kcps2:k,iFtable:i,ibascps:i,0:c,1:c,2:c,-1:c,0:c,0:c
	  B 35.002INIT ERROR in instr 1: note deleted (1 init errors)
voice: 4. no switch 671 == 671

INIT ERROR in instr 1 (opcode loscil) line 130: Invalid ftable no. 671.000000
from file new_output.csd (1)
a3:a,a4:a loscil 1:c,kcps2:k,iFtable:i,ibascps:i,0:c,1:c,2:c,-1:c,0:c,0:c
	  B 35.260INIT ERROR in instr 1: note deleted (1 init errors)
voice: 4. no switch 671 == 671

INIT ERROR in instr 1 (opcode loscil) line 130: Invalid ftable no. 671.000000
from file new_output.csd (1)
a3:a,a4:a loscil 1:c,kcps2:k,iFtable:i,ibascps:i,0:c,1:c,2:c,-1:c,0:c,0:c
	  B 35.498INIT ERROR in instr 1: note deleted (1 init errors)
voice: 4. no switch 671 == 671

INIT ERROR in instr 1 (opcode loscil) line 130: Invalid ftable no. 671.000000
from file new_output.csd (1)
a3:a,a4:a loscil 1:c,kcps2:k,iFtable:i,ibascps:i,0:c,1:c,2:c,-1:c,0:c,0:c
	  B 35.747INIT ERROR in instr 1: note deleted (1 init errors)
voice: 4. no switch 671 == 671

INIT ERROR in instr 1 (opcode loscil) line 130: Invalid ftable no. 671.000000
from file new_output.csd (1)
a3:a,a4:a loscil 1:c,kcps2:k,iFtable:i,ibascps:i,0:c,1:c,2:c,-1:c,0:c,0:c
	  B 36.008INIT ERROR in instr 1: note deleted (1 init errors)
voice: 4. no switch 671 == 671

INIT ERROR in instr 1 (opcode loscil) line 130: Invalid ftable no. 671.000000
from file new_output.csd (1)
a3:a,a4:a loscil 1:c,kcps2:k,iFtable:i,ibascps:i,0:c,1:c,2:c,-1:c,0:c,0:c
	  B 36.254INIT ERROR in instr 1: note deleted (1 init errors)
voice: 4. no switch 671 == 671

INIT ERROR in instr 1 (opcode loscil) line 130: Invalid ftable no. 671.000000
from file new_output.csd (1)
a3:a,a4:a loscil 1:c,kcps2:k,iFtable:i,ibascps:i,0:c,1:c,2:c,-1:c,0:c,0:c
	  B 37.007INIT ERROR in instr 1: note deleted (1 init errors)
voice: 4. no switch 671 == 671

INIT ERROR in instr 1 (opcode loscil) line 130: Invalid ftable no. 671.000000
from file new_output.csd (1)
a3:a,a4:a loscil 1:c,kcps2:k,iFtable:i,ibascps:i,0:c,1:c,2:c,-1:c,0:c,0:c
	  B 37.493INIT ERROR in instr 1: note deleted (1 init errors)
voice: 4. no switch 671 == 671

INIT ERROR in instr 1 (opcode loscil) line 130: Invalid ftable no. 671.000000
from file new_output.csd (1)
a3:a,a4:a loscil 1:c,kcps2:k,iFtable:i,ibascps:i,0:c,1:c,2:c,-1:c,0:c,0:c
	  B 37.765INIT ERROR in instr 1: note deleted (1 init errors)
voice: 4. no switch 671 == 671

INIT ERROR in instr 1 (opcode loscil) line 130: Invalid ftable no. 671.000000
from file new_output.csd (1)
a3:a,a4:a loscil 1:c,kcps2:k,iFtable:i,ibascps:i,0:c,1:c,2:c,-1:c,0:c,0:c
	  B 38.003INIT ERROR in instr 1: note deleted (1 init errors)
voice: 4. no switch 671 == 671

INIT ERROR in instr 1 (opcode loscil) line 130: Invalid ftable no. 671.000000
from file new_output.csd (1)
a3:a,a4:a loscil 1:c,kcps2:k,iFtable:i,ibascps:i,0:c,1:c,2:c,-1:c,0:c,0:c
	  B 38.007INIT ERROR in instr 1: note deleted (1 init errors)

INIT ERROR in instr 1 (opcode loscil) line 130: Invalid ftable no. 671.000000
from file new_output.csd (1)
a3:a,a4:a loscil 1:c,kcps2:k,iFtable:i,ibascps:i,0:c,1:c,2:c,-1:c,0:c,0:c
	  B 38.500INIT ERROR in instr 1: note deleted (1 init errors)
voice: 4. no switch 671 == 671

INIT ERROR in instr 1 (opcode loscil) line 130: Invalid ftable no. 671.000000
from file new_output.csd (1)
a3:a,a4:a loscil 1:c,kcps2:k,iFtable:i,ibascps:i,0:c,1:c,2:c,-1:c,0:c,0:c
	  B 38.762INIT ERROR in instr 1: note deleted (1 init errors)

INIT ERROR in instr 1 (opcode loscil) line 130: Invalid ftable no. 671.000000
from file new_output.csd (1)
a3:a,a4:a loscil 1:c,kcps2:k,iFtable:i,ibascps:i,0:c,1:c,2:c,-1:c,0:c,0:c
	  B 39.235INIT ERROR in instr 1: note deleted (1 init errors)
voice: 4. no switch 671 == 671

INIT ERROR in instr 1 (opcode loscil) line 130: Invalid ftable no. 671.000000
from file new_output.csd (1)
a3:a,a4:a loscil 1:c,kcps2:k,iFtable:i,ibascps:i,0:c,1:c,2:c,-1:c,0:c,0:c
	  B 39.508INIT ERROR in instr 1: note deleted (1 init errors)
voice: 4. no switch 671 == 671

INIT ERROR in instr 1 (opcode loscil) line 130: Invalid ftable no. 671.000000
from file new_output.csd (1)
a3:a,a4:a loscil 1:c,kcps2:k,iFtable:i,ibascps:i,0:c,1:c,2:c,-1:c,0:c,0:c
	  B 40.003INIT ERROR in instr 1: note deleted (1 init errors)

INIT ERROR in instr 1 (opcode loscil) line 130: Invalid ftable no. 671.000000
from file new_output.csd (1)
a3:a,a4:a loscil 1:c,kcps2:k,iFtable:i,ibascps:i,0:c,1:c,2:c,-1:c,0:c,0:c
	  B 40.247INIT ERROR in instr 1: note deleted (1 init errors)
voice: 4. no switch 671 == 671

INIT ERROR in instr 1 (opcode loscil) line 130: Invalid ftable no. 671.000000
from file new_output.csd (1)
a3:a,a4:a loscil 1:c,kcps2:k,iFtable:i,ibascps:i,0:c,1:c,2:c,-1:c,0:c,0:c
	  B 40.253INIT ERROR in instr 1: note deleted (1 init errors)
voice: 4. no switch 671 == 671

INIT ERROR in instr 1 (opcode loscil) line 130: Invalid ftable no. 671.000000
from file new_output.csd (1)
a3:a,a4:a loscil 1:c,kcps2:k,iFtable:i,ibascps:i,0:c,1:c,2:c,-1:c,0:c,0:c
	  B 40.500INIT ERROR in instr 1: note deleted (1 init errors)
voice: 4. no switch 671 == 671

INIT ERROR in instr 1 (opcode loscil) line 130: Invalid ftable no. 671.000000
from file new_output.csd (1)
a3:a,a4:a loscil 1:c,kcps2:k,iFtable:i,ibascps:i,0:c,1:c,2:c,-1:c,0:c,0:c
	  B 40.512INIT ERROR in instr 1: note deleted (1 init errors)
voice: 4. no switch 671 == 671

INIT ERROR in instr 1 (opcode loscil) line 130: Invalid ftable no. 671.000000
from file new_output.csd (1)
a3:a,a4:a loscil 1:c,kcps2:k,iFtable:i,ibascps:i,0:c,1:c,2:c,-1:c,0:c,0:c
	  B 40.735INIT ERROR in instr 1: note deleted (1 init errors)

INIT ERROR in instr 1 (opcode loscil) line 130: Invalid ftable no. 671.000000
from file new_output.csd (1)
a3:a,a4:a loscil 1:c,kcps2:k,iFtable:i,ibascps:i,0:c,1:c,2:c,-1:c,0:c,0:c
	  B 40.760INIT ERROR in instr 1: note deleted (1 init errors)
voice: 4. no switch 671 == 671

INIT ERROR in instr 1 (opcode loscil) line 130: Invalid ftable no. 671.000000
from file new_output.csd (1)
a3:a,a4:a loscil 1:c,kcps2:k,iFtable:i,ibascps:i,0:c,1:c,2:c,-1:c,0:c,0:c
	  B 41.253INIT ERROR in instr 1: note deleted (1 init errors)

INIT ERROR in instr 1 (opcode loscil) line 130: Invalid ftable no. 671.000000
from file new_output.csd (1)
a3:a,a4:a loscil 1:c,kcps2:k,iFtable:i,ibascps:i,0:c,1:c,2:c,-1:c,0:c,0:c
	  B 41.490INIT ERROR in instr 1: note deleted (1 init errors)
voice: 4. no switch 671 == 671

INIT ERROR in instr 1 (opcode loscil) line 130: Invalid ftable no. 671.000000
from file new_output.csd (1)
a3:a,a4:a loscil 1:c,kcps2:k,iFtable:i,ibascps:i,0:c,1:c,2:c,-1:c,0:c,0:c
	  B 41.762INIT ERROR in instr 1: note deleted (1 init errors)

INIT ERROR in instr 1 (opcode loscil) line 130: Invalid ftable no. 671.000000
from file new_output.csd (1)
a3:a,a4:a loscil 1:c,kcps2:k,iFtable:i,ibascps:i,0:c,1:c,2:c,-1:c,0:c,0:c
	  B 42.015INIT ERROR in instr 1: note deleted (1 init errors)

INIT ERROR in instr 1 (opcode loscil) line 130: Invalid ftable no. 671.000000
from file new_output.csd (1)
a3:a,a4:a loscil 1:c,kcps2:k,iFtable:i,ibascps:i,0:c,1:c,2:c,-1:c,0:c,0:c
	  B 42.235INIT ERROR in instr 1: note deleted (1 init errors)
voice: 4. no switch 671 == 671

INIT ERROR in instr 1 (opcode loscil) line 130: Invalid ftable no. 671.000000
from file new_output.csd (1)
a3:a,a4:a loscil 1:c,kcps2:k,iFtable:i,ibascps:i,0:c,1:c,2:c,-1:c,0:c,0:c
	  B 42.237INIT ERROR in instr 1: note deleted (1 init errors)
voice: 4. no switch 671 == 671

INIT ERROR in instr 1 (opcode loscil) line 130: Invalid ftable no. 671.000000
from file new_output.csd (1)
a3:a,a4:a loscil 1:c,kcps2:k,iFtable:i,ibascps:i,0:c,1:c,2:c,-1:c,0:c,0:c
	  B 42.488INIT ERROR in instr 1: note deleted (1 init errors)
voice: 4. no switch 671 == 671

INIT ERROR in instr 1 (opcode loscil) line 130: Invalid ftable no. 671.000000
from file new_output.csd (1)
a3:a,a4:a loscil 1:c,kcps2:k,iFtable:i,ibascps:i,0:c,1:c,2:c,-1:c,0:c,0:c
	  B 42.493INIT ERROR in instr 1: note deleted (1 init errors)
voice: 4. no switch 671 == 671

INIT ERROR in instr 1 (opcode loscil) line 130: Invalid ftable no. 671.000000
from file new_output.csd (1)
a3:a,a4:a loscil 1:c,kcps2:k,iFtable:i,ibascps:i,0:c,1:c,2:c,-1:c,0:c,0:c
	  B 42.512INIT ERROR in instr 1: note deleted (1 init errors)

INIT ERROR in instr 1 (opcode loscil) line 130: Invalid ftable no. 671.000000
from file new_output.csd (1)
a3:a,a4:a loscil 1:c,kcps2:k,iFtable:i,ibascps:i,0:c,1:c,2:c,-1:c,0:c,0:c
	  B 42.748INIT ERROR in instr 1: note deleted (1 init errors)
voice: 4. no switch 671 == 671

INIT ERROR in instr 1 (opcode loscil) line 130: Invalid ftable no. 671.000000
from file new_output.csd (1)
a3:a,a4:a loscil 1:c,kcps2:k,iFtable:i,ibascps:i,0:c,1:c,2:c,-1:c,0:c,0:c
	  B 42.992INIT ERROR in instr 1: note deleted (1 init errors)
voice: 4. no switch 671 == 671

INIT ERROR in instr 1 (opcode loscil) line 130: Invalid ftable no. 671.000000
from file new_output.csd (1)
a3:a,a4:a loscil 1:c,kcps2:k,iFtable:i,ibascps:i,0:c,1:c,2:c,-1:c,0:c,0:c
	  B 71.246INIT ERROR in instr 1: note deleted (1 init errors)
voice: 4. no switch 671 == 671

INIT ERROR in instr 1 (opcode loscil) line 130: Invalid ftable no. 671.000000
from file new_output.csd (1)
a3:a,a4:a loscil 1:c,kcps2:k,iFtable:i,ibascps:i,0:c,1:c,2:c,-1:c,0:c,0:c
	  B 71.249INIT ERROR in instr 1: note deleted (1 init errors)
voice: 4. no switch 671 == 671

INIT ERROR in instr 1 (opcode loscil) line 130: Invalid ftable no. 671.000000
from file new_output.csd (1)
a3:a,a4:a loscil 1:c,kcps2:k,iFtable:i,ibascps:i,0:c,1:c,2:c,-1:c,0:c,0:c
	  B 71.250INIT ERROR in instr 1: note deleted (1 init errors)
new alloc for instr 1:
voice: 4. no switch 671 == 671

INIT ERROR in instr 1 (opcode loscil) line 130: Invalid ftable no. 671.000000
from file new_output.csd (1)
a3:a,a4:a loscil 1:c,kcps2:k,iFtable:i,ibascps:i,0:c,1:c,2:c,-1:c,0:c,0:c
	  B 71.257INIT ERROR in instr 1: note deleted (1 init errors)
new alloc for instr 1:
voice: 4. no switch 671 == 671

INIT ERROR in instr 1 (opcode loscil) line 130: Invalid ftable no. 671.000000
from file new_output.csd (1)
a3:a,a4:a loscil 1:c,kcps2:k,iFtable:i,ibascps:i,0:c,1:c,2:c,-1:c,0:c,0:c
	  B 75.986INIT ERROR in instr 1: note deleted (1 init errors)
voice: 4. no switch 671 == 671

INIT ERROR in instr 1 (opcode loscil) line 130: Invalid ftable no. 671.000000
from file new_output.csd (1)
a3:a,a4:a loscil 1:c,kcps2:k,iFtable:i,ibascps:i,0:c,1:c,2:c,-1:c,0:c,0:c
	  B 75.988INIT ERROR in instr 1: note deleted (1 init errors)
voice: 4. no switch 671 == 671

INIT ERROR in instr 1 (opcode loscil) line 130: Invalid ftable no. 671.000000
from file new_output.csd (1)
a3:a,a4:a loscil 1:c,kcps2:k,iFtable:i,ibascps:i,0:c,1:c,2:c,-1:c,0:c,0:c
	  B 78.989INIT ERROR in instr 1: note deleted (1 init errors)
voice: 4. no switch 671 == 671

INIT ERROR in instr 1 (opcode loscil) line 130: Invalid ftable no. 671.000000
from file new_output.csd (1)
a3:a,a4:a loscil 1:c,kcps2:k,iFtable:i,ibascps:i,0:c,1:c,2:c,-1:c,0:c,0:c
	  B 78.992INIT ERROR in instr 1: note deleted (1 init errors)
voice: 4. no switch 671 == 671

INIT ERROR in instr 1 (opcode loscil) line 130: Invalid ftable no. 671.000000
from file new_output.csd (1)
a3:a,a4:a loscil 1:c,kcps2:k,iFtable:i,ibascps:i,0:c,1:c,2:c,-1:c,0:c,0:c
	  B 80.499INIT ERROR in instr 1: note deleted (1 init errors)
voice: 4. no switch 671 == 671

INIT ERROR in instr 1 (opcode loscil) line 130: Invalid ftable no. 671.000000
from file new_output.csd (1)
a3:a,a4:a loscil 1:c,kcps2:k,iFtable:i,ibascps:i,0:c,1:c,2:c,-1:c,0:c,0:c
	  B 80.508INIT ERROR in instr 1: note deleted (1 init errors)
voice: 4. no switch 671 == 671

INIT ERROR in instr 1 (opcode loscil) line 130: Invalid ftable no. 671.000000
from file new_output.csd (1)
a3:a,a4:a loscil 1:c,kcps2:k,iFtable:i,ibascps:i,0:c,1:c,2:c,-1:c,0:c,0:c
	  B100.507INIT ERROR in instr 1: note deleted (1 init errors)
voice: 4. no switch 671 == 671

INIT ERROR in instr 1 (opcode loscil) line 130: Invalid ftable no. 671.000000
from file new_output.csd (1)
a3:a,a4:a loscil 1:c,kcps2:k,iFtable:i,ibascps:i,0:c,1:c,2:c,-1:c,0:c,0:c
	  B100.743INIT ERROR in instr 1: note deleted (1 init errors)
voice: 4. no switch 671 == 671

INIT ERROR in instr 1 (opcode loscil) line 130: Invalid ftable no. 671.000000
from file new_output.csd (1)
a3:a,a4:a loscil 1:c,kcps2:k,iFtable:i,ibascps:i,0:c,1:c,2:c,-1:c,0:c,0:c
	  B101.745INIT ERROR in instr 1: note deleted (1 init errors)
voice: 4. no switch 671 == 671

INIT ERROR in instr 1 (opcode loscil) line 130: Invalid ftable no. 671.000000
from file new_output.csd (1)
a3:a,a4:a loscil 1:c,kcps2:k,iFtable:i,ibascps:i,0:c,1:c,2:c,-1:c,0:c,0:c
	  B102.007INIT ERROR in instr 1: note deleted (1 init errors)
voice: 4. no switch 671 == 671

INIT ERROR in instr 1 (opcode loscil) line 130: Invalid ftable no. 671.000000
from file new_output.csd (1)
a3:a,a4:a loscil 1:c,kcps2:k,iFtable:i,ibascps:i,0:c,1:c,2:c,-1:c,0:c,0:c
	  B102.015INIT ERROR in instr 1: note deleted (1 init errors)
voice: 4. no switch 671 == 671

INIT ERROR in instr 1 (opcode loscil) line 130: Invalid ftable no. 671.000000
from file new_output.csd (1)
a3:a,a4:a loscil 1:c,kcps2:k,iFtable:i,ibascps:i,0:c,1:c,2:c,-1:c,0:c,0:c
	  B102.263INIT ERROR in instr 1: note deleted (1 init errors)
voice: 4. no switch 671 == 671

INIT ERROR in instr 1 (opcode loscil) line 130: Invalid ftable no. 671.000000
from file new_output.csd (1)
a3:a,a4:a loscil 1:c,kcps2:k,iFtable:i,ibascps:i,0:c,1:c,2:c,-1:c,0:c,0:c
	  B102.485INIT ERROR in instr 1: note deleted (1 init errors)
voice: 4. no switch 671 == 671

INIT ERROR in instr 1 (opcode loscil) line 130: Invalid ftable no. 671.000000
from file new_output.csd (1)
a3:a,a4:a loscil 1:c,kcps2:k,iFtable:i,ibascps:i,0:c,1:c,2:c,-1:c,0:c,0:c
	  B102.749INIT ERROR in instr 1: note deleted (1 init errors)
voice: 4. no switch 671 == 671

INIT ERROR in instr 1 (opcode loscil) line 130: Invalid ftable no. 671.000000
from file new_output.csd (1)
a3:a,a4:a loscil 1:c,kcps2:k,iFtable:i,ibascps:i,0:c,1:c,2:c,-1:c,0:c,0:c
	  B102.762INIT ERROR in instr 1: note deleted (1 init errors)
voice: 4. no switch 671 == 671

INIT ERROR in instr 1 (opcode loscil) line 130: Invalid ftable no. 671.000000
from file new_output.csd (1)
a3:a,a4:a loscil 1:c,kcps2:k,iFtable:i,ibascps:i,0:c,1:c,2:c,-1:c,0:c,0:c
	  B103.007INIT ERROR in instr 1: note deleted (1 init errors)
voice: 4. no switch 671 == 671

INIT ERROR in instr 1 (opcode loscil) line 130: Invalid ftable no. 671.000000
from file new_output.csd (1)
a3:a,a4:a loscil 1:c,kcps2:k,iFtable:i,ibascps:i,0:c,1:c,2:c,-1:c,0:c,0:c
	  B104.241INIT ERROR in instr 1: note deleted (1 init errors)
voice: 4. no switch 671 == 671

INIT ERROR in instr 1 (opcode loscil) line 130: Invalid ftable no. 671.000000
from file new_output.csd (1)
a3:a,a4:a loscil 1:c,kcps2:k,iFtable:i,ibascps:i,0:c,1:c,2:c,-1:c,0:c,0:c
	  B104.501INIT ERROR in instr 1: note deleted (1 init errors)
voice: 4. no switch 671 == 671

INIT ERROR in instr 1 (opcode loscil) line 130: Invalid ftable no. 671.000000
from file new_output.csd (1)
a3:a,a4:a loscil 1:c,kcps2:k,iFtable:i,ibascps:i,0:c,1:c,2:c,-1:c,0:c,0:c
	  B105.738INIT ERROR in instr 1: note deleted (1 init errors)
voice: 4. no switch 671 == 671

INIT ERROR in instr 1 (opcode loscil) line 130: Invalid ftable no. 671.000000
from file new_output.csd (1)
a3:a,a4:a loscil 1:c,kcps2:k,iFtable:i,ibascps:i,0:c,1:c,2:c,-1:c,0:c,0:c
	  B106.008INIT ERROR in instr 1: note deleted (1 init errors)
voice: 4. no switch 671 == 671

INIT ERROR in instr 1 (opcode loscil) line 130: Invalid ftable no. 671.000000
from file new_output.csd (1)
a3:a,a4:a loscil 1:c,kcps2:k,iFtable:i,ibascps:i,0:c,1:c,2:c,-1:c,0:c,0:c
	  B106.754INIT ERROR in instr 1: note deleted (1 init errors)
voice: 4. no switch 671 == 671

INIT ERROR in instr 1 (opcode loscil) line 130: Invalid ftable no. 671.000000
from file new_output.csd (1)
a3:a,a4:a loscil 1:c,kcps2:k,iFtable:i,ibascps:i,0:c,1:c,2:c,-1:c,0:c,0:c
	  B106.988INIT ERROR in instr 1: note deleted (1 init errors)
voice: 4. no switch 671 == 671

INIT ERROR in instr 1 (opcode loscil) line 130: Invalid ftable no. 671.000000
from file new_output.csd (1)
a3:a,a4:a loscil 1:c,kcps2:k,iFtable:i,ibascps:i,0:c,1:c,2:c,-1:c,0:c,0:c
	  B108.503INIT ERROR in instr 1: note deleted (1 init errors)
voice: 4. no switch 671 == 671

INIT ERROR in instr 1 (opcode loscil) line 130: Invalid ftable no. 671.000000
from file new_output.csd (1)
a3:a,a4:a loscil 1:c,kcps2:k,iFtable:i,ibascps:i,0:c,1:c,2:c,-1:c,0:c,0:c
	  B108.992INIT ERROR in instr 1: note deleted (1 init errors)
voice: 4. no switch 671 == 671

INIT ERROR in instr 1 (opcode loscil) line 130: Invalid ftable no. 671.000000
from file new_output.csd (1)
a3:a,a4:a loscil 1:c,kcps2:k,iFtable:i,ibascps:i,0:c,1:c,2:c,-1:c,0:c,0:c
	  B110.490INIT ERROR in instr 1: note deleted (1 init errors)
voice: 4. no switch 671 == 671

INIT ERROR in instr 1 (opcode loscil) line 130: Invalid ftable no. 671.000000
from file new_output.csd (1)
a3:a,a4:a loscil 1:c,kcps2:k,iFtable:i,ibascps:i,0:c,1:c,2:c,-1:c,0:c,0:c
	  B110.757INIT ERROR in instr 1: note deleted (1 init errors)
voice: 4. no switch 671 == 671

INIT ERROR in instr 1 (opcode loscil) line 130: Invalid ftable no. 671.000000
from file new_output.csd (1)
a3:a,a4:a loscil 1:c,kcps2:k,iFtable:i,ibascps:i,0:c,1:c,2:c,-1:c,0:c,0:c
	  B111.735INIT ERROR in instr 1: note deleted (1 init errors)
voice: 4. no switch 671 == 671

INIT ERROR in instr 1 (opcode loscil) line 130: Invalid ftable no. 671.000000
from file new_output.csd (1)
a3:a,a4:a loscil 1:c,kcps2:k,iFtable:i,ibascps:i,0:c,1:c,2:c,-1:c,0:c,0:c
	  B111.992INIT ERROR in instr 1: note deleted (1 init errors)
voice: 4. no switch 671 == 671

INIT ERROR in instr 1 (opcode loscil) line 130: Invalid ftable no. 671.000000
from file new_output.csd (1)
a3:a,a4:a loscil 1:c,kcps2:k,iFtable:i,ibascps:i,0:c,1:c,2:c,-1:c,0:c,0:c
	  B113.493INIT ERROR in instr 1: note deleted (1 init errors)
voice: 4. no switch 671 == 671

INIT ERROR in instr 1 (opcode loscil) line 130: Invalid ftable no. 671.000000
from file new_output.csd (1)
a3:a,a4:a loscil 1:c,kcps2:k,iFtable:i,ibascps:i,0:c,1:c,2:c,-1:c,0:c,0:c
	  B113.739INIT ERROR in instr 1: note deleted (1 init errors)
voice: 4. no switch 671 == 671

INIT ERROR in instr 1 (opcode loscil) line 130: Invalid ftable no. 671.000000
from file new_output.csd (1)
a3:a,a4:a loscil 1:c,kcps2:k,iFtable:i,ibascps:i,0:c,1:c,2:c,-1:c,0:c,0:c
	  B113.990INIT ERROR in instr 1: note deleted (1 init errors)
voice: 4. no switch 671 == 671

INIT ERROR in instr 1 (opcode loscil) line 130: Invalid ftable no. 671.000000
from file new_output.csd (1)
a3:a,a4:a loscil 1:c,kcps2:k,iFtable:i,ibascps:i,0:c,1:c,2:c,-1:c,0:c,0:c
	  B114.000INIT ERROR in instr 1: note deleted (1 init errors)
voice: 4. no switch 671 == 671

INIT ERROR in instr 1 (opcode loscil) line 130: Invalid ftable no. 671.000000
from file new_output.csd (1)
a3:a,a4:a loscil 1:c,kcps2:k,iFtable:i,ibascps:i,0:c,1:c,2:c,-1:c,0:c,0:c
	  B114.012INIT ERROR in instr 1: note deleted (1 init errors)
voice: 4. no switch 671 == 671

INIT ERROR in instr 1 (opcode loscil) line 130: Invalid ftable no. 671.000000
from file new_output.csd (1)
a3:a,a4:a loscil 1:c,kcps2:k,iFtable:i,ibascps:i,0:c,1:c,2:c,-1:c,0:c,0:c
	  B114.013INIT ERROR in instr 1: note deleted (1 init errors)
voice: 4. no switch 671 == 671

INIT ERROR in instr 1 (opcode loscil) line 130: Invalid ftable no. 671.000000
from file new_output.csd (1)
a3:a,a4:a loscil 1:c,kcps2:k,iFtable:i,ibascps:i,0:c,1:c,2:c,-1:c,0:c,0:c
	  B115.263INIT ERROR in instr 1: note deleted (1 init errors)
voice: 4. no switch 671 == 671

INIT ERROR in instr 1 (opcode loscil) line 130: Invalid ftable no. 671.000000
from file new_output.csd (1)
a3:a,a4:a loscil 1:c,kcps2:k,iFtable:i,ibascps:i,0:c,1:c,2:c,-1:c,0:c,0:c
	  B115.993INIT ERROR in instr 1: note deleted (1 init errors)
voice: 4. no switch 671 == 671

INIT ERROR in instr 1 (opcode loscil) line 130: Invalid ftable no. 671.000000
from file new_output.csd (1)
a3:a,a4:a loscil 1:c,kcps2:k,iFtable:i,ibascps:i,0:c,1:c,2:c,-1:c,0:c,0:c
	  B116.242INIT ERROR in instr 1: note deleted (1 init errors)
voice: 4. no switch 671 == 671

INIT ERROR in instr 1 (opcode loscil) line 130: Invalid ftable no. 671.000000
from file new_output.csd (1)
a3:a,a4:a loscil 1:c,kcps2:k,iFtable:i,ibascps:i,0:c,1:c,2:c,-1:c,0:c,0:c
	  B116.491INIT ERROR in instr 1: note deleted (1 init errors)
voice: 4. no switch 671 == 671

INIT ERROR in instr 1 (opcode loscil) line 130: Invalid ftable no. 671.000000
from file new_output.csd (1)
a3:a,a4:a loscil 1:c,kcps2:k,iFtable:i,ibascps:i,0:c,1:c,2:c,-1:c,0:c,0:c
	  B116.987INIT ERROR in instr 1: note deleted (1 init errors)
voice: 4. no switch 671 == 671

INIT ERROR in instr 1 (opcode loscil) line 130: Invalid ftable no. 671.000000
from file new_output.csd (1)
a3:a,a4:a loscil 1:c,kcps2:k,iFtable:i,ibascps:i,0:c,1:c,2:c,-1:c,0:c,0:c
	  B117.243INIT ERROR in instr 1: note deleted (1 init errors)
voice: 4. no switch 671 == 671

INIT ERROR in instr 1 (opcode loscil) line 130: Invalid ftable no. 671.000000
from file new_output.csd (1)
a3:a,a4:a loscil 1:c,kcps2:k,iFtable:i,ibascps:i,0:c,1:c,2:c,-1:c,0:c,0:c
	  B118.493INIT ERROR in instr 1: note deleted (1 init errors)
voice: 4. no switch 671 == 671

INIT ERROR in instr 1 (opcode loscil) line 130: Invalid ftable no. 671.000000
from file new_output.csd (1)
a3:a,a4:a loscil 1:c,kcps2:k,iFtable:i,ibascps:i,0:c,1:c,2:c,-1:c,0:c,0:c
	  B118.509INIT ERROR in instr 1: note deleted (1 init errors)
voice: 4. no switch 671 == 671

INIT ERROR in instr 1 (opcode loscil) line 130: Invalid ftable no. 671.000000
from file new_output.csd (1)
a3:a,a4:a loscil 1:c,kcps2:k,iFtable:i,ibascps:i,0:c,1:c,2:c,-1:c,0:c,0:c
	  B119.497INIT ERROR in instr 1: note deleted (1 init errors)
voice: 4. no switch 671 == 671

INIT ERROR in instr 1 (opcode loscil) line 130: Invalid ftable no. 671.000000
from file new_output.csd (1)
a3:a,a4:a loscil 1:c,kcps2:k,iFtable:i,ibascps:i,0:c,1:c,2:c,-1:c,0:c,0:c
	  B119.759INIT ERROR in instr 1: note deleted (1 init errors)
voice: 4. no switch 671 == 671

INIT ERROR in instr 1 (opcode loscil) line 130: Invalid ftable no. 671.000000
from file new_output.csd (1)
a3:a,a4:a loscil 1:c,kcps2:k,iFtable:i,ibascps:i,0:c,1:c,2:c,-1:c,0:c,0:c
	  B120.742INIT ERROR in instr 1: note deleted (1 init errors)
voice: 4. no switch 671 == 671

INIT ERROR in instr 1 (opcode loscil) line 130: Invalid ftable no. 671.000000
from file new_output.csd (1)
a3:a,a4:a loscil 1:c,kcps2:k,iFtable:i,ibascps:i,0:c,1:c,2:c,-1:c,0:c,0:c
	  B121.000INIT ERROR in instr 1: note deleted (1 init errors)
voice: 4. no switch 671 == 671

INIT ERROR in instr 1 (opcode loscil) line 130: Invalid ftable no. 671.000000
from file new_output.csd (1)
a3:a,a4:a loscil 1:c,kcps2:k,iFtable:i,ibascps:i,0:c,1:c,2:c,-1:c,0:c,0:c
	  B122.508INIT ERROR in instr 1: note deleted (1 init errors)
voice: 4. no switch 671 == 671

INIT ERROR in instr 1 (opcode loscil) line 130: Invalid ftable no. 671.000000
from file new_output.csd (1)
a3:a,a4:a loscil 1:c,kcps2:k,iFtable:i,ibascps:i,0:c,1:c,2:c,-1:c,0:c,0:c
	  B122.745INIT ERROR in instr 1: note deleted (1 init errors)
voice: 4. no switch 671 == 671

INIT ERROR in instr 1 (opcode loscil) line 130: Invalid ftable no. 671.000000
from file new_output.csd (1)
a3:a,a4:a loscil 1:c,kcps2:k,iFtable:i,ibascps:i,0:c,1:c,2:c,-1:c,0:c,0:c
	  B123.236INIT ERROR in instr 1: note deleted (1 init errors)
voice: 4. no switch 671 == 671

INIT ERROR in instr 1 (opcode loscil) line 130: Invalid ftable no. 671.000000
from file new_output.csd (1)
a3:a,a4:a loscil 1:c,kcps2:k,iFtable:i,ibascps:i,0:c,1:c,2:c,-1:c,0:c,0:c
	  B123.510INIT ERROR in instr 1: note deleted (1 init errors)
voice: 4. no switch 671 == 671

INIT ERROR in instr 1 (opcode loscil) line 130: Invalid ftable no. 671.000000
from file new_output.csd (1)
a3:a,a4:a loscil 1:c,kcps2:k,iFtable:i,ibascps:i,0:c,1:c,2:c,-1:c,0:c,0:c
	  B124.505INIT ERROR in instr 1: note deleted (1 init errors)
voice: 4. no switch 671 == 671

INIT ERROR in instr 1 (opcode loscil) line 130: Invalid ftable no. 671.000000
from file new_output.csd (1)
a3:a,a4:a loscil 1:c,kcps2:k,iFtable:i,ibascps:i,0:c,1:c,2:c,-1:c,0:c,0:c
	  B124.749INIT ERROR in instr 1: note deleted (1 init errors)
voice: 4. no switch 671 == 671

INIT ERROR in instr 1 (opcode loscil) line 130: Invalid ftable no. 671.000000
from file new_output.csd (1)
a3:a,a4:a loscil 1:c,kcps2:k,iFtable:i,ibascps:i,0:c,1:c,2:c,-1:c,0:c,0:c
	  B125.006INIT ERROR in instr 1: note deleted (1 init errors)
voice: 4. no switch 671 == 671

INIT ERROR in instr 1 (opcode loscil) line 130: Invalid ftable no. 671.000000
from file new_output.csd (1)
a3:a,a4:a loscil 1:c,kcps2:k,iFtable:i,ibascps:i,0:c,1:c,2:c,-1:c,0:c,0:c
	  B125.235INIT ERROR in instr 1: note deleted (1 init errors)
voice: 4. no switch 671 == 671

INIT ERROR in instr 1 (opcode loscil) line 130: Invalid ftable no. 671.000000
from file new_output.csd (1)
a3:a,a4:a loscil 1:c,kcps2:k,iFtable:i,ibascps:i,0:c,1:c,2:c,-1:c,0:c,0:c
	  B126.015INIT ERROR in instr 1: note deleted (1 init errors)
voice: 4. no switch 671 == 671

INIT ERROR in instr 1 (opcode loscil) line 130: Invalid ftable no. 671.000000
from file new_output.csd (1)
a3:a,a4:a loscil 1:c,kcps2:k,iFtable:i,ibascps:i,0:c,1:c,2:c,-1:c,0:c,0:c
	  B126.250INIT ERROR in instr 1: note deleted (1 init errors)
voice: 4. no switch 671 == 671

INIT ERROR in instr 1 (opcode loscil) line 130: Invalid ftable no. 671.000000
from file new_output.csd (1)
a3:a,a4:a loscil 1:c,kcps2:k,iFtable:i,ibascps:i,0:c,1:c,2:c,-1:c,0:c,0:c
	  B126.743INIT ERROR in instr 1: note deleted (1 init errors)
voice: 4. no switch 671 == 671

INIT ERROR in instr 1 (opcode loscil) line 130: Invalid ftable no. 671.000000
from file new_output.csd (1)
a3:a,a4:a loscil 1:c,kcps2:k,iFtable:i,ibascps:i,0:c,1:c,2:c,-1:c,0:c,0:c
	  B127.012INIT ERROR in instr 1: note deleted (1 init errors)
voice: 4. no switch 671 == 671

INIT ERROR in instr 1 (opcode loscil) line 130: Invalid ftable no. 671.000000
from file new_output.csd (1)
a3:a,a4:a loscil 1:c,kcps2:k,iFtable:i,ibascps:i,0:c,1:c,2:c,-1:c,0:c,0:c
	  B127.737INIT ERROR in instr 1: note deleted (1 init errors)
voice: 4. no switch 671 == 671

INIT ERROR in instr 1 (opcode loscil) line 130: Invalid ftable no. 671.000000
from file new_output.csd (1)
a3:a,a4:a loscil 1:c,kcps2:k,iFtable:i,ibascps:i,0:c,1:c,2:c,-1:c,0:c,0:c
	  B128.013INIT ERROR in instr 1: note deleted (1 init errors)
voice: 4. no switch 671 == 671

INIT ERROR in instr 1 (opcode loscil) line 130: Invalid ftable no. 671.000000
from file new_output.csd (1)
a3:a,a4:a loscil 1:c,kcps2:k,iFtable:i,ibascps:i,0:c,1:c,2:c,-1:c,0:c,0:c
	  B128.265INIT ERROR in instr 1: note deleted (1 init errors)
voice: 4. no switch 671 == 671

INIT ERROR in instr 1 (opcode loscil) line 130: Invalid ftable no. 671.000000
from file new_output.csd (1)
a3:a,a4:a loscil 1:c,kcps2:k,iFtable:i,ibascps:i,0:c,1:c,2:c,-1:c,0:c,0:c
	  B128.487INIT ERROR in instr 1: note deleted (1 init errors)
voice: 4. no switch 671 == 671

INIT ERROR in instr 1 (opcode loscil) line 130: Invalid ftable no. 671.000000
from file new_output.csd (1)
a3:a,a4:a loscil 1:c,kcps2:k,iFtable:i,ibascps:i,0:c,1:c,2:c,-1:c,0:c,0:c
	  B128.765INIT ERROR in instr 1: note deleted (1 init errors)
voice: 4. no switch 671 == 671

INIT ERROR in instr 1 (opcode loscil) line 130: Invalid ftable no. 671.000000
from file new_output.csd (1)
a3:a,a4:a loscil 1:c,kcps2:k,iFtable:i,ibascps:i,0:c,1:c,2:c,-1:c,0:c,0:c
	  B129.008INIT ERROR in instr 1: note deleted (1 init errors)
voice: 4. no switch 671 == 671

INIT ERROR in instr 1 (opcode loscil) line 130: Invalid ftable no. 671.000000
from file new_output.csd (1)
a3:a,a4:a loscil 1:c,kcps2:k,iFtable:i,ibascps:i,0:c,1:c,2:c,-1:c,0:c,0:c
	  B130.002INIT ERROR in instr 1: note deleted (1 init errors)
voice: 4. no switch 671 == 671

INIT ERROR in instr 1 (opcode loscil) line 130: Invalid ftable no. 671.000000
from file new_output.csd (1)
a3:a,a4:a loscil 1:c,kcps2:k,iFtable:i,ibascps:i,0:c,1:c,2:c,-1:c,0:c,0:c
	  B130.247INIT ERROR in instr 1: note deleted (1 init errors)
voice: 4. no switch 671 == 671

INIT ERROR in instr 1 (opcode loscil) line 130: Invalid ftable no. 671.000000
from file new_output.csd (1)
a3:a,a4:a loscil 1:c,kcps2:k,iFtable:i,ibascps:i,0:c,1:c,2:c,-1:c,0:c,0:c
	  B130.747INIT ERROR in instr 1: note deleted (1 init errors)
voice: 4. no switch 671 == 671

INIT ERROR in instr 1 (opcode loscil) line 130: Invalid ftable no. 671.000000
from file new_output.csd (1)
a3:a,a4:a loscil 1:c,kcps2:k,iFtable:i,ibascps:i,0:c,1:c,2:c,-1:c,0:c,0:c
	  B130.996INIT ERROR in instr 1: note deleted (1 init errors)
voice: 4. no switch 671 == 671

INIT ERROR in instr 1 (opcode loscil) line 130: Invalid ftable no. 671.000000
from file new_output.csd (1)
a3:a,a4:a loscil 1:c,kcps2:k,iFtable:i,ibascps:i,0:c,1:c,2:c,-1:c,0:c,0:c
	  B131.005INIT ERROR in instr 1: note deleted (1 init errors)
voice: 4. no switch 671 == 671

INIT ERROR in instr 1 (opcode loscil) line 130: Invalid ftable no. 671.000000
from file new_output.csd (1)
a3:a,a4:a loscil 1:c,kcps2:k,iFtable:i,ibascps:i,0:c,1:c,2:c,-1:c,0:c,0:c
	  B131.243INIT ERROR in instr 1: note deleted (1 init errors)
voice: 4. no switch 671 == 671

INIT ERROR in instr 1 (opcode loscil) line 130: Invalid ftable no. 671.000000
from file new_output.csd (1)
a3:a,a4:a loscil 1:c,kcps2:k,iFtable:i,ibascps:i,0:c,1:c,2:c,-1:c,0:c,0:c
	  B131.498INIT ERROR in instr 1: note deleted (1 init errors)
voice: 4. no switch 671 == 671

INIT ERROR in instr 1 (opcode loscil) line 130: Invalid ftable no. 671.000000
from file new_output.csd (1)
a3:a,a4:a loscil 1:c,kcps2:k,iFtable:i,ibascps:i,0:c,1:c,2:c,-1:c,0:c,0:c
	  B131.735INIT ERROR in instr 1: note deleted (1 init errors)
voice: 4. no switch 671 == 671

INIT ERROR in instr 1 (opcode loscil) line 130: Invalid ftable no. 671.000000
from file new_output.csd (1)
a3:a,a4:a loscil 1:c,kcps2:k,iFtable:i,ibascps:i,0:c,1:c,2:c,-1:c,0:c,0:c
	  B131.755INIT ERROR in instr 1: note deleted (1 init errors)
voice: 4. no switch 671 == 671

INIT ERROR in instr 1 (opcode loscil) line 130: Invalid ftable no. 671.000000
from file new_output.csd (1)
a3:a,a4:a loscil 1:c,kcps2:k,iFtable:i,ibascps:i,0:c,1:c,2:c,-1:c,0:c,0:c
	  B131.993INIT ERROR in instr 1: note deleted (1 init errors)
voice: 4. no switch 671 == 671

INIT ERROR in instr 1 (opcode loscil) line 130: Invalid ftable no. 671.000000
from file new_output.csd (1)
a3:a,a4:a loscil 1:c,kcps2:k,iFtable:i,ibascps:i,0:c,1:c,2:c,-1:c,0:c,0:c
	  B132.757INIT ERROR in instr 1: note deleted (1 init errors)
voice: 4. no switch 671 == 671

INIT ERROR in instr 1 (opcode loscil) line 130: Invalid ftable no. 671.000000
from file new_output.csd (1)
a3:a,a4:a loscil 1:c,kcps2:k,iFtable:i,ibascps:i,0:c,1:c,2:c,-1:c,0:c,0:c
	  B132.995INIT ERROR in instr 1: note deleted (1 init errors)
voice: 4. no switch 671 == 671

INIT ERROR in instr 1 (opcode loscil) line 130: Invalid ftable no. 671.000000
from file new_output.csd (1)
a3:a,a4:a loscil 1:c,kcps2:k,iFtable:i,ibascps:i,0:c,1:c,2:c,-1:c,0:c,0:c
	  B132.997INIT ERROR in instr 1: note deleted (1 init errors)
voice: 4. no switch 671 == 671

INIT ERROR in instr 1 (opcode loscil) line 130: Invalid ftable no. 671.000000
from file new_output.csd (1)
a3:a,a4:a loscil 1:c,kcps2:k,iFtable:i,ibascps:i,0:c,1:c,2:c,-1:c,0:c,0:c
	  B133.507INIT ERROR in instr 1: note deleted (1 init errors)
voice: 4. no switch 671 == 671

INIT ERROR in instr 1 (opcode loscil) line 130: Invalid ftable no. 671.000000
from file new_output.csd (1)
a3:a,a4:a loscil 1:c,kcps2:k,iFtable:i,ibascps:i,0:c,1:c,2:c,-1:c,0:c,0:c
	  B133.993INIT ERROR in instr 1: note deleted (1 init errors)
voice: 4. no switch 671 == 671

INIT ERROR in instr 1 (opcode loscil) line 130: Invalid ftable no. 671.000000
from file new_output.csd (1)
a3:a,a4:a loscil 1:c,kcps2:k,iFtable:i,ibascps:i,0:c,1:c,2:c,-1:c,0:c,0:c
	  B134.490INIT ERROR in instr 1: note deleted (1 init errors)
voice: 4. no switch 671 == 671

INIT ERROR in instr 1 (opcode loscil) line 130: Invalid ftable no. 671.000000
from file new_output.csd (1)
a3:a,a4:a loscil 1:c,kcps2:k,iFtable:i,ibascps:i,0:c,1:c,2:c,-1:c,0:c,0:c
	  B135.239INIT ERROR in instr 1: note deleted (1 init errors)
voice: 4. no switch 671 == 671

INIT ERROR in instr 1 (opcode loscil) line 130: Invalid ftable no. 671.000000
from file new_output.csd (1)
a3:a,a4:a loscil 1:c,kcps2:k,iFtable:i,ibascps:i,0:c,1:c,2:c,-1:c,0:c,0:c
	  B135.509INIT ERROR in instr 1: note deleted (1 init errors)
voice: 4. no switch 671 == 671

INIT ERROR in instr 1 (opcode loscil) line 130: Invalid ftable no. 671.000000
from file new_output.csd (1)
a3:a,a4:a loscil 1:c,kcps2:k,iFtable:i,ibascps:i,0:c,1:c,2:c,-1:c,0:c,0:c
	  B135.738INIT ERROR in instr 1: note deleted (1 init errors)
voice: 4. no switch 671 == 671

INIT ERROR in instr 1 (opcode loscil) line 130: Invalid ftable no. 671.000000
from file new_output.csd (1)
a3:a,a4:a loscil 1:c,kcps2:k,iFtable:i,ibascps:i,0:c,1:c,2:c,-1:c,0:c,0:c
	  B135.988INIT ERROR in instr 1: note deleted (1 init errors)
voice: 4. no switch 671 == 671

INIT ERROR in instr 1 (opcode loscil) line 130: Invalid ftable no. 671.000000
from file new_output.csd (1)
a3:a,a4:a loscil 1:c,kcps2:k,iFtable:i,ibascps:i,0:c,1:c,2:c,-1:c,0:c,0:c
	  B136.013INIT ERROR in instr 1: note deleted (1 init errors)
voice: 4. no switch 671 == 671

INIT ERROR in instr 1 (opcode loscil) line 130: Invalid ftable no. 671.000000
from file new_output.csd (1)
a3:a,a4:a loscil 1:c,kcps2:k,iFtable:i,ibascps:i,0:c,1:c,2:c,-1:c,0:c,0:c
	  B136.235INIT ERROR in instr 1: note deleted (1 init errors)
voice: 4. no switch 671 == 671

INIT ERROR in instr 1 (opcode loscil) line 130: Invalid ftable no. 671.000000
from file new_output.csd (1)
a3:a,a4:a loscil 1:c,kcps2:k,iFtable:i,ibascps:i,0:c,1:c,2:c,-1:c,0:c,0:c
	  B142.493INIT ERROR in instr 1: note deleted (1 init errors)
voice: 4. no switch 671 == 671

INIT ERROR in instr 1 (opcode loscil) line 130: Invalid ftable no. 671.000000
from file new_output.csd (1)
a3:a,a4:a loscil 1:c,kcps2:k,iFtable:i,ibascps:i,0:c,1:c,2:c,-1:c,0:c,0:c
	  B142.494INIT ERROR in instr 1: note deleted (1 init errors)
voice: 4. no switch 671 == 671

INIT ERROR in instr 1 (opcode loscil) line 130: Invalid ftable no. 671.000000
from file new_output.csd (1)
a3:a,a4:a loscil 1:c,kcps2:k,iFtable:i,ibascps:i,0:c,1:c,2:c,-1:c,0:c,0:c
	  B142.500INIT ERROR in instr 1: note deleted (1 init errors)
new alloc for instr 1:
voice: 4. no switch 671 == 671

INIT ERROR in instr 1 (opcode loscil) line 130: Invalid ftable no. 671.000000
from file new_output.csd (1)
a3:a,a4:a loscil 1:c,kcps2:k,iFtable:i,ibascps:i,0:c,1:c,2:c,-1:c,0:c,0:c
	  B142.515INIT ERROR in instr 1: note deleted (1 init errors)
voice: 4. no switch 671 == 671

INIT ERROR in instr 1 (opcode loscil) line 130: Invalid ftable no. 671.000000
from file new_output.csd (1)
a3:a,a4:a loscil 1:c,kcps2:k,iFtable:i,ibascps:i,0:c,1:c,2:c,-1:c,0:c,0:c
	  B151.991INIT ERROR in instr 1: note deleted (1 init errors)
voice: 4. no switch 671 == 671

INIT ERROR in instr 1 (opcode loscil) line 130: Invalid ftable no. 671.000000
from file new_output.csd (1)
a3:a,a4:a loscil 1:c,kcps2:k,iFtable:i,ibascps:i,0:c,1:c,2:c,-1:c,0:c,0:c
	  B152.003INIT ERROR in instr 1: note deleted (1 init errors)
voice: 4. no switch 671 == 671

INIT ERROR in instr 1 (opcode loscil) line 130: Invalid ftable no. 671.000000
from file new_output.csd (1)
a3:a,a4:a loscil 1:c,kcps2:k,iFtable:i,ibascps:i,0:c,1:c,2:c,-1:c,0:c,0:c
	  B156.491INIT ERROR in instr 1: note deleted (1 init errors)
voice: 4. no switch 671 == 671

INIT ERROR in instr 1 (opcode loscil) line 130: Invalid ftable no. 671.000000
from file new_output.csd (1)
a3:a,a4:a loscil 1:c,kcps2:k,iFtable:i,ibascps:i,0:c,1:c,2:c,-1:c,0:c,0:c
	  B156.496INIT ERROR in instr 1: note deleted (1 init errors)
voice: 4. no switch 671 == 671

INIT ERROR in instr 1 (opcode loscil) line 130: Invalid ftable no. 671.000000
from file new_output.csd (1)
a3:a,a4:a loscil 1:c,kcps2:k,iFtable:i,ibascps:i,0:c,1:c,2:c,-1:c,0:c,0:c
	  B156.502INIT ERROR in instr 1: note deleted (1 init errors)
voice: 4. no switch 671 == 671

INIT ERROR in instr 1 (opcode loscil) line 130: Invalid ftable no. 671.000000
from file new_output.csd (1)
a3:a,a4:a loscil 1:c,kcps2:k,iFtable:i,ibascps:i,0:c,1:c,2:c,-1:c,0:c,0:c
	  B156.510INIT ERROR in instr 1: note deleted (1 init errors)
voice: 4. no switch 671 == 671

INIT ERROR in instr 1 (opcode loscil) line 130: Invalid ftable no. 671.000000
from file new_output.csd (1)
a3:a,a4:a loscil 1:c,kcps2:k,iFtable:i,ibascps:i,0:c,1:c,2:c,-1:c,0:c,0:c
	  B164.490INIT ERROR in instr 1: note deleted (1 init errors)
voice: 4. no switch 671 == 671

INIT ERROR in instr 1 (opcode loscil) line 130: Invalid ftable no. 671.000000
from file new_output.csd (1)
a3:a,a4:a loscil 1:c,kcps2:k,iFtable:i,ibascps:i,0:c,1:c,2:c,-1:c,0:c,0:c
	  B164.490INIT ERROR in instr 1: note deleted (1 init errors)
voice: 4. no switch 671 == 671

INIT ERROR in instr 1 (opcode loscil) line 130: Invalid ftable no. 671.000000
from file new_output.csd (1)
a3:a,a4:a loscil 1:c,kcps2:k,iFtable:i,ibascps:i,0:c,1:c,2:c,-1:c,0:c,0:c
	  B189.987INIT ERROR in instr 1: note deleted (1 init errors)
voice: 4. no switch 671 == 671

INIT ERROR in instr 1 (opcode loscil) line 130: Invalid ftable no. 671.000000
from file new_output.csd (1)
a3:a,a4:a loscil 1:c,kcps2:k,iFtable:i,ibascps:i,0:c,1:c,2:c,-1:c,0:c,0:c
	  B189.991INIT ERROR in instr 1: note deleted (1 init errors)
voice: 4. no switch 671 == 671

INIT ERROR in instr 1 (opcode loscil) line 130: Invalid ftable no. 671.000000
from file new_output.csd (1)
a3:a,a4:a loscil 1:c,kcps2:k,iFtable:i,ibascps:i,0:c,1:c,2:c,-1:c,0:c,0:c
	  B190.001INIT ERROR in instr 1: note deleted (1 init errors)
voice: 4. no switch 671 == 671

INIT ERROR in instr 1 (opcode loscil) line 130: Invalid ftable no. 671.000000
from file new_output.csd (1)
a3:a,a4:a loscil 1:c,kcps2:k,iFtable:i,ibascps:i,0:c,1:c,2:c,-1:c,0:c,0:c
	  B190.010INIT ERROR in instr 1: note deleted (1 init errors)

INIT ERROR in instr 1 (opcode loscil) line 130: Invalid ftable no. 671.000000
from file new_output.csd (1)
a3:a,a4:a loscil 1:c,kcps2:k,iFtable:i,ibascps:i,0:c,1:c,2:c,-1:c,0:c,0:c
	  B193.005INIT ERROR in instr 1: note deleted (1 init errors)
voice: 4. no switch 671 == 671

INIT ERROR in instr 1 (opcode loscil) line 130: Invalid ftable no. 671.000000
from file new_output.csd (1)
a3:a,a4:a loscil 1:c,kcps2:k,iFtable:i,ibascps:i,0:c,1:c,2:c,-1:c,0:c,0:c
	  B193.006INIT ERROR in instr 1: note deleted (1 init errors)
voice: 4. no switch 671 == 671

INIT ERROR in instr 1 (opcode loscil) line 130: Invalid ftable no. 671.000000
from file new_output.csd (1)
a3:a,a4:a loscil 1:c,kcps2:k,iFtable:i,ibascps:i,0:c,1:c,2:c,-1:c,0:c,0:c
	  B194.498INIT ERROR in instr 1: note deleted (1 init errors)

INIT ERROR in instr 1 (opcode loscil) line 130: Invalid ftable no. 671.000000
from file new_output.csd (1)
a3:a,a4:a loscil 1:c,kcps2:k,iFtable:i,ibascps:i,0:c,1:c,2:c,-1:c,0:c,0:c
	  B194.498INIT ERROR in instr 1: note deleted (1 init errors)
voice: 4. no switch 671 == 671

INIT ERROR in instr 1 (opcode loscil) line 130: Invalid ftable no. 671.000000
from file new_output.csd (1)
a3:a,a4:a loscil 1:c,kcps2:k,iFtable:i,ibascps:i,0:c,1:c,2:c,-1:c,0:c,0:c
	  B194.501INIT ERROR in instr 1: note deleted (1 init errors)
voice: 4. no switch 671 == 671

INIT ERROR in instr 1 (opcode loscil) line 130: Invalid ftable no. 671.000000
from file new_output.csd (1)
a3:a,a4:a loscil 1:c,kcps2:k,iFtable:i,ibascps:i,0:c,1:c,2:c,-1:c,0:c,0:c
	  B194.511INIT ERROR in instr 1: note deleted (1 init errors)
voice: 4. no switch 671 == 671

INIT ERROR in instr 1 (opcode loscil) line 130: Invalid ftable no. 671.000000
from file new_output.csd (1)
a3:a,a4:a loscil 1:c,kcps2:k,iFtable:i,ibascps:i,0:c,1:c,2:c,-1:c,0:c,0:c
	  B194.737INIT ERROR in instr 1: note deleted (1 init errors)
voice: 4. no switch 671 == 671

INIT ERROR in instr 1 (opcode loscil) line 130: Invalid ftable no. 671.000000
from file new_output.csd (1)
a3:a,a4:a loscil 1:c,kcps2:k,iFtable:i,ibascps:i,0:c,1:c,2:c,-1:c,0:c,0:c
	  B195.002INIT ERROR in instr 1: note deleted (1 init errors)
voice: 4. no switch 671 == 671

INIT ERROR in instr 1 (opcode loscil) line 130: Invalid ftable no. 671.000000
from file new_output.csd (1)
a3:a,a4:a loscil 1:c,kcps2:k,iFtable:i,ibascps:i,0:c,1:c,2:c,-1:c,0:c,0:c
	  B195.752INIT ERROR in instr 1: note deleted (1 init errors)
voice: 4. no switch 671 == 671

INIT ERROR in instr 1 (opcode loscil) line 130: Invalid ftable no. 671.000000
from file new_output.csd (1)
a3:a,a4:a loscil 1:c,kcps2:k,iFtable:i,ibascps:i,0:c,1:c,2:c,-1:c,0:c,0:c
	  B195.988INIT ERROR in instr 1: note deleted (1 init errors)

INIT ERROR in instr 1 (opcode loscil) line 130: Invalid ftable no. 671.000000
from file new_output.csd (1)
a3:a,a4:a loscil 1:c,kcps2:k,iFtable:i,ibascps:i,0:c,1:c,2:c,-1:c,0:c,0:c
	  B196.248INIT ERROR in instr 1: note deleted (1 init errors)

INIT ERROR in instr 1 (opcode loscil) line 130: Invalid ftable no. 671.000000
from file new_output.csd (1)
a3:a,a4:a loscil 1:c,kcps2:k,iFtable:i,ibascps:i,0:c,1:c,2:c,-1:c,0:c,0:c
	  B196.505INIT ERROR in instr 1: note deleted (1 init errors)
voice: 4. no switch 671 == 671

INIT ERROR in instr 1 (opcode loscil) line 130: Invalid ftable no. 671.000000
from file new_output.csd (1)
a3:a,a4:a loscil 1:c,kcps2:k,iFtable:i,ibascps:i,0:c,1:c,2:c,-1:c,0:c,0:c
	  B197.760INIT ERROR in instr 1: note deleted (1 init errors)
voice: 4. no switch 671 == 671

INIT ERROR in instr 1 (opcode loscil) line 130: Invalid ftable no. 671.000000
from file new_output.csd (1)
a3:a,a4:a loscil 1:c,kcps2:k,iFtable:i,ibascps:i,0:c,1:c,2:c,-1:c,0:c,0:c
	  B198.257INIT ERROR in instr 1: note deleted (1 init errors)

INIT ERROR in instr 1 (opcode loscil) line 130: Invalid ftable no. 671.000000
from file new_output.csd (1)
a3:a,a4:a loscil 1:c,kcps2:k,iFtable:i,ibascps:i,0:c,1:c,2:c,-1:c,0:c,0:c
	  B201.007INIT ERROR in instr 1: note deleted (1 init errors)

INIT ERROR in instr 1 (opcode loscil) line 130: Invalid ftable no. 671.000000
from file new_output.csd (1)
a3:a,a4:a loscil 1:c,kcps2:k,iFtable:i,ibascps:i,0:c,1:c,2:c,-1:c,0:c,0:c
	  B201.253INIT ERROR in instr 1: note deleted (1 init errors)

INIT ERROR in instr 1 (opcode loscil) line 130: Invalid ftable no. 671.000000
from file new_output.csd (1)
a3:a,a4:a loscil 1:c,kcps2:k,iFtable:i,ibascps:i,0:c,1:c,2:c,-1:c,0:c,0:c
	  B201.501INIT ERROR in instr 1: note deleted (1 init errors)

INIT ERROR in instr 1 (opcode loscil) line 130: Invalid ftable no. 671.000000
from file new_output.csd (1)
a3:a,a4:a loscil 1:c,kcps2:k,iFtable:i,ibascps:i,0:c,1:c,2:c,-1:c,0:c,0:c
	  B201.744INIT ERROR in instr 1: note deleted (1 init errors)

INIT ERROR in instr 1 (opcode loscil) line 130: Invalid ftable no. 671.000000
from file new_output.csd (1)
a3:a,a4:a loscil 1:c,kcps2:k,iFtable:i,ibascps:i,0:c,1:c,2:c,-1:c,0:c,0:c
	  B201.995INIT ERROR in instr 1: note deleted (1 init errors)

INIT ERROR in instr 1 (opcode loscil) line 130: Invalid ftable no. 671.000000
from file new_output.csd (1)
a3:a,a4:a loscil 1:c,kcps2:k,iFtable:i,ibascps:i,0:c,1:c,2:c,-1:c,0:c,0:c
	  B202.263INIT ERROR in instr 1: note deleted (1 init errors)
voice: 4. no switch 671 == 671

INIT ERROR in instr 1 (opcode loscil) line 130: Invalid ftable no. 671.000000
from file new_output.csd (1)
a3:a,a4:a loscil 1:c,kcps2:k,iFtable:i,ibascps:i,0:c,1:c,2:c,-1:c,0:c,0:c
	  B202.487INIT ERROR in instr 1: note deleted (1 init errors)

INIT ERROR in instr 1 (opcode loscil) line 130: Invalid ftable no. 671.000000
from file new_output.csd (1)
a3:a,a4:a loscil 1:c,kcps2:k,iFtable:i,ibascps:i,0:c,1:c,2:c,-1:c,0:c,0:c
	  B202.502INIT ERROR in instr 1: note deleted (1 init errors)

INIT ERROR in instr 1 (opcode loscil) line 130: Invalid ftable no. 671.000000
from file new_output.csd (1)
a3:a,a4:a loscil 1:c,kcps2:k,iFtable:i,ibascps:i,0:c,1:c,2:c,-1:c,0:c,0:c
	  B203.243INIT ERROR in instr 1: note deleted (1 init errors)

INIT ERROR in instr 1 (opcode loscil) line 130: Invalid ftable no. 671.000000
from file new_output.csd (1)
a3:a,a4:a loscil 1:c,kcps2:k,iFtable:i,ibascps:i,0:c,1:c,2:c,-1:c,0:c,0:c
	  B203.499INIT ERROR in instr 1: note deleted (1 init errors)

INIT ERROR in instr 1 (opcode loscil) line 130: Invalid ftable no. 671.000000
from file new_output.csd (1)
a3:a,a4:a loscil 1:c,kcps2:k,iFtable:i,ibascps:i,0:c,1:c,2:c,-1:c,0:c,0:c
	  B204.002INIT ERROR in instr 1: note deleted (1 init errors)

INIT ERROR in instr 1 (opcode loscil) line 130: Invalid ftable no. 671.000000
from file new_output.csd (1)
a3:a,a4:a loscil 1:c,kcps2:k,iFtable:i,ibascps:i,0:c,1:c,2:c,-1:c,0:c,0:c
	  B204.244INIT ERROR in instr 1: note deleted (1 init errors)
voice: 4. no switch 671 == 671

INIT ERROR in instr 1 (opcode loscil) line 130: Invalid ftable no. 671.000000
from file new_output.csd (1)
a3:a,a4:a loscil 1:c,kcps2:k,iFtable:i,ibascps:i,0:c,1:c,2:c,-1:c,0:c,0:c
	  B213.738INIT ERROR in instr 1: note deleted (1 init errors)
voice: 4. no switch 671 == 671

INIT ERROR in instr 1 (opcode loscil) line 130: Invalid ftable no. 671.000000
from file new_output.csd (1)
a3:a,a4:a loscil 1:c,kcps2:k,iFtable:i,ibascps:i,0:c,1:c,2:c,-1:c,0:c,0:c
	  B213.741INIT ERROR in instr 1: note deleted (1 init errors)

INIT ERROR in instr 1 (opcode loscil) line 130: Invalid ftable no. 671.000000
from file new_output.csd (1)
a3:a,a4:a loscil 1:c,kcps2:k,iFtable:i,ibascps:i,0:c,1:c,2:c,-1:c,0:c,0:c
	  B213.748INIT ERROR in instr 1: note deleted (1 init errors)
voice: 4. no switch 671 == 671

INIT ERROR in instr 1 (opcode loscil) line 130: Invalid ftable no. 671.000000
from file new_output.csd (1)
a3:a,a4:a loscil 1:c,kcps2:k,iFtable:i,ibascps:i,0:c,1:c,2:c,-1:c,0:c,0:c
	  B213.758INIT ERROR in instr 1: note deleted (1 init errors)
voice: 4. no switch 671 == 671

INIT ERROR in instr 1 (opcode loscil) line 130: Invalid ftable no. 671.000000
from file new_output.csd (1)
a3:a,a4:a loscil 1:c,kcps2:k,iFtable:i,ibascps:i,0:c,1:c,2:c,-1:c,0:c,0:c
	  B219.996INIT ERROR in instr 1: note deleted (1 init errors)
voice: 4. no switch 671 == 671

INIT ERROR in instr 1 (opcode loscil) line 130: Invalid ftable no. 671.000000
from file new_output.csd (1)
a3:a,a4:a loscil 1:c,kcps2:k,iFtable:i,ibascps:i,0:c,1:c,2:c,-1:c,0:c,0:c
	  B220.242INIT ERROR in instr 1: note deleted (1 init errors)
voice: 4. no switch 671 == 671

INIT ERROR in instr 1 (opcode loscil) line 130: Invalid ftable no. 671.000000
from file new_output.csd (1)
a3:a,a4:a loscil 1:c,kcps2:k,iFtable:i,ibascps:i,0:c,1:c,2:c,-1:c,0:c,0:c
	  B221.489INIT ERROR in instr 1: note deleted (1 init errors)
voice: 4. no switch 671 == 671

INIT ERROR in instr 1 (opcode loscil) line 130: Invalid ftable no. 671.000000
from file new_output.csd (1)
a3:a,a4:a loscil 1:c,kcps2:k,iFtable:i,ibascps:i,0:c,1:c,2:c,-1:c,0:c,0:c
	  B221.738INIT ERROR in instr 1: note deleted (1 init errors)
voice: 4. no switch 671 == 671

INIT ERROR in instr 1 (opcode loscil) line 130: Invalid ftable no. 671.000000
from file new_output.csd (1)
a3:a,a4:a loscil 1:c,kcps2:k,iFtable:i,ibascps:i,0:c,1:c,2:c,-1:c,0:c,0:c
	  B223.004INIT ERROR in instr 1: note deleted (1 init errors)
voice: 4. no switch 671 == 671

INIT ERROR in instr 1 (opcode loscil) line 130: Invalid ftable no. 671.000000
from file new_output.csd (1)
a3:a,a4:a loscil 1:c,kcps2:k,iFtable:i,ibascps:i,0:c,1:c,2:c,-1:c,0:c,0:c
	  B223.244INIT ERROR in instr 1: note deleted (1 init errors)
voice: 4. no switch 671 == 671

INIT ERROR in instr 1 (opcode loscil) line 130: Invalid ftable no. 671.000000
from file new_output.csd (1)
a3:a,a4:a loscil 1:c,kcps2:k,iFtable:i,ibascps:i,0:c,1:c,2:c,-1:c,0:c,0:c
	  B223.490INIT ERROR in instr 1: note deleted (1 init errors)
voice: 4. no switch 671 == 671

INIT ERROR in instr 1 (opcode loscil) line 130: Invalid ftable no. 671.000000
from file new_output.csd (1)
a3:a,a4:a loscil 1:c,kcps2:k,iFtable:i,ibascps:i,0:c,1:c,2:c,-1:c,0:c,0:c
	  B223.759INIT ERROR in instr 1: note deleted (1 init errors)
voice: 4. no switch 671 == 671

INIT ERROR in instr 1 (opcode loscil) line 130: Invalid ftable no. 671.000000
from file new_output.csd (1)
a3:a,a4:a loscil 1:c,kcps2:k,iFtable:i,ibascps:i,0:c,1:c,2:c,-1:c,0:c,0:c
	  B224.745INIT ERROR in instr 1: note deleted (1 init errors)
voice: 4. no switch 671 == 671

INIT ERROR in instr 1 (opcode loscil) line 130: Invalid ftable no. 671.000000
from file new_output.csd (1)
a3:a,a4:a loscil 1:c,kcps2:k,iFtable:i,ibascps:i,0:c,1:c,2:c,-1:c,0:c,0:c
	  B224.995INIT ERROR in instr 1: note deleted (1 init errors)
voice: 4. no switch 671 == 671

INIT ERROR in instr 1 (opcode loscil) line 130: Invalid ftable no. 671.000000
from file new_output.csd (1)
a3:a,a4:a loscil 1:c,kcps2:k,iFtable:i,ibascps:i,0:c,1:c,2:c,-1:c,0:c,0:c
	  B225.737INIT ERROR in instr 1: note deleted (1 init errors)
voice: 4. no switch 671 == 671

INIT ERROR in instr 1 (opcode loscil) line 130: Invalid ftable no. 671.000000
from file new_output.csd (1)
a3:a,a4:a loscil 1:c,kcps2:k,iFtable:i,ibascps:i,0:c,1:c,2:c,-1:c,0:c,0:c
	  B225.985INIT ERROR in instr 1: note deleted (1 init errors)
voice: 4. no switch 671 == 671

INIT ERROR in instr 1 (opcode loscil) line 130: Invalid ftable no. 671.000000
from file new_output.csd (1)
a3:a,a4:a loscil 1:c,kcps2:k,iFtable:i,ibascps:i,0:c,1:c,2:c,-1:c,0:c,0:c
	  B226.995INIT ERROR in instr 1: note deleted (1 init errors)
voice: 4. no switch 671 == 671

INIT ERROR in instr 1 (opcode loscil) line 130: Invalid ftable no. 671.000000
from file new_output.csd (1)
a3:a,a4:a loscil 1:c,kcps2:k,iFtable:i,ibascps:i,0:c,1:c,2:c,-1:c,0:c,0:c
	  B227.242INIT ERROR in instr 1: note deleted (1 init errors)

INIT ERROR in instr 1 (opcode loscil) line 130: Invalid ftable no. 671.000000
from file new_output.csd (1)
a3:a,a4:a loscil 1:c,kcps2:k,iFtable:i,ibascps:i,0:c,1:c,2:c,-1:c,0:c,0:c
	  B227.987INIT ERROR in instr 1: note deleted (1 init errors)

INIT ERROR in instr 1 (opcode loscil) line 130: Invalid ftable no. 671.000000
from file new_output.csd (1)
a3:a,a4:a loscil 1:c,kcps2:k,iFtable:i,ibascps:i,0:c,1:c,2:c,-1:c,0:c,0:c
	  B227.998INIT ERROR in instr 1: note deleted (1 init errors)
voice: 4. no switch 671 == 671

INIT ERROR in instr 1 (opcode loscil) line 130: Invalid ftable no. 671.000000
from file new_output.csd (1)
a3:a,a4:a loscil 1:c,kcps2:k,iFtable:i,ibascps:i,0:c,1:c,2:c,-1:c,0:c,0:c
	  B229.757INIT ERROR in instr 1: note deleted (1 init errors)
voice: 4. no switch 671 == 671

INIT ERROR in instr 1 (opcode loscil) line 130: Invalid ftable no. 671.000000
from file new_output.csd (1)
a3:a,a4:a loscil 1:c,kcps2:k,iFtable:i,ibascps:i,0:c,1:c,2:c,-1:c,0:c,0:c
	  B230.001INIT ERROR in instr 1: note deleted (1 init errors)

INIT ERROR in instr 1 (opcode loscil) line 130: Invalid ftable no. 671.000000
from file new_output.csd (1)
a3:a,a4:a loscil 1:c,kcps2:k,iFtable:i,ibascps:i,0:c,1:c,2:c,-1:c,0:c,0:c
	  B230.988INIT ERROR in instr 1: note deleted (1 init errors)
voice: 4. no switch 671 == 671

INIT ERROR in instr 1 (opcode loscil) line 130: Invalid ftable no. 671.000000
from file new_output.csd (1)
a3:a,a4:a loscil 1:c,kcps2:k,iFtable:i,ibascps:i,0:c,1:c,2:c,-1:c,0:c,0:c
	  B231.003INIT ERROR in instr 1: note deleted (1 init errors)
voice: 4. no switch 671 == 671

INIT ERROR in instr 1 (opcode loscil) line 130: Invalid ftable no. 671.000000
from file new_output.csd (1)
a3:a,a4:a loscil 1:c,kcps2:k,iFtable:i,ibascps:i,0:c,1:c,2:c,-1:c,0:c,0:c
	  B231.006INIT ERROR in instr 1: note deleted (1 init errors)
voice: 4. no switch 671 == 671

INIT ERROR in instr 1 (opcode loscil) line 130: Invalid ftable no. 671.000000
from file new_output.csd (1)
a3:a,a4:a loscil 1:c,kcps2:k,iFtable:i,ibascps:i,0:c,1:c,2:c,-1:c,0:c,0:c
	  B231.243INIT ERROR in instr 1: note deleted (1 init errors)
voice: 4. no switch 671 == 671

INIT ERROR in instr 1 (opcode loscil) line 130: Invalid ftable no. 671.000000
from file new_output.csd (1)
a3:a,a4:a loscil 1:c,kcps2:k,iFtable:i,ibascps:i,0:c,1:c,2:c,-1:c,0:c,0:c
	  B231.998INIT ERROR in instr 1: note deleted (1 init errors)
voice: 4. no switch 671 == 671

INIT ERROR in instr 1 (opcode loscil) line 130: Invalid ftable no. 671.000000
from file new_output.csd (1)
a3:a,a4:a loscil 1:c,kcps2:k,iFtable:i,ibascps:i,0:c,1:c,2:c,-1:c,0:c,0:c
	  B232.262INIT ERROR in instr 1: note deleted (1 init errors)

INIT ERROR in instr 1 (opcode loscil) line 130: Invalid ftable no. 671.000000
from file new_output.csd (1)
a3:a,a4:a loscil 1:c,kcps2:k,iFtable:i,ibascps:i,0:c,1:c,2:c,-1:c,0:c,0:c
	  B232.492INIT ERROR in instr 1: note deleted (1 init errors)
voice: 4. no switch 671 == 671

INIT ERROR in instr 1 (opcode loscil) line 130: Invalid ftable no. 671.000000
from file new_output.csd (1)
a3:a,a4:a loscil 1:c,kcps2:k,iFtable:i,ibascps:i,0:c,1:c,2:c,-1:c,0:c,0:c
	  B232.510INIT ERROR in instr 1: note deleted (1 init errors)

INIT ERROR in instr 1 (opcode loscil) line 130: Invalid ftable no. 671.000000
from file new_output.csd (1)
a3:a,a4:a loscil 1:c,kcps2:k,iFtable:i,ibascps:i,0:c,1:c,2:c,-1:c,0:c,0:c
	  B232.512INIT ERROR in instr 1: note deleted (1 init errors)

INIT ERROR in instr 1 (opcode loscil) line 130: Invalid ftable no. 671.000000
from file new_output.csd (1)
a3:a,a4:a loscil 1:c,kcps2:k,iFtable:i,ibascps:i,0:c,1:c,2:c,-1:c,0:c,0:c
	  B232.515INIT ERROR in instr 1: note deleted (1 init errors)

INIT ERROR in instr 1 (opcode loscil) line 130: Invalid ftable no. 671.000000
from file new_output.csd (1)
a3:a,a4:a loscil 1:c,kcps2:k,iFtable:i,ibascps:i,0:c,1:c,2:c,-1:c,0:c,0:c
	  B240.492INIT ERROR in instr 1: note deleted (1 init errors)
voice: 4. no switch 671 == 671

INIT ERROR in instr 1 (opcode loscil) line 130: Invalid ftable no. 671.000000
from file new_output.csd (1)
a3:a,a4:a loscil 1:c,kcps2:k,iFtable:i,ibascps:i,0:c,1:c,2:c,-1:c,0:c,0:c
	  B240.515INIT ERROR in instr 1: note deleted (1 init errors)
voice: 4. no switch 671 == 671

INIT ERROR in instr 1 (opcode loscil) line 130: Invalid ftable no. 671.000000
from file new_output.csd (1)
a3:a,a4:a loscil 1:c,kcps2:k,iFtable:i,ibascps:i,0:c,1:c,2:c,-1:c,0:c,0:c
	  B266.000INIT ERROR in instr 1: note deleted (1 init errors)

INIT ERROR in instr 1 (opcode loscil) line 130: Invalid ftable no. 671.000000
from file new_output.csd (1)
a3:a,a4:a loscil 1:c,kcps2:k,iFtable:i,ibascps:i,0:c,1:c,2:c,-1:c,0:c,0:c
	  B266.008INIT ERROR in instr 1: note deleted (1 init errors)
voice: 4. no switch 671 == 671

INIT ERROR in instr 1 (opcode loscil) line 130: Invalid ftable no. 671.000000
from file new_output.csd (1)
a3:a,a4:a loscil 1:c,kcps2:k,iFtable:i,ibascps:i,0:c,1:c,2:c,-1:c,0:c,0:c
	  B266.013INIT ERROR in instr 1: note deleted (1 init errors)

INIT ERROR in instr 1 (opcode loscil) line 130: Invalid ftable no. 671.000000
from file new_output.csd (1)
a3:a,a4:a loscil 1:c,kcps2:k,iFtable:i,ibascps:i,0:c,1:c,2:c,-1:c,0:c,0:c
	  B266.015INIT ERROR in instr 1: note deleted (1 init errors)
voice: 4. no switch 671 == 671

INIT ERROR in instr 1 (opcode loscil) line 130: Invalid ftable no. 671.000000
from file new_output.csd (1)
a3:a,a4:a loscil 1:c,kcps2:k,iFtable:i,ibascps:i,0:c,1:c,2:c,-1:c,0:c,0:c
	  B268.999INIT ERROR in instr 1: note deleted (1 init errors)

INIT ERROR in instr 1 (opcode loscil) line 130: Invalid ftable no. 671.000000
from file new_output.csd (1)
a3:a,a4:a loscil 1:c,kcps2:k,iFtable:i,ibascps:i,0:c,1:c,2:c,-1:c,0:c,0:c
	  B269.015INIT ERROR in instr 1: note deleted (1 init errors)

INIT ERROR in instr 1 (opcode loscil) line 130: Invalid ftable no. 671.000000
from file new_output.csd (1)
a3:a,a4:a loscil 1:c,kcps2:k,iFtable:i,ibascps:i,0:c,1:c,2:c,-1:c,0:c,0:c
	  B270.493INIT ERROR in instr 1: note deleted (1 init errors)

INIT ERROR in instr 1 (opcode loscil) line 130: Invalid ftable no. 671.000000
from file new_output.csd (1)
a3:a,a4:a loscil 1:c,kcps2:k,iFtable:i,ibascps:i,0:c,1:c,2:c,-1:c,0:c,0:c
	  B270.500INIT ERROR in instr 1: note deleted (1 init errors)
voice: 4. no switch 671 == 671

INIT ERROR in instr 1 (opcode loscil) line 130: Invalid ftable no. 671.000000
from file new_output.csd (1)
a3:a,a4:a loscil 1:c,kcps2:k,iFtable:i,ibascps:i,0:c,1:c,2:c,-1:c,0:c,0:c
	  B284.995INIT ERROR in instr 1: note deleted (1 init errors)
voice: 4. no switch 671 == 671

INIT ERROR in instr 1 (opcode loscil) line 130: Invalid ftable no. 671.000000
from file new_output.csd (1)
a3:a,a4:a loscil 1:c,kcps2:k,iFtable:i,ibascps:i,0:c,1:c,2:c,-1:c,0:c,0:c
	  B284.996INIT ERROR in instr 1: note deleted (1 init errors)

INIT ERROR in instr 1 (opcode loscil) line 130: Invalid ftable no. 671.000000
from file new_output.csd (1)
a3:a,a4:a loscil 1:c,kcps2:k,iFtable:i,ibascps:i,0:c,1:c,2:c,-1:c,0:c,0:c
	  B284.999INIT ERROR in instr 1: note deleted (1 init errors)

INIT ERROR in instr 1 (opcode loscil) line 130: Invalid ftable no. 671.000000
from file new_output.csd (1)
a3:a,a4:a loscil 1:c,kcps2:k,iFtable:i,ibascps:i,0:c,1:c,2:c,-1:c,0:c,0:c
	  B285.007INIT ERROR in instr 1: note deleted (1 init errors)

INIT ERROR in instr 1 (opcode loscil) line 130: Invalid ftable no. 671.000000
from file new_output.csd (1)
a3:a,a4:a loscil 1:c,kcps2:k,iFtable:i,ibascps:i,0:c,1:c,2:c,-1:c,0:c,0:c
	  B290.001INIT ERROR in instr 1: note deleted (1 init errors)

INIT ERROR in instr 1 (opcode loscil) line 130: Invalid ftable no. 671.000000
from file new_output.csd (1)
a3:a,a4:a loscil 1:c,kcps2:k,iFtable:i,ibascps:i,0:c,1:c,2:c,-1:c,0:c,0:c
	  B290.244INIT ERROR in instr 1: note deleted (1 init errors)
voice: 4. no switch 671 == 671

INIT ERROR in instr 1 (opcode loscil) line 130: Invalid ftable no. 671.000000
from file new_output.csd (1)
a3:a,a4:a loscil 1:c,kcps2:k,iFtable:i,ibascps:i,0:c,1:c,2:c,-1:c,0:c,0:c
	  B290.265INIT ERROR in instr 1: note deleted (1 init errors)
voice: 4. no switch 671 == 671

INIT ERROR in instr 1 (opcode loscil) line 130: Invalid ftable no. 671.000000
from file new_output.csd (1)
a3:a,a4:a loscil 1:c,kcps2:k,iFtable:i,ibascps:i,0:c,1:c,2:c,-1:c,0:c,0:c
	  B290.764INIT ERROR in instr 1: note deleted (1 init errors)
voice: 4. no switch 671 == 671

INIT ERROR in instr 1 (opcode loscil) line 130: Invalid ftable no. 671.000000
from file new_output.csd (1)
a3:a,a4:a loscil 1:c,kcps2:k,iFtable:i,ibascps:i,0:c,1:c,2:c,-1:c,0:c,0:c
	  B290.765INIT ERROR in instr 1: note deleted (1 init errors)
voice: 4. no switch 671 == 671

INIT ERROR in instr 1 (opcode loscil) line 130: Invalid ftable no. 671.000000
from file new_output.csd (1)
a3:a,a4:a loscil 1:c,kcps2:k,iFtable:i,ibascps:i,0:c,1:c,2:c,-1:c,0:c,0:c
	  B291.000INIT ERROR in instr 1: note deleted (1 init errors)

INIT ERROR in instr 1 (opcode loscil) line 130: Invalid ftable no. 671.000000
from file new_output.csd (1)
a3:a,a4:a loscil 1:c,kcps2:k,iFtable:i,ibascps:i,0:c,1:c,2:c,-1:c,0:c,0:c
	  B291.490INIT ERROR in instr 1: note deleted (1 init errors)

INIT ERROR in instr 1 (opcode loscil) line 130: Invalid ftable no. 671.000000
from file new_output.csd (1)
a3:a,a4:a loscil 1:c,kcps2:k,iFtable:i,ibascps:i,0:c,1:c,2:c,-1:c,0:c,0:c
	  B291.754INIT ERROR in instr 1: note deleted (1 init errors)
voice: 4. no switch 671 == 671

INIT ERROR in instr 1 (opcode loscil) line 130: Invalid ftable no. 671.000000
from file new_output.csd (1)
a3:a,a4:a loscil 1:c,kcps2:k,iFtable:i,ibascps:i,0:c,1:c,2:c,-1:c,0:c,0:c
	  B292.755INIT ERROR in instr 1: note deleted (1 init errors)
voice: 4. no switch 671 == 671

INIT ERROR in instr 1 (opcode loscil) line 130: Invalid ftable no. 671.000000
from file new_output.csd (1)
a3:a,a4:a loscil 1:c,kcps2:k,iFtable:i,ibascps:i,0:c,1:c,2:c,-1:c,0:c,0:c
	  B293.001INIT ERROR in instr 1: note deleted (1 init errors)

INIT ERROR in instr 1 (opcode loscil) line 130: Invalid ftable no. 671.000000
from file new_output.csd (1)
a3:a,a4:a loscil 1:c,kcps2:k,iFtable:i,ibascps:i,0:c,1:c,2:c,-1:c,0:c,0:c
	  B293.010INIT ERROR in instr 1: note deleted (1 init errors)

INIT ERROR in instr 1 (opcode loscil) line 130: Invalid ftable no. 671.000000
from file new_output.csd (1)
a3:a,a4:a loscil 1:c,kcps2:k,iFtable:i,ibascps:i,0:c,1:c,2:c,-1:c,0:c,0:c
	  B293.987INIT ERROR in instr 1: note deleted (1 init errors)

INIT ERROR in instr 1 (opcode loscil) line 130: Invalid ftable no. 671.000000
from file new_output.csd (1)
a3:a,a4:a loscil 1:c,kcps2:k,iFtable:i,ibascps:i,0:c,1:c,2:c,-1:c,0:c,0:c
	  B294.260INIT ERROR in instr 1: note deleted (1 init errors)

INIT ERROR in instr 1 (opcode loscil) line 130: Invalid ftable no. 671.000000
from file new_output.csd (1)
a3:a,a4:a loscil 1:c,kcps2:k,iFtable:i,ibascps:i,0:c,1:c,2:c,-1:c,0:c,0:c
	  B294.510INIT ERROR in instr 1: note deleted (1 init errors)
voice: 4. no switch 671 == 671

INIT ERROR in instr 1 (opcode loscil) line 130: Invalid ftable no. 671.000000
from file new_output.csd (1)
a3:a,a4:a loscil 1:c,kcps2:k,iFtable:i,ibascps:i,0:c,1:c,2:c,-1:c,0:c,0:c
	  B294.737INIT ERROR in instr 1: note deleted (1 init errors)
voice: 4. no switch 671 == 671

INIT ERROR in instr 1 (opcode loscil) line 130: Invalid ftable no. 671.000000
from file new_output.csd (1)
a3:a,a4:a loscil 1:c,kcps2:k,iFtable:i,ibascps:i,0:c,1:c,2:c,-1:c,0:c,0:c
	  B294.998INIT ERROR in instr 1: note deleted (1 init errors)

INIT ERROR in instr 1 (opcode loscil) line 130: Invalid ftable no. 671.000000
from file new_output.csd (1)
a3:a,a4:a loscil 1:c,kcps2:k,iFtable:i,ibascps:i,0:c,1:c,2:c,-1:c,0:c,0:c
	  B295.253INIT ERROR in instr 1: note deleted (1 init errors)

INIT ERROR in instr 1 (opcode loscil) line 130: Invalid ftable no. 671.000000
from file new_output.csd (1)
a3:a,a4:a loscil 1:c,kcps2:k,iFtable:i,ibascps:i,0:c,1:c,2:c,-1:c,0:c,0:c
	  B295.504INIT ERROR in instr 1: note deleted (1 init errors)

INIT ERROR in instr 1 (opcode loscil) line 130: Invalid ftable no. 671.000000
from file new_output.csd (1)
a3:a,a4:a loscil 1:c,kcps2:k,iFtable:i,ibascps:i,0:c,1:c,2:c,-1:c,0:c,0:c
	  B296.755INIT ERROR in instr 1: note deleted (1 init errors)
voice: 4. no switch 671 == 671

INIT ERROR in instr 1 (opcode loscil) line 130: Invalid ftable no. 671.000000
from file new_output.csd (1)
a3:a,a4:a loscil 1:c,kcps2:k,iFtable:i,ibascps:i,0:c,1:c,2:c,-1:c,0:c,0:c
	  B297.003INIT ERROR in instr 1: note deleted (1 init errors)

INIT ERROR in instr 1 (opcode loscil) line 130: Invalid ftable no. 671.000000
from file new_output.csd (1)
a3:a,a4:a loscil 1:c,kcps2:k,iFtable:i,ibascps:i,0:c,1:c,2:c,-1:c,0:c,0:c
	  B297.010INIT ERROR in instr 1: note deleted (1 init errors)
voice: 4. no switch 671 == 671

INIT ERROR in instr 1 (opcode loscil) line 130: Invalid ftable no. 671.000000
from file new_output.csd (1)
a3:a,a4:a loscil 1:c,kcps2:k,iFtable:i,ibascps:i,0:c,1:c,2:c,-1:c,0:c,0:c
	  B297.256INIT ERROR in instr 1: note deleted (1 init errors)

INIT ERROR in instr 1 (opcode loscil) line 130: Invalid ftable no. 671.000000
from file new_output.csd (1)
a3:a,a4:a loscil 1:c,kcps2:k,iFtable:i,ibascps:i,0:c,1:c,2:c,-1:c,0:c,0:c
	  B298.011INIT ERROR in instr 1: note deleted (1 init errors)

INIT ERROR in instr 1 (opcode loscil) line 130: Invalid ftable no. 671.000000
from file new_output.csd (1)
a3:a,a4:a loscil 1:c,kcps2:k,iFtable:i,ibascps:i,0:c,1:c,2:c,-1:c,0:c,0:c
	  B298.236INIT ERROR in instr 1: note deleted (1 init errors)
voice: 4. no switch 671 == 671

INIT ERROR in instr 1 (opcode loscil) line 130: Invalid ftable no. 671.000000
from file new_output.csd (1)
a3:a,a4:a loscil 1:c,kcps2:k,iFtable:i,ibascps:i,0:c,1:c,2:c,-1:c,0:c,0:c
	  B298.250INIT ERROR in instr 1: note deleted (1 init errors)
voice: 4. no switch 671 == 671

INIT ERROR in instr 1 (opcode loscil) line 130: Invalid ftable no. 671.000000
from file new_output.csd (1)
a3:a,a4:a loscil 1:c,kcps2:k,iFtable:i,ibascps:i,0:c,1:c,2:c,-1:c,0:c,0:c
	  B298.500INIT ERROR in instr 1: note deleted (1 init errors)
voice: 4. no switch 671 == 671

INIT ERROR in instr 1 (opcode loscil) line 130: Invalid ftable no. 671.000000
from file new_output.csd (1)
a3:a,a4:a loscil 1:c,kcps2:k,iFtable:i,ibascps:i,0:c,1:c,2:c,-1:c,0:c,0:c
	  B299.735INIT ERROR in instr 1: note deleted (1 init errors)
voice: 4. no switch 671 == 671

INIT ERROR in instr 1 (opcode loscil) line 130: Invalid ftable no. 671.000000
from file new_output.csd (1)
a3:a,a4:a loscil 1:c,kcps2:k,iFtable:i,ibascps:i,0:c,1:c,2:c,-1:c,0:c,0:c
	  B300.006INIT ERROR in instr 1: note deleted (1 init errors)

INIT ERROR in instr 1 (opcode loscil) line 130: Invalid ftable no. 671.000000
from file new_output.csd (1)
a3:a,a4:a loscil 1:c,kcps2:k,iFtable:i,ibascps:i,0:c,1:c,2:c,-1:c,0:c,0:c
	  B300.488INIT ERROR in instr 1: note deleted (1 init errors)

INIT ERROR in instr 1 (opcode loscil) line 130: Invalid ftable no. 671.000000
from file new_output.csd (1)
a3:a,a4:a loscil 1:c,kcps2:k,iFtable:i,ibascps:i,0:c,1:c,2:c,-1:c,0:c,0:c
	  B300.987INIT ERROR in instr 1: note deleted (1 init errors)
voice: 4. no switch 671 == 671

INIT ERROR in instr 1 (opcode loscil) line 130: Invalid ftable no. 671.000000
from file new_output.csd (1)
a3:a,a4:a loscil 1:c,kcps2:k,iFtable:i,ibascps:i,0:c,1:c,2:c,-1:c,0:c,0:c
	  B301.508INIT ERROR in instr 1: note deleted (1 init errors)
voice: 4. no switch 671 == 671

INIT ERROR in instr 1 (opcode loscil) line 130: Invalid ftable no. 671.000000
from file new_output.csd (1)
a3:a,a4:a loscil 1:c,kcps2:k,iFtable:i,ibascps:i,0:c,1:c,2:c,-1:c,0:c,0:c
	  B302.008INIT ERROR in instr 1: note deleted (1 init errors)

INIT ERROR in instr 1 (opcode loscil) line 130: Invalid ftable no. 671.000000
from file new_output.csd (1)
a3:a,a4:a loscil 1:c,kcps2:k,iFtable:i,ibascps:i,0:c,1:c,2:c,-1:c,0:c,0:c
	  B302.488INIT ERROR in instr 1: note deleted (1 init errors)

INIT ERROR in instr 1 (opcode loscil) line 130: Invalid ftable no. 671.000000
from file new_output.csd (1)
a3:a,a4:a loscil 1:c,kcps2:k,iFtable:i,ibascps:i,0:c,1:c,2:c,-1:c,0:c,0:c
	  B302.742INIT ERROR in instr 1: note deleted (1 init errors)

INIT ERROR in instr 1 (opcode loscil) line 130: Invalid ftable no. 671.000000
from file new_output.csd (1)
a3:a,a4:a loscil 1:c,kcps2:k,iFtable:i,ibascps:i,0:c,1:c,2:c,-1:c,0:c,0:c
	  B302.760INIT ERROR in instr 1: note deleted (1 init errors)

INIT ERROR in instr 1 (opcode loscil) line 130: Invalid ftable no. 671.000000
from file new_output.csd (1)
a3:a,a4:a loscil 1:c,kcps2:k,iFtable:i,ibascps:i,0:c,1:c,2:c,-1:c,0:c,0:c
	  B302.989INIT ERROR in instr 1: note deleted (1 init errors)
voice: 4. no switch 671 == 671

INIT ERROR in instr 1 (opcode loscil) line 130: Invalid ftable no. 671.000000
from file new_output.csd (1)
a3:a,a4:a loscil 1:c,kcps2:k,iFtable:i,ibascps:i,0:c,1:c,2:c,-1:c,0:c,0:c
	  B303.515INIT ERROR in instr 1: note deleted (1 init errors)

INIT ERROR in instr 1 (opcode loscil) line 130: Invalid ftable no. 671.000000
from file new_output.csd (1)
a3:a,a4:a loscil 1:c,kcps2:k,iFtable:i,ibascps:i,0:c,1:c,2:c,-1:c,0:c,0:c
	  B304.000INIT ERROR in instr 1: note deleted (1 init errors)

INIT ERROR in instr 1 (opcode loscil) line 130: Invalid ftable no. 671.000000
from file new_output.csd (1)
a3:a,a4:a loscil 1:c,kcps2:k,iFtable:i,ibascps:i,0:c,1:c,2:c,-1:c,0:c,0:c
	  B304.002INIT ERROR in instr 1: note deleted (1 init errors)
voice: 4. no switch 671 == 671

INIT ERROR in instr 1 (opcode loscil) line 130: Invalid ftable no. 671.000000
from file new_output.csd (1)
a3:a,a4:a loscil 1:c,kcps2:k,iFtable:i,ibascps:i,0:c,1:c,2:c,-1:c,0:c,0:c
	  B304.005INIT ERROR in instr 1: note deleted (1 init errors)

INIT ERROR in instr 1 (opcode loscil) line 130: Invalid ftable no. 671.000000
from file new_output.csd (1)
a3:a,a4:a loscil 1:c,kcps2:k,iFtable:i,ibascps:i,0:c,1:c,2:c,-1:c,0:c,0:c
	  B304.502INIT ERROR in instr 1: note deleted (1 init errors)

INIT ERROR in instr 1 (opcode loscil) line 130: Invalid ftable no. 671.000000
from file new_output.csd (1)
a3:a,a4:a loscil 1:c,kcps2:k,iFtable:i,ibascps:i,0:c,1:c,2:c,-1:c,0:c,0:c
	  B307.488INIT ERROR in instr 1: note deleted (1 init errors)

INIT ERROR in instr 1 (opcode loscil) line 130: Invalid ftable no. 671.000000
from file new_output.csd (1)
a3:a,a4:a loscil 1:c,kcps2:k,iFtable:i,ibascps:i,0:c,1:c,2:c,-1:c,0:c,0:c
	  B307.752INIT ERROR in instr 1: note deleted (1 init errors)

INIT ERROR in instr 1 (opcode loscil) line 130: Invalid ftable no. 671.000000
from file new_output.csd (1)
a3:a,a4:a loscil 1:c,kcps2:k,iFtable:i,ibascps:i,0:c,1:c,2:c,-1:c,0:c,0:c
	  B308.496INIT ERROR in instr 1: note deleted (1 init errors)

INIT ERROR in instr 1 (opcode loscil) line 130: Invalid ftable no. 671.000000
from file new_output.csd (1)
a3:a,a4:a loscil 1:c,kcps2:k,iFtable:i,ibascps:i,0:c,1:c,2:c,-1:c,0:c,0:c
	  B308.497INIT ERROR in instr 1: note deleted (1 init errors)
voice: 4. no switch 671 == 671

INIT ERROR in instr 1 (opcode loscil) line 130: Invalid ftable no. 671.000000
from file new_output.csd (1)
a3:a,a4:a loscil 1:c,kcps2:k,iFtable:i,ibascps:i,0:c,1:c,2:c,-1:c,0:c,0:c
	  B308.510INIT ERROR in instr 1: note deleted (1 init errors)
voice: 4. no switch 671 == 671

INIT ERROR in instr 1 (opcode loscil) line 130: Invalid ftable no. 671.000000
from file new_output.csd (1)
a3:a,a4:a loscil 1:c,kcps2:k,iFtable:i,ibascps:i,0:c,1:c,2:c,-1:c,0:c,0:c
	  B308.514INIT ERROR in instr 1: note deleted (1 init errors)

INIT ERROR in instr 1 (opcode loscil) line 130: Invalid ftable no. 671.000000
from file new_output.csd (1)
a3:a,a4:a loscil 1:c,kcps2:k,iFtable:i,ibascps:i,0:c,1:c,2:c,-1:c,0:c,0:c
	  B356.235INIT ERROR in instr 1: note deleted (1 init errors)
voice: 4. no switch 671 == 671

INIT ERROR in instr 1 (opcode loscil) line 130: Invalid ftable no. 671.000000
from file new_output.csd (1)
a3:a,a4:a loscil 1:c,kcps2:k,iFtable:i,ibascps:i,0:c,1:c,2:c,-1:c,0:c,0:c
	  B356.240INIT ERROR in instr 1: note deleted (1 init errors)
voice: 4. no switch 671 == 671

INIT ERROR in instr 1 (opcode loscil) line 130: Invalid ftable no. 671.000000
from file new_output.csd (1)
a3:a,a4:a loscil 1:c,kcps2:k,iFtable:i,ibascps:i,0:c,1:c,2:c,-1:c,0:c,0:c
	  B356.260INIT ERROR in instr 1: note deleted (1 init errors)

INIT ERROR in instr 1 (opcode loscil) line 130: Invalid ftable no. 671.000000
from file new_output.csd (1)
a3:a,a4:a loscil 1:c,kcps2:k,iFtable:i,ibascps:i,0:c,1:c,2:c,-1:c,0:c,0:c
	  B356.265INIT ERROR in instr 1: note deleted (1 init errors)

INIT ERROR in instr 1 (opcode loscil) line 130: Invalid ftable no. 672.000000
from file new_output.csd (1)
a3:a,a4:a loscil 1:c,kcps2:k,iFtable:i,ibascps:i,0:c,1:c,2:c,-1:c,0:c,0:c
	  B384.496INIT ERROR in instr 1: note deleted (1 init errors)
voice: 4. no switch 671 == 671

INIT ERROR in instr 1 (opcode loscil) line 130: Invalid ftable no. 671.000000
from file new_output.csd (1)
a3:a,a4:a loscil 1:c,kcps2:k,iFtable:i,ibascps:i,0:c,1:c,2:c,-1:c,0:c,0:c
	  B384.506INIT ERROR in instr 1: note deleted (1 init errors)
voice: 4. no switch 671 == 671

INIT ERROR in instr 1 (opcode loscil) line 130: Invalid ftable no. 671.000000
from file new_output.csd (1)
a3:a,a4:a loscil 1:c,kcps2:k,iFtable:i,ibascps:i,0:c,1:c,2:c,-1:c,0:c,0:c
	  B391.989INIT ERROR in instr 1: note deleted (1 init errors)
voice: 4. no switch 671 == 671

INIT ERROR in instr 1 (opcode loscil) line 130: Invalid ftable no. 671.000000
from file new_output.csd (1)
a3:a,a4:a loscil 1:c,kcps2:k,iFtable:i,ibascps:i,0:c,1:c,2:c,-1:c,0:c,0:c
	  B392.242INIT ERROR in instr 1: note deleted (1 init errors)
voice: 4. no switch 671 == 671

INIT ERROR in instr 1 (opcode loscil) line 130: Invalid ftable no. 671.000000
from file new_output.csd (1)
a3:a,a4:a loscil 1:c,kcps2:k,iFtable:i,ibascps:i,0:c,1:c,2:c,-1:c,0:c,0:c
	  B392.490INIT ERROR in instr 1: note deleted (1 init errors)
voice: 4. no switch 671 == 671

INIT ERROR in instr 1 (opcode loscil) line 130: Invalid ftable no. 671.000000
from file new_output.csd (1)
a3:a,a4:a loscil 1:c,kcps2:k,iFtable:i,ibascps:i,0:c,1:c,2:c,-1:c,0:c,0:c
	  B392.494INIT ERROR in instr 1: note deleted (1 init errors)
voice: 4. no switch 671 == 671

INIT ERROR in instr 1 (opcode loscil) line 130: Invalid ftable no. 671.000000
from file new_output.csd (1)
a3:a,a4:a loscil 1:c,kcps2:k,iFtable:i,ibascps:i,0:c,1:c,2:c,-1:c,0:c,0:c
	  B395.005INIT ERROR in instr 1: note deleted (1 init errors)
voice: 4. no switch 671 == 671

INIT ERROR in instr 1 (opcode loscil) line 130: Invalid ftable no. 671.000000
from file new_output.csd (1)
a3:a,a4:a loscil 1:c,kcps2:k,iFtable:i,ibascps:i,0:c,1:c,2:c,-1:c,0:c,0:c
	  B395.249INIT ERROR in instr 1: note deleted (1 init errors)
voice: 4. no switch 671 == 671

INIT ERROR in instr 1 (opcode loscil) line 130: Invalid ftable no. 671.000000
from file new_output.csd (1)
a3:a,a4:a loscil 1:c,kcps2:k,iFtable:i,ibascps:i,0:c,1:c,2:c,-1:c,0:c,0:c
	  B395.498INIT ERROR in instr 1: note deleted (1 init errors)
voice: 4. no switch 671 == 671

INIT ERROR in instr 1 (opcode loscil) line 130: Invalid ftable no. 671.000000
from file new_output.csd (1)
a3:a,a4:a loscil 1:c,kcps2:k,iFtable:i,ibascps:i,0:c,1:c,2:c,-1:c,0:c,0:c
	  B395.758INIT ERROR in instr 1: note deleted (1 init errors)
voice: 4. no switch 671 == 671

INIT ERROR in instr 1 (opcode loscil) line 130: Invalid ftable no. 671.000000
from file new_output.csd (1)
a3:a,a4:a loscil 1:c,kcps2:k,iFtable:i,ibascps:i,0:c,1:c,2:c,-1:c,0:c,0:c
	  B396.237INIT ERROR in instr 1: note deleted (1 init errors)
voice: 4. no switch 671 == 671

INIT ERROR in instr 1 (opcode loscil) line 130: Invalid ftable no. 671.000000
from file new_output.csd (1)
a3:a,a4:a loscil 1:c,kcps2:k,iFtable:i,ibascps:i,0:c,1:c,2:c,-1:c,0:c,0:c
	  B396.497INIT ERROR in instr 1: note deleted (1 init errors)
voice: 4. no switch 671 == 671

INIT ERROR in instr 1 (opcode loscil) line 130: Invalid ftable no. 671.000000
from file new_output.csd (1)
a3:a,a4:a loscil 1:c,kcps2:k,iFtable:i,ibascps:i,0:c,1:c,2:c,-1:c,0:c,0:c
	  B397.762INIT ERROR in instr 1: note deleted (1 init errors)
voice: 4. no switch 671 == 671

INIT ERROR in instr 1 (opcode loscil) line 130: Invalid ftable no. 671.000000
from file new_output.csd (1)
a3:a,a4:a loscil 1:c,kcps2:k,iFtable:i,ibascps:i,0:c,1:c,2:c,-1:c,0:c,0:c
	  B398.003INIT ERROR in instr 1: note deleted (1 init errors)

INIT ERROR in instr 1 (opcode loscil) line 130: Invalid ftable no. 672.000000
from file new_output.csd (1)
a3:a,a4:a loscil 1:c,kcps2:k,iFtable:i,ibascps:i,0:c,1:c,2:c,-1:c,0:c,0:c
	  B399.994INIT ERROR in instr 1: note deleted (1 init errors)

INIT ERROR in instr 1 (opcode loscil) line 130: Invalid ftable no. 672.000000
from file new_output.csd (1)
a3:a,a4:a loscil 1:c,kcps2:k,iFtable:i,ibascps:i,0:c,1:c,2:c,-1:c,0:c,0:c
	  B400.248INIT ERROR in instr 1: note deleted (1 init errors)
voice: 4. no switch 671 == 671

INIT ERROR in instr 1 (opcode loscil) line 130: Invalid ftable no. 671.000000
from file new_output.csd (1)
a3:a,a4:a loscil 1:c,kcps2:k,iFtable:i,ibascps:i,0:c,1:c,2:c,-1:c,0:c,0:c
	  B400.251INIT ERROR in instr 1: note deleted (1 init errors)
voice: 4. no switch 671 == 671

INIT ERROR in instr 1 (opcode loscil) line 130: Invalid ftable no. 671.000000
from file new_output.csd (1)
a3:a,a4:a loscil 1:c,kcps2:k,iFtable:i,ibascps:i,0:c,1:c,2:c,-1:c,0:c,0:c
	  B400.505INIT ERROR in instr 1: note deleted (1 init errors)
voice: 4. no switch 671 == 671

INIT ERROR in instr 1 (opcode loscil) line 130: Invalid ftable no. 671.000000
from file new_output.csd (1)
a3:a,a4:a loscil 1:c,kcps2:k,iFtable:i,ibascps:i,0:c,1:c,2:c,-1:c,0:c,0:c
	  B401.251INIT ERROR in instr 1: note deleted (1 init errors)
voice: 4. no switch 671 == 671

INIT ERROR in instr 1 (opcode loscil) line 130: Invalid ftable no. 671.000000
from file new_output.csd (1)
a3:a,a4:a loscil 1:c,kcps2:k,iFtable:i,ibascps:i,0:c,1:c,2:c,-1:c,0:c,0:c
	  B401.485INIT ERROR in instr 1: note deleted (1 init errors)

INIT ERROR in instr 1 (opcode loscil) line 130: Invalid ftable no. 672.000000
from file new_output.csd (1)
a3:a,a4:a loscil 1:c,kcps2:k,iFtable:i,ibascps:i,0:c,1:c,2:c,-1:c,0:c,0:c
	  B401.493INIT ERROR in instr 1: note deleted (1 init errors)

INIT ERROR in instr 1 (opcode loscil) line 130: Invalid ftable no. 672.000000
from file new_output.csd (1)
a3:a,a4:a loscil 1:c,kcps2:k,iFtable:i,ibascps:i,0:c,1:c,2:c,-1:c,0:c,0:c
	  B401.762INIT ERROR in instr 1: note deleted (1 init errors)
voice: 4. no switch 671 == 671

INIT ERROR in instr 1 (opcode loscil) line 130: Invalid ftable no. 671.000000
from file new_output.csd (1)
a3:a,a4:a loscil 1:c,kcps2:k,iFtable:i,ibascps:i,0:c,1:c,2:c,-1:c,0:c,0:c
	  B402.003INIT ERROR in instr 1: note deleted (1 init errors)
voice: 4. no switch 671 == 671

INIT ERROR in instr 1 (opcode loscil) line 130: Invalid ftable no. 671.000000
from file new_output.csd (1)
a3:a,a4:a loscil 1:c,kcps2:k,iFtable:i,ibascps:i,0:c,1:c,2:c,-1:c,0:c,0:c
	  B402.247INIT ERROR in instr 1: note deleted (1 init errors)

INIT ERROR in instr 1 (opcode loscil) line 130: Invalid ftable no. 672.000000
from file new_output.csd (1)
a3:a,a4:a loscil 1:c,kcps2:k,iFtable:i,ibascps:i,0:c,1:c,2:c,-1:c,0:c,0:c
	  B403.258INIT ERROR in instr 1: note deleted (1 init errors)

INIT ERROR in instr 1 (opcode loscil) line 130: Invalid ftable no. 672.000000
from file new_output.csd (1)
a3:a,a4:a loscil 1:c,kcps2:k,iFtable:i,ibascps:i,0:c,1:c,2:c,-1:c,0:c,0:c
	  B403.502INIT ERROR in instr 1: note deleted (1 init errors)
voice: 4. no switch 671 == 671

INIT ERROR in instr 1 (opcode loscil) line 130: Invalid ftable no. 671.000000
from file new_output.csd (1)
a3:a,a4:a loscil 1:c,kcps2:k,iFtable:i,ibascps:i,0:c,1:c,2:c,-1:c,0:c,0:c
	  B403.735INIT ERROR in instr 1: note deleted (1 init errors)
voice: 4. no switch 671 == 671

INIT ERROR in instr 1 (opcode loscil) line 130: Invalid ftable no. 671.000000
from file new_output.csd (1)
a3:a,a4:a loscil 1:c,kcps2:k,iFtable:i,ibascps:i,0:c,1:c,2:c,-1:c,0:c,0:c
	  B404.245INIT ERROR in instr 1: note deleted (1 init errors)

INIT ERROR in instr 1 (opcode loscil) line 130: Invalid ftable no. 672.000000
from file new_output.csd (1)
a3:a,a4:a loscil 1:c,kcps2:k,iFtable:i,ibascps:i,0:c,1:c,2:c,-1:c,0:c,0:c
	  B404.250INIT ERROR in instr 1: note deleted (1 init errors)

INIT ERROR in instr 1 (opcode loscil) line 130: Invalid ftable no. 672.000000
from file new_output.csd (1)
a3:a,a4:a loscil 1:c,kcps2:k,iFtable:i,ibascps:i,0:c,1:c,2:c,-1:c,0:c,0:c
	  B404.514INIT ERROR in instr 1: note deleted (1 init errors)

INIT ERROR in instr 1 (opcode loscil) line 130: Invalid ftable no. 672.000000
from file new_output.csd (1)
a3:a,a4:a loscil 1:c,kcps2:k,iFtable:i,ibascps:i,0:c,1:c,2:c,-1:c,0:c,0:c
	  B405.488INIT ERROR in instr 1: note deleted (1 init errors)
voice: 4. no switch 671 == 671

INIT ERROR in instr 1 (opcode loscil) line 130: Invalid ftable no. 671.000000
from file new_output.csd (1)
a3:a,a4:a loscil 1:c,kcps2:k,iFtable:i,ibascps:i,0:c,1:c,2:c,-1:c,0:c,0:c
	  B406.247INIT ERROR in instr 1: note deleted (1 init errors)

INIT ERROR in instr 1 (opcode loscil) line 130: Invalid ftable no. 672.000000
from file new_output.csd (1)
a3:a,a4:a loscil 1:c,kcps2:k,iFtable:i,ibascps:i,0:c,1:c,2:c,-1:c,0:c,0:c
	  B406.258INIT ERROR in instr 1: note deleted (1 init errors)

INIT ERROR in instr 1 (opcode loscil) line 130: Invalid ftable no. 672.000000
from file new_output.csd (1)
a3:a,a4:a loscil 1:c,kcps2:k,iFtable:i,ibascps:i,0:c,1:c,2:c,-1:c,0:c,0:c
	  B406.493INIT ERROR in instr 1: note deleted (1 init errors)
voice: 4. no switch 671 == 671

INIT ERROR in instr 1 (opcode loscil) line 130: Invalid ftable no. 671.000000
from file new_output.csd (1)
a3:a,a4:a loscil 1:c,kcps2:k,iFtable:i,ibascps:i,0:c,1:c,2:c,-1:c,0:c,0:c
	  B406.513INIT ERROR in instr 1: note deleted (1 init errors)

INIT ERROR in instr 1 (opcode loscil) line 130: Invalid ftable no. 672.000000
from file new_output.csd (1)
a3:a,a4:a loscil 1:c,kcps2:k,iFtable:i,ibascps:i,0:c,1:c,2:c,-1:c,0:c,0:c
	  B406.745INIT ERROR in instr 1: note deleted (1 init errors)
voice: 4. no switch 671 == 671

INIT ERROR in instr 1 (opcode loscil) line 130: Invalid ftable no. 671.000000
from file new_output.csd (1)
a3:a,a4:a loscil 1:c,kcps2:k,iFtable:i,ibascps:i,0:c,1:c,2:c,-1:c,0:c,0:c
	  B407.740INIT ERROR in instr 1: note deleted (1 init errors)
voice: 4. no switch 671 == 671

INIT ERROR in instr 1 (opcode loscil) line 130: Invalid ftable no. 671.000000
from file new_output.csd (1)
a3:a,a4:a loscil 1:c,kcps2:k,iFtable:i,ibascps:i,0:c,1:c,2:c,-1:c,0:c,0:c
	  B407.989INIT ERROR in instr 1: note deleted (1 init errors)
voice: 4. no switch 671 == 671

INIT ERROR in instr 1 (opcode loscil) line 130: Invalid ftable no. 671.000000
from file new_output.csd (1)
a3:a,a4:a loscil 1:c,kcps2:k,iFtable:i,ibascps:i,0:c,1:c,2:c,-1:c,0:c,0:c
	  B408.014INIT ERROR in instr 1: note deleted (1 init errors)
voice: 4. no switch 671 == 671

INIT ERROR in instr 1 (opcode loscil) line 130: Invalid ftable no. 671.000000
from file new_output.csd (1)
a3:a,a4:a loscil 1:c,kcps2:k,iFtable:i,ibascps:i,0:c,1:c,2:c,-1:c,0:c,0:c
	  B408.243INIT ERROR in instr 1: note deleted (1 init errors)
voice: 4. no switch 671 == 671

INIT ERROR in instr 1 (opcode loscil) line 130: Invalid ftable no. 671.000000
from file new_output.csd (1)
a3:a,a4:a loscil 1:c,kcps2:k,iFtable:i,ibascps:i,0:c,1:c,2:c,-1:c,0:c,0:c
	  B408.997INIT ERROR in instr 1: note deleted (1 init errors)
voice: 4. no switch 671 == 671

INIT ERROR in instr 1 (opcode loscil) line 130: Invalid ftable no. 671.000000
from file new_output.csd (1)
a3:a,a4:a loscil 1:c,kcps2:k,iFtable:i,ibascps:i,0:c,1:c,2:c,-1:c,0:c,0:c
	  B409.263INIT ERROR in instr 1: note deleted (1 init errors)
voice: 4. no switch 671 == 671

INIT ERROR in instr 1 (opcode loscil) line 130: Invalid ftable no. 671.000000
from file new_output.csd (1)
a3:a,a4:a loscil 1:c,kcps2:k,iFtable:i,ibascps:i,0:c,1:c,2:c,-1:c,0:c,0:c
	  B409.495INIT ERROR in instr 1: note deleted (1 init errors)
voice: 4. no switch 671 == 671

INIT ERROR in instr 1 (opcode loscil) line 130: Invalid ftable no. 671.000000
from file new_output.csd (1)
a3:a,a4:a loscil 1:c,kcps2:k,iFtable:i,ibascps:i,0:c,1:c,2:c,-1:c,0:c,0:c
	  B409.754INIT ERROR in instr 1: note deleted (1 init errors)

INIT ERROR in instr 1 (opcode loscil) line 130: Invalid ftable no. 672.000000
from file new_output.csd (1)
a3:a,a4:a loscil 1:c,kcps2:k,iFtable:i,ibascps:i,0:c,1:c,2:c,-1:c,0:c,0:c
	  B409.994INIT ERROR in instr 1: note deleted (1 init errors)

INIT ERROR in instr 1 (opcode loscil) line 130: Invalid ftable no. 672.000000
from file new_output.csd (1)
a3:a,a4:a loscil 1:c,kcps2:k,iFtable:i,ibascps:i,0:c,1:c,2:c,-1:c,0:c,0:c
	  B410.260INIT ERROR in instr 1: note deleted (1 init errors)
voice: 4. no switch 671 == 671

INIT ERROR in instr 1 (opcode loscil) line 130: Invalid ftable no. 671.000000
from file new_output.csd (1)
a3:a,a4:a loscil 1:c,kcps2:k,iFtable:i,ibascps:i,0:c,1:c,2:c,-1:c,0:c,0:c
	  B410.512INIT ERROR in instr 1: note deleted (1 init errors)
voice: 4. no switch 671 == 671

INIT ERROR in instr 1 (opcode loscil) line 130: Invalid ftable no. 671.000000
from file new_output.csd (1)
a3:a,a4:a loscil 1:c,kcps2:k,iFtable:i,ibascps:i,0:c,1:c,2:c,-1:c,0:c,0:c
	  B410.755INIT ERROR in instr 1: note deleted (1 init errors)
voice: 4. no switch 671 == 671

INIT ERROR in instr 1 (opcode loscil) line 130: Invalid ftable no. 671.000000
from file new_output.csd (1)
a3:a,a4:a loscil 1:c,kcps2:k,iFtable:i,ibascps:i,0:c,1:c,2:c,-1:c,0:c,0:c
	  B410.760INIT ERROR in instr 1: note deleted (1 init errors)
voice: 4. no switch 671 == 671

INIT ERROR in instr 1 (opcode loscil) line 130: Invalid ftable no. 671.000000
from file new_output.csd (1)
a3:a,a4:a loscil 1:c,kcps2:k,iFtable:i,ibascps:i,0:c,1:c,2:c,-1:c,0:c,0:c
	  B411.002INIT ERROR in instr 1: note deleted (1 init errors)
voice: 4. no switch 671 == 671

INIT ERROR in instr 1 (opcode loscil) line 130: Invalid ftable no. 671.000000
from file new_output.csd (1)
a3:a,a4:a loscil 1:c,kcps2:k,iFtable:i,ibascps:i,0:c,1:c,2:c,-1:c,0:c,0:c
	  B411.497INIT ERROR in instr 1: note deleted (1 init errors)
voice: 4. no switch 671 == 671

INIT ERROR in instr 1 (opcode loscil) line 130: Invalid ftable no. 671.000000
from file new_output.csd (1)
a3:a,a4:a loscil 1:c,kcps2:k,iFtable:i,ibascps:i,0:c,1:c,2:c,-1:c,0:c,0:c
	  B411.740INIT ERROR in instr 1: note deleted (1 init errors)
voice: 4. no switch 671 == 671

INIT ERROR in instr 1 (opcode loscil) line 130: Invalid ftable no. 671.000000
from file new_output.csd (1)
a3:a,a4:a loscil 1:c,kcps2:k,iFtable:i,ibascps:i,0:c,1:c,2:c,-1:c,0:c,0:c
	  B411.742INIT ERROR in instr 1: note deleted (1 init errors)
voice: 4. no switch 671 == 671

INIT ERROR in instr 1 (opcode loscil) line 130: Invalid ftable no. 671.000000
from file new_output.csd (1)
a3:a,a4:a loscil 1:c,kcps2:k,iFtable:i,ibascps:i,0:c,1:c,2:c,-1:c,0:c,0:c
	  B411.987INIT ERROR in instr 1: note deleted (1 init errors)
voice: 4. no switch 671 == 671

INIT ERROR in instr 1 (opcode loscil) line 130: Invalid ftable no. 671.000000
from file new_output.csd (1)
a3:a,a4:a loscil 1:c,kcps2:k,iFtable:i,ibascps:i,0:c,1:c,2:c,-1:c,0:c,0:c
	  B412.004INIT ERROR in instr 1: note deleted (1 init errors)

INIT ERROR in instr 1 (opcode loscil) line 130: Invalid ftable no. 672.000000
from file new_output.csd (1)
a3:a,a4:a loscil 1:c,kcps2:k,iFtable:i,ibascps:i,0:c,1:c,2:c,-1:c,0:c,0:c
	  B412.236INIT ERROR in instr 1: note deleted (1 init errors)
voice: 4. no switch 671 == 671

INIT ERROR in instr 1 (opcode loscil) line 130: Invalid ftable no. 671.000000
from file new_output.csd (1)
a3:a,a4:a loscil 1:c,kcps2:k,iFtable:i,ibascps:i,0:c,1:c,2:c,-1:c,0:c,0:c
	  B412.264INIT ERROR in instr 1: note deleted (1 init errors)
voice: 4. no switch 671 == 671

INIT ERROR in instr 1 (opcode loscil) line 130: Invalid ftable no. 671.000000
from file new_output.csd (1)
a3:a,a4:a loscil 1:c,kcps2:k,iFtable:i,ibascps:i,0:c,1:c,2:c,-1:c,0:c,0:c
	  B412.498INIT ERROR in instr 1: note deleted (1 init errors)

INIT ERROR in instr 1 (opcode loscil) line 130: Invalid ftable no. 672.000000
from file new_output.csd (1)
a3:a,a4:a loscil 1:c,kcps2:k,iFtable:i,ibascps:i,0:c,1:c,2:c,-1:c,0:c,0:c
	  B412.512INIT ERROR in instr 1: note deleted (1 init errors)
voice: 4. no switch 671 == 671

INIT ERROR in instr 1 (opcode loscil) line 130: Invalid ftable no. 671.000000
from file new_output.csd (1)
a3:a,a4:a loscil 1:c,kcps2:k,iFtable:i,ibascps:i,0:c,1:c,2:c,-1:c,0:c,0:c
	  B412.995INIT ERROR in instr 1: note deleted (1 init errors)
voice: 4. no switch 671 == 671

INIT ERROR in instr 1 (opcode loscil) line 130: Invalid ftable no. 671.000000
from file new_output.csd (1)
a3:a,a4:a loscil 1:c,kcps2:k,iFtable:i,ibascps:i,0:c,1:c,2:c,-1:c,0:c,0:c
	  B413.002INIT ERROR in instr 1: note deleted (1 init errors)
voice: 4. no switch 671 == 671

INIT ERROR in instr 1 (opcode loscil) line 130: Invalid ftable no. 671.000000
from file new_output.csd (1)
a3:a,a4:a loscil 1:c,kcps2:k,iFtable:i,ibascps:i,0:c,1:c,2:c,-1:c,0:c,0:c
	  B413.240INIT ERROR in instr 1: note deleted (1 init errors)
voice: 4. no switch 671 == 671

INIT ERROR in instr 1 (opcode loscil) line 130: Invalid ftable no. 671.000000
from file new_output.csd (1)
a3:a,a4:a loscil 1:c,kcps2:k,iFtable:i,ibascps:i,0:c,1:c,2:c,-1:c,0:c,0:c
	  B413.259INIT ERROR in instr 1: note deleted (1 init errors)
voice: 4. no switch 671 == 671

INIT ERROR in instr 1 (opcode loscil) line 130: Invalid ftable no. 671.000000
from file new_output.csd (1)
a3:a,a4:a loscil 1:c,kcps2:k,iFtable:i,ibascps:i,0:c,1:c,2:c,-1:c,0:c,0:c
	  B413.485INIT ERROR in instr 1: note deleted (1 init errors)
voice: 4. no switch 671 == 671

INIT ERROR in instr 1 (opcode loscil) line 130: Invalid ftable no. 671.000000
from file new_output.csd (1)
a3:a,a4:a loscil 1:c,kcps2:k,iFtable:i,ibascps:i,0:c,1:c,2:c,-1:c,0:c,0:c
	  B413.505INIT ERROR in instr 1: note deleted (1 init errors)

INIT ERROR in instr 1 (opcode loscil) line 130: Invalid ftable no. 672.000000
from file new_output.csd (1)
a3:a,a4:a loscil 1:c,kcps2:k,iFtable:i,ibascps:i,0:c,1:c,2:c,-1:c,0:c,0:c
	  B413.740INIT ERROR in instr 1: note deleted (1 init errors)
voice: 4. no switch 671 == 671

INIT ERROR in instr 1 (opcode loscil) line 130: Invalid ftable no. 671.000000
from file new_output.csd (1)
a3:a,a4:a loscil 1:c,kcps2:k,iFtable:i,ibascps:i,0:c,1:c,2:c,-1:c,0:c,0:c
	  B413.740INIT ERROR in instr 1: note deleted (1 init errors)

INIT ERROR in instr 1 (opcode loscil) line 130: Invalid ftable no. 672.000000
from file new_output.csd (1)
a3:a,a4:a loscil 1:c,kcps2:k,iFtable:i,ibascps:i,0:c,1:c,2:c,-1:c,0:c,0:c
	  B414.007INIT ERROR in instr 1: note deleted (1 init errors)

INIT ERROR in instr 1 (opcode loscil) line 130: Invalid ftable no. 672.000000
from file new_output.csd (1)
a3:a,a4:a loscil 1:c,kcps2:k,iFtable:i,ibascps:i,0:c,1:c,2:c,-1:c,0:c,0:c
	  B414.990INIT ERROR in instr 1: note deleted (1 init errors)

INIT ERROR in instr 1 (opcode loscil) line 130: Invalid ftable no. 672.000000
from file new_output.csd (1)
a3:a,a4:a loscil 1:c,kcps2:k,iFtable:i,ibascps:i,0:c,1:c,2:c,-1:c,0:c,0:c
	  B415.264INIT ERROR in instr 1: note deleted (1 init errors)
voice: 4. no switch 671 == 671

INIT ERROR in instr 1 (opcode loscil) line 130: Invalid ftable no. 671.000000
from file new_output.csd (1)
a3:a,a4:a loscil 1:c,kcps2:k,iFtable:i,ibascps:i,0:c,1:c,2:c,-1:c,0:c,0:c
	  B415.746INIT ERROR in instr 1: note deleted (1 init errors)

INIT ERROR in instr 1 (opcode loscil) line 130: Invalid ftable no. 672.000000
from file new_output.csd (1)
a3:a,a4:a loscil 1:c,kcps2:k,iFtable:i,ibascps:i,0:c,1:c,2:c,-1:c,0:c,0:c
	  B415.990INIT ERROR in instr 1: note deleted (1 init errors)
voice: 4. no switch 671 == 671

INIT ERROR in instr 1 (opcode loscil) line 130: Invalid ftable no. 671.000000
from file new_output.csd (1)
a3:a,a4:a loscil 1:c,kcps2:k,iFtable:i,ibascps:i,0:c,1:c,2:c,-1:c,0:c,0:c
	  B416.015INIT ERROR in instr 1: note deleted (1 init errors)

INIT ERROR in instr 1 (opcode loscil) line 130: Invalid ftable no. 672.000000
from file new_output.csd (1)
a3:a,a4:a loscil 1:c,kcps2:k,iFtable:i,ibascps:i,0:c,1:c,2:c,-1:c,0:c,0:c
	  B416.235INIT ERROR in instr 1: note deleted (1 init errors)
voice: 4. no switch 671 == 671

INIT ERROR in instr 1 (opcode loscil) line 130: Invalid ftable no. 671.000000
from file new_output.csd (1)
a3:a,a4:a loscil 1:c,kcps2:k,iFtable:i,ibascps:i,0:c,1:c,2:c,-1:c,0:c,0:c
	  B416.242INIT ERROR in instr 1: note deleted (1 init errors)
voice: 4. no switch 671 == 671

INIT ERROR in instr 1 (opcode loscil) line 130: Invalid ftable no. 671.000000
from file new_output.csd (1)
a3:a,a4:a loscil 1:c,kcps2:k,iFtable:i,ibascps:i,0:c,1:c,2:c,-1:c,0:c,0:c
	  B416.514INIT ERROR in instr 1: note deleted (1 init errors)
voice: 4. no switch 671 == 671

INIT ERROR in instr 1 (opcode loscil) line 130: Invalid ftable no. 671.000000
from file new_output.csd (1)
a3:a,a4:a loscil 1:c,kcps2:k,iFtable:i,ibascps:i,0:c,1:c,2:c,-1:c,0:c,0:c
	  B417.008INIT ERROR in instr 1: note deleted (1 init errors)
voice: 4. no switch 671 == 671

INIT ERROR in instr 1 (opcode loscil) line 130: Invalid ftable no. 671.000000
from file new_output.csd (1)
a3:a,a4:a loscil 1:c,kcps2:k,iFtable:i,ibascps:i,0:c,1:c,2:c,-1:c,0:c,0:c
	  B417.508INIT ERROR in instr 1: note deleted (1 init errors)
voice: 4. no switch 671 == 671

INIT ERROR in instr 1 (opcode loscil) line 130: Invalid ftable no. 671.000000
from file new_output.csd (1)
a3:a,a4:a loscil 1:c,kcps2:k,iFtable:i,ibascps:i,0:c,1:c,2:c,-1:c,0:c,0:c
	  B417.745INIT ERROR in instr 1: note deleted (1 init errors)

INIT ERROR in instr 1 (opcode loscil) line 130: Invalid ftable no. 672.000000
from file new_output.csd (1)
a3:a,a4:a loscil 1:c,kcps2:k,iFtable:i,ibascps:i,0:c,1:c,2:c,-1:c,0:c,0:c
	  B417.997INIT ERROR in instr 1: note deleted (1 init errors)

INIT ERROR in instr 1 (opcode loscil) line 130: Invalid ftable no. 672.000000
from file new_output.csd (1)
a3:a,a4:a loscil 1:c,kcps2:k,iFtable:i,ibascps:i,0:c,1:c,2:c,-1:c,0:c,0:c
	  B417.998INIT ERROR in instr 1: note deleted (1 init errors)
voice: 4. no switch 671 == 671

INIT ERROR in instr 1 (opcode loscil) line 130: Invalid ftable no. 671.000000
from file new_output.csd (1)
a3:a,a4:a loscil 1:c,kcps2:k,iFtable:i,ibascps:i,0:c,1:c,2:c,-1:c,0:c,0:c
	  B418.004INIT ERROR in instr 1: note deleted (1 init errors)

INIT ERROR in instr 1 (opcode loscil) line 130: Invalid ftable no. 672.000000
from file new_output.csd (1)
a3:a,a4:a loscil 1:c,kcps2:k,iFtable:i,ibascps:i,0:c,1:c,2:c,-1:c,0:c,0:c
	  B418.009INIT ERROR in instr 1: note deleted (1 init errors)

INIT ERROR in instr 1 (opcode loscil) line 130: Invalid ftable no. 672.000000
from file new_output.csd (1)
a3:a,a4:a loscil 1:c,kcps2:k,iFtable:i,ibascps:i,0:c,1:c,2:c,-1:c,0:c,0:c
	  B418.240INIT ERROR in instr 1: note deleted (1 init errors)

INIT ERROR in instr 1 (opcode loscil) line 130: Invalid ftable no. 672.000000
from file new_output.csd (1)
a3:a,a4:a loscil 1:c,kcps2:k,iFtable:i,ibascps:i,0:c,1:c,2:c,-1:c,0:c,0:c
	  B418.265INIT ERROR in instr 1: note deleted (1 init errors)

INIT ERROR in instr 1 (opcode loscil) line 130: Invalid ftable no. 672.000000
from file new_output.csd (1)
a3:a,a4:a loscil 1:c,kcps2:k,iFtable:i,ibascps:i,0:c,1:c,2:c,-1:c,0:c,0:c
	  B418.748INIT ERROR in instr 1: note deleted (1 init errors)

INIT ERROR in instr 1 (opcode loscil) line 130: Invalid ftable no. 672.000000
from file new_output.csd (1)
a3:a,a4:a loscil 1:c,kcps2:k,iFtable:i,ibascps:i,0:c,1:c,2:c,-1:c,0:c,0:c
	  B419.248INIT ERROR in instr 1: note deleted (1 init errors)

INIT ERROR in instr 1 (opcode loscil) line 130: Invalid ftable no. 672.000000
from file new_output.csd (1)
a3:a,a4:a loscil 1:c,kcps2:k,iFtable:i,ibascps:i,0:c,1:c,2:c,-1:c,0:c,0:c
	  B419.497INIT ERROR in instr 1: note deleted (1 init errors)

INIT ERROR in instr 1 (opcode loscil) line 130: Invalid ftable no. 672.000000
from file new_output.csd (1)
a3:a,a4:a loscil 1:c,kcps2:k,iFtable:i,ibascps:i,0:c,1:c,2:c,-1:c,0:c,0:c
	  B419.509INIT ERROR in instr 1: note deleted (1 init errors)

INIT ERROR in instr 1 (opcode loscil) line 130: Invalid ftable no. 672.000000
from file new_output.csd (1)
a3:a,a4:a loscil 1:c,kcps2:k,iFtable:i,ibascps:i,0:c,1:c,2:c,-1:c,0:c,0:c
	  B419.748INIT ERROR in instr 1: note deleted (1 init errors)

INIT ERROR in instr 1 (opcode loscil) line 130: Invalid ftable no. 672.000000
from file new_output.csd (1)
a3:a,a4:a loscil 1:c,kcps2:k,iFtable:i,ibascps:i,0:c,1:c,2:c,-1:c,0:c,0:c
	  B419.752INIT ERROR in instr 1: note deleted (1 init errors)

INIT ERROR in instr 1 (opcode loscil) line 130: Invalid ftable no. 672.000000
from file new_output.csd (1)
a3:a,a4:a loscil 1:c,kcps2:k,iFtable:i,ibascps:i,0:c,1:c,2:c,-1:c,0:c,0:c
	  B420.006INIT ERROR in instr 1: note deleted (1 init errors)

INIT ERROR in instr 1 (opcode loscil) line 130: Invalid ftable no. 672.000000
from file new_output.csd (1)
a3:a,a4:a loscil 1:c,kcps2:k,iFtable:i,ibascps:i,0:c,1:c,2:c,-1:c,0:c,0:c
	  B420.763INIT ERROR in instr 1: note deleted (1 init errors)

INIT ERROR in instr 1 (opcode loscil) line 130: Invalid ftable no. 672.000000
from file new_output.csd (1)
a3:a,a4:a loscil 1:c,kcps2:k,iFtable:i,ibascps:i,0:c,1:c,2:c,-1:c,0:c,0:c
	  B420.993INIT ERROR in instr 1: note deleted (1 init errors)
voice: 4. no switch 671 == 671

INIT ERROR in instr 1 (opcode loscil) line 130: Invalid ftable no. 671.000000
from file new_output.csd (1)
a3:a,a4:a loscil 1:c,kcps2:k,iFtable:i,ibascps:i,0:c,1:c,2:c,-1:c,0:c,0:c
	  B421.750INIT ERROR in instr 1: note deleted (1 init errors)
voice: 4. no switch 671 == 671

INIT ERROR in instr 1 (opcode loscil) line 130: Invalid ftable no. 671.000000
from file new_output.csd (1)
a3:a,a4:a loscil 1:c,kcps2:k,iFtable:i,ibascps:i,0:c,1:c,2:c,-1:c,0:c,0:c
	  B422.247INIT ERROR in instr 1: note deleted (1 init errors)

INIT ERROR in instr 1 (opcode loscil) line 130: Invalid ftable no. 672.000000
from file new_output.csd (1)
a3:a,a4:a loscil 1:c,kcps2:k,iFtable:i,ibascps:i,0:c,1:c,2:c,-1:c,0:c,0:c
	  B422.487INIT ERROR in instr 1: note deleted (1 init errors)

INIT ERROR in instr 1 (opcode loscil) line 130: Invalid ftable no. 672.000000
from file new_output.csd (1)
a3:a,a4:a loscil 1:c,kcps2:k,iFtable:i,ibascps:i,0:c,1:c,2:c,-1:c,0:c,0:c
	  B422.488INIT ERROR in instr 1: note deleted (1 init errors)

INIT ERROR in instr 1 (opcode loscil) line 130: Invalid ftable no. 672.000000
from file new_output.csd (1)
a3:a,a4:a loscil 1:c,kcps2:k,iFtable:i,ibascps:i,0:c,1:c,2:c,-1:c,0:c,0:c
	  B422.735INIT ERROR in instr 1: note deleted (1 init errors)

INIT ERROR in instr 1 (opcode loscil) line 130: Invalid ftable no. 672.000000
from file new_output.csd (1)
a3:a,a4:a loscil 1:c,kcps2:k,iFtable:i,ibascps:i,0:c,1:c,2:c,-1:c,0:c,0:c
	  B422.995INIT ERROR in instr 1: note deleted (1 init errors)

INIT ERROR in instr 1 (opcode loscil) line 130: Invalid ftable no. 672.000000
from file new_output.csd (1)
a3:a,a4:a loscil 1:c,kcps2:k,iFtable:i,ibascps:i,0:c,1:c,2:c,-1:c,0:c,0:c
	  B423.001INIT ERROR in instr 1: note deleted (1 init errors)

INIT ERROR in instr 1 (opcode loscil) line 130: Invalid ftable no. 672.000000
from file new_output.csd (1)
a3:a,a4:a loscil 1:c,kcps2:k,iFtable:i,ibascps:i,0:c,1:c,2:c,-1:c,0:c,0:c
	  B423.251INIT ERROR in instr 1: note deleted (1 init errors)

INIT ERROR in instr 1 (opcode loscil) line 130: Invalid ftable no. 672.000000
from file new_output.csd (1)
a3:a,a4:a loscil 1:c,kcps2:k,iFtable:i,ibascps:i,0:c,1:c,2:c,-1:c,0:c,0:c
	  B427.505INIT ERROR in instr 1: note deleted (1 init errors)
voice: 4. no switch 671 == 671

INIT ERROR in instr 1 (opcode loscil) line 130: Invalid ftable no. 671.000000
from file new_output.csd (1)
a3:a,a4:a loscil 1:c,kcps2:k,iFtable:i,ibascps:i,0:c,1:c,2:c,-1:c,0:c,0:c
	  B427.506INIT ERROR in instr 1: note deleted (1 init errors)

INIT ERROR in instr 1 (opcode loscil) line 130: Invalid ftable no. 672.000000
from file new_output.csd (1)
a3:a,a4:a loscil 1:c,kcps2:k,iFtable:i,ibascps:i,0:c,1:c,2:c,-1:c,0:c,0:c
	  B427.507INIT ERROR in instr 1: note deleted (1 init errors)

INIT ERROR in instr 1 (opcode loscil) line 130: Invalid ftable no. 672.000000
from file new_output.csd (1)
a3:a,a4:a loscil 1:c,kcps2:k,iFtable:i,ibascps:i,0:c,1:c,2:c,-1:c,0:c,0:c
	  B427.515INIT ERROR in instr 1: note deleted (1 init errors)

INIT ERROR in instr 1 (opcode loscil) line 130: Invalid ftable no. 672.000000
from file new_output.csd (1)
a3:a,a4:a loscil 1:c,kcps2:k,iFtable:i,ibascps:i,0:c,1:c,2:c,-1:c,0:c,0:c
	  B455.985INIT ERROR in instr 1: note deleted (1 init errors)

INIT ERROR in instr 1 (opcode loscil) line 130: Invalid ftable no. 672.000000
from file new_output.csd (1)
a3:a,a4:a loscil 1:c,kcps2:k,iFtable:i,ibascps:i,0:c,1:c,2:c,-1:c,0:c,0:c
	  B455.989INIT ERROR in instr 1: note deleted (1 init errors)

INIT ERROR in instr 1 (opcode loscil) line 130: Invalid ftable no. 672.000000
from file new_output.csd (1)
a3:a,a4:a loscil 1:c,kcps2:k,iFtable:i,ibascps:i,0:c,1:c,2:c,-1:c,0:c,0:c
	  B455.993INIT ERROR in instr 1: note deleted (1 init errors)
voice: 4. no switch 671 == 671

INIT ERROR in instr 1 (opcode loscil) line 130: Invalid ftable no. 671.000000
from file new_output.csd (1)
a3:a,a4:a loscil 1:c,kcps2:k,iFtable:i,ibascps:i,0:c,1:c,2:c,-1:c,0:c,0:c
	  B455.994INIT ERROR in instr 1: note deleted (1 init errors)

INIT ERROR in instr 1 (opcode loscil) line 130: Invalid ftable no. 672.000000
from file new_output.csd (1)
a3:a,a4:a loscil 1:c,kcps2:k,iFtable:i,ibascps:i,0:c,1:c,2:c,-1:c,0:c,0:c
	  B459.011INIT ERROR in instr 1: note deleted (1 init errors)

INIT ERROR in instr 1 (opcode loscil) line 130: Invalid ftable no. 672.000000
from file new_output.csd (1)
a3:a,a4:a loscil 1:c,kcps2:k,iFtable:i,ibascps:i,0:c,1:c,2:c,-1:c,0:c,0:c
	  B459.012INIT ERROR in instr 1: note deleted (1 init errors)
voice: 4. no switch 671 == 671

INIT ERROR in instr 1 (opcode loscil) line 130: Invalid ftable no. 671.000000
from file new_output.csd (1)
a3:a,a4:a loscil 1:c,kcps2:k,iFtable:i,ibascps:i,0:c,1:c,2:c,-1:c,0:c,0:c
	  B460.493INIT ERROR in instr 1: note deleted (1 init errors)
voice: 4. no switch 671 == 671

INIT ERROR in instr 1 (opcode loscil) line 130: Invalid ftable no. 671.000000
from file new_output.csd (1)
a3:a,a4:a loscil 1:c,kcps2:k,iFtable:i,ibascps:i,0:c,1:c,2:c,-1:c,0:c,0:c
	  B460.502INIT ERROR in instr 1: note deleted (1 init errors)
voice: 4. no switch 671 == 671

INIT ERROR in instr 1 (opcode loscil) line 130: Invalid ftable no. 671.000000
from file new_output.csd (1)
a3:a,a4:a loscil 1:c,kcps2:k,iFtable:i,ibascps:i,0:c,1:c,2:c,-1:c,0:c,0:c
	  B493.985INIT ERROR in instr 1: note deleted (1 init errors)

INIT ERROR in instr 1 (opcode loscil) line 130: Invalid ftable no. 672.000000
from file new_output.csd (1)
a3:a,a4:a loscil 1:c,kcps2:k,iFtable:i,ibascps:i,0:c,1:c,2:c,-1:c,0:c,0:c
	  B494.013INIT ERROR in instr 1: note deleted (1 init errors)
voice: 4. no switch 671 == 671

INIT ERROR in instr 1 (opcode loscil) line 130: Invalid ftable no. 671.000000
from file new_output.csd (1)
a3:a,a4:a loscil 1:c,kcps2:k,iFtable:i,ibascps:i,0:c,1:c,2:c,-1:c,0:c,0:c
	  B494.013INIT ERROR in instr 1: note deleted (1 init errors)

INIT ERROR in instr 1 (opcode loscil) line 130: Invalid ftable no. 672.000000
from file new_output.csd (1)
a3:a,a4:a loscil 1:c,kcps2:k,iFtable:i,ibascps:i,0:c,1:c,2:c,-1:c,0:c,0:c
	  B494.013INIT ERROR in instr 1: note deleted (1 init errors)

INIT ERROR in instr 1 (opcode loscil) line 130: Invalid ftable no. 672.000000
from file new_output.csd (1)
a3:a,a4:a loscil 1:c,kcps2:k,iFtable:i,ibascps:i,0:c,1:c,2:c,-1:c,0:c,0:c
	  B496.995INIT ERROR in instr 1: note deleted (1 init errors)

INIT ERROR in instr 1 (opcode loscil) line 130: Invalid ftable no. 672.000000
from file new_output.csd (1)
a3:a,a4:a loscil 1:c,kcps2:k,iFtable:i,ibascps:i,0:c,1:c,2:c,-1:c,0:c,0:c
	  B497.012INIT ERROR in instr 1: note deleted (1 init errors)

INIT ERROR in instr 1 (opcode loscil) line 130: Invalid ftable no. 672.000000
from file new_output.csd (1)
a3:a,a4:a loscil 1:c,kcps2:k,iFtable:i,ibascps:i,0:c,1:c,2:c,-1:c,0:c,0:c
	  B498.497INIT ERROR in instr 1: note deleted (1 init errors)
voice: 4. no switch 671 == 671

INIT ERROR in instr 1 (opcode loscil) line 130: Invalid ftable no. 671.000000
from file new_output.csd (1)
a3:a,a4:a loscil 1:c,kcps2:k,iFtable:i,ibascps:i,0:c,1:c,2:c,-1:c,0:c,0:c
	  B498.505INIT ERROR in instr 1: note deleted (1 init errors)

INIT ERROR in instr 1 (opcode loscil) line 130: Invalid ftable no. 672.000000
from file new_output.csd (1)
a3:a,a4:a loscil 1:c,kcps2:k,iFtable:i,ibascps:i,0:c,1:c,2:c,-1:c,0:c,0:c
	  B498.506INIT ERROR in instr 1: note deleted (1 init errors)

INIT ERROR in instr 1 (opcode loscil) line 130: Invalid ftable no. 672.000000
from file new_output.csd (1)
a3:a,a4:a loscil 1:c,kcps2:k,iFtable:i,ibascps:i,0:c,1:c,2:c,-1:c,0:c,0:c
	  B498.515INIT ERROR in instr 1: note deleted (1 init errors)

INIT ERROR in instr 1 (opcode loscil) line 130: Invalid ftable no. 672.000000
from file new_output.csd (1)
a3:a,a4:a loscil 1:c,kcps2:k,iFtable:i,ibascps:i,0:c,1:c,2:c,-1:c,0:c,0:c
	  B498.740INIT ERROR in instr 1: note deleted (1 init errors)

INIT ERROR in instr 1 (opcode loscil) line 130: Invalid ftable no. 672.000000
from file new_output.csd (1)
a3:a,a4:a loscil 1:c,kcps2:k,iFtable:i,ibascps:i,0:c,1:c,2:c,-1:c,0:c,0:c
	  B498.741INIT ERROR in instr 1: note deleted (1 init errors)
voice: 4. no switch 671 == 671

INIT ERROR in instr 1 (opcode loscil) line 130: Invalid ftable no. 671.000000
from file new_output.csd (1)
a3:a,a4:a loscil 1:c,kcps2:k,iFtable:i,ibascps:i,0:c,1:c,2:c,-1:c,0:c,0:c
	  B498.753INIT ERROR in instr 1: note deleted (1 init errors)

INIT ERROR in instr 1 (opcode loscil) line 130: Invalid ftable no. 672.000000
from file new_output.csd (1)
a3:a,a4:a loscil 1:c,kcps2:k,iFtable:i,ibascps:i,0:c,1:c,2:c,-1:c,0:c,0:c
	  B498.763INIT ERROR in instr 1: note deleted (1 init errors)

INIT ERROR in instr 1 (opcode loscil) line 130: Invalid ftable no. 672.000000
from file new_output.csd (1)
a3:a,a4:a loscil 1:c,kcps2:k,iFtable:i,ibascps:i,0:c,1:c,2:c,-1:c,0:c,0:c
	  B531.993INIT ERROR in instr 1: note deleted (1 init errors)

INIT ERROR in instr 1 (opcode loscil) line 130: Invalid ftable no. 672.000000
from file new_output.csd (1)
a3:a,a4:a loscil 1:c,kcps2:k,iFtable:i,ibascps:i,0:c,1:c,2:c,-1:c,0:c,0:c
	  B531.996INIT ERROR in instr 1: note deleted (1 init errors)

INIT ERROR in instr 1 (opcode loscil) line 130: Invalid ftable no. 672.000000
from file new_output.csd (1)
a3:a,a4:a loscil 1:c,kcps2:k,iFtable:i,ibascps:i,0:c,1:c,2:c,-1:c,0:c,0:c
	  B536.488INIT ERROR in instr 1: note deleted (1 init errors)
voice: 4. no switch 671 == 671

INIT ERROR in instr 1 (opcode loscil) line 130: Invalid ftable no. 671.000000
from file new_output.csd (1)
a3:a,a4:a loscil 1:c,kcps2:k,iFtable:i,ibascps:i,0:c,1:c,2:c,-1:c,0:c,0:c
	  B536.492INIT ERROR in instr 1: note deleted (1 init errors)
voice: 4. no switch 671 == 671

INIT ERROR in instr 1 (opcode loscil) line 130: Invalid ftable no. 671.000000
from file new_output.csd (1)
a3:a,a4:a loscil 1:c,kcps2:k,iFtable:i,ibascps:i,0:c,1:c,2:c,-1:c,0:c,0:c
	  B536.492INIT ERROR in instr 1: note deleted (1 init errors)

INIT ERROR in instr 1 (opcode loscil) line 130: Invalid ftable no. 672.000000
from file new_output.csd (1)
a3:a,a4:a loscil 1:c,kcps2:k,iFtable:i,ibascps:i,0:c,1:c,2:c,-1:c,0:c,0:c
	  B536.505INIT ERROR in instr 1: note deleted (1 init errors)
voice: 4. no switch 671 == 671

INIT ERROR in instr 1 (opcode loscil) line 130: Invalid ftable no. 671.000000
from file new_output.csd (1)
a3:a,a4:a loscil 1:c,kcps2:k,iFtable:i,ibascps:i,0:c,1:c,2:c,-1:c,0:c,0:c
	  B544.493INIT ERROR in instr 1: note deleted (1 init errors)
voice: 4. no switch 671 == 671

INIT ERROR in instr 1 (opcode loscil) line 130: Invalid ftable no. 671.000000
from file new_output.csd (1)
a3:a,a4:a loscil 1:c,kcps2:k,iFtable:i,ibascps:i,0:c,1:c,2:c,-1:c,0:c,0:c
	  B544.515INIT ERROR in instr 1: note deleted (1 init errors)
voice: 4. no switch 671 == 671

INIT ERROR in instr 1 (opcode loscil) line 130: Invalid ftable no. 671.000000
from file new_output.csd (1)
a3:a,a4:a loscil 1:c,kcps2:k,iFtable:i,ibascps:i,0:c,1:c,2:c,-1:c,0:c,0:c
	  B569.985INIT ERROR in instr 1: note deleted (1 init errors)
voice: 4. no switch 671 == 671

INIT ERROR in instr 1 (opcode loscil) line 130: Invalid ftable no. 671.000000
from file new_output.csd (1)
a3:a,a4:a loscil 1:c,kcps2:k,iFtable:i,ibascps:i,0:c,1:c,2:c,-1:c,0:c,0:c
	  B569.998INIT ERROR in instr 1: note deleted (1 init errors)

INIT ERROR in instr 1 (opcode loscil) line 130: Invalid ftable no. 672.000000
from file new_output.csd (1)
a3:a,a4:a loscil 1:c,kcps2:k,iFtable:i,ibascps:i,0:c,1:c,2:c,-1:c,0:c,0:c
	  B570.007INIT ERROR in instr 1: note deleted (1 init errors)
voice: 4. no switch 671 == 671

INIT ERROR in instr 1 (opcode loscil) line 130: Invalid ftable no. 671.000000
from file new_output.csd (1)
a3:a,a4:a loscil 1:c,kcps2:k,iFtable:i,ibascps:i,0:c,1:c,2:c,-1:c,0:c,0:c
	  B570.014INIT ERROR in instr 1: note deleted (1 init errors)

INIT ERROR in instr 1 (opcode loscil) line 130: Invalid ftable no. 673.000000
from file new_output.csd (1)
a3:a,a4:a loscil 1:c,kcps2:k,iFtable:i,ibascps:i,0:c,1:c,2:c,-1:c,0:c,0:c
	  B572.996INIT ERROR in instr 1: note deleted (1 init errors)

INIT ERROR in instr 1 (opcode loscil) line 130: Invalid ftable no. 673.000000
from file new_output.csd (1)
a3:a,a4:a loscil 1:c,kcps2:k,iFtable:i,ibascps:i,0:c,1:c,2:c,-1:c,0:c,0:c
	  B573.003INIT ERROR in instr 1: note deleted (1 init errors)

INIT ERROR in instr 1 (opcode loscil) line 130: Invalid ftable no. 672.000000
from file new_output.csd (1)
a3:a,a4:a loscil 1:c,kcps2:k,iFtable:i,ibascps:i,0:c,1:c,2:c,-1:c,0:c,0:c
	  B574.488INIT ERROR in instr 1: note deleted (1 init errors)

INIT ERROR in instr 1 (opcode loscil) line 130: Invalid ftable no. 672.000000
from file new_output.csd (1)
a3:a,a4:a loscil 1:c,kcps2:k,iFtable:i,ibascps:i,0:c,1:c,2:c,-1:c,0:c,0:c
	  B574.492INIT ERROR in instr 1: note deleted (1 init errors)

INIT ERROR in instr 1 (opcode loscil) line 130: Invalid ftable no. 672.000000
from file new_output.csd (1)
a3:a,a4:a loscil 1:c,kcps2:k,iFtable:i,ibascps:i,0:c,1:c,2:c,-1:c,0:c,0:c
	  B574.503INIT ERROR in instr 1: note deleted (1 init errors)

INIT ERROR in instr 1 (opcode loscil) line 130: Invalid ftable no. 672.000000
from file new_output.csd (1)
a3:a,a4:a loscil 1:c,kcps2:k,iFtable:i,ibascps:i,0:c,1:c,2:c,-1:c,0:c,0:c
	  B574.515INIT ERROR in instr 1: note deleted (1 init errors)

INIT ERROR in instr 1 (opcode loscil) line 130: Invalid ftable no. 672.000000
from file new_output.csd (1)
a3:a,a4:a loscil 1:c,kcps2:k,iFtable:i,ibascps:i,0:c,1:c,2:c,-1:c,0:c,0:c
	  B576.507INIT ERROR in instr 1: note deleted (1 init errors)

INIT ERROR in instr 1 (opcode loscil) line 130: Invalid ftable no. 672.000000
from file new_output.csd (1)
a3:a,a4:a loscil 1:c,kcps2:k,iFtable:i,ibascps:i,0:c,1:c,2:c,-1:c,0:c,0:c
	  B576.764INIT ERROR in instr 1: note deleted (1 init errors)

INIT ERROR in instr 1 (opcode loscil) line 130: Invalid ftable no. 672.000000
from file new_output.csd (1)
a3:a,a4:a loscil 1:c,kcps2:k,iFtable:i,ibascps:i,0:c,1:c,2:c,-1:c,0:c,0:c
	  B578.742INIT ERROR in instr 1: note deleted (1 init errors)

INIT ERROR in instr 1 (opcode loscil) line 130: Invalid ftable no. 672.000000
from file new_output.csd (1)
a3:a,a4:a loscil 1:c,kcps2:k,iFtable:i,ibascps:i,0:c,1:c,2:c,-1:c,0:c,0:c
	  B579.251INIT ERROR in instr 1: note deleted (1 init errors)

INIT ERROR in instr 1 (opcode loscil) line 130: Invalid ftable no. 672.000000
from file new_output.csd (1)
a3:a,a4:a loscil 1:c,kcps2:k,iFtable:i,ibascps:i,0:c,1:c,2:c,-1:c,0:c,0:c
	  B579.265INIT ERROR in instr 1: note deleted (1 init errors)

INIT ERROR in instr 1 (opcode loscil) line 130: Invalid ftable no. 672.000000
from file new_output.csd (1)
a3:a,a4:a loscil 1:c,kcps2:k,iFtable:i,ibascps:i,0:c,1:c,2:c,-1:c,0:c,0:c
	  B579.515INIT ERROR in instr 1: note deleted (1 init errors)

INIT ERROR in instr 1 (opcode loscil) line 130: Invalid ftable no. 672.000000
from file new_output.csd (1)
a3:a,a4:a loscil 1:c,kcps2:k,iFtable:i,ibascps:i,0:c,1:c,2:c,-1:c,0:c,0:c
	  B580.245INIT ERROR in instr 1: note deleted (1 init errors)

INIT ERROR in instr 1 (opcode loscil) line 130: Invalid ftable no. 672.000000
from file new_output.csd (1)
a3:a,a4:a loscil 1:c,kcps2:k,iFtable:i,ibascps:i,0:c,1:c,2:c,-1:c,0:c,0:c
	  B580.504INIT ERROR in instr 1: note deleted (1 init errors)

INIT ERROR in instr 1 (opcode loscil) line 130: Invalid ftable no. 672.000000
from file new_output.csd (1)
a3:a,a4:a loscil 1:c,kcps2:k,iFtable:i,ibascps:i,0:c,1:c,2:c,-1:c,0:c,0:c
	  B582.264INIT ERROR in instr 1: note deleted (1 init errors)

INIT ERROR in instr 1 (opcode loscil) line 130: Invalid ftable no. 672.000000
from file new_output.csd (1)
a3:a,a4:a loscil 1:c,kcps2:k,iFtable:i,ibascps:i,0:c,1:c,2:c,-1:c,0:c,0:c
	  B582.488INIT ERROR in instr 1: note deleted (1 init errors)

INIT ERROR in instr 1 (opcode loscil) line 130: Invalid ftable no. 672.000000
from file new_output.csd (1)
a3:a,a4:a loscil 1:c,kcps2:k,iFtable:i,ibascps:i,0:c,1:c,2:c,-1:c,0:c,0:c
	  B582.490INIT ERROR in instr 1: note deleted (1 init errors)

INIT ERROR in instr 1 (opcode loscil) line 130: Invalid ftable no. 672.000000
from file new_output.csd (1)
a3:a,a4:a loscil 1:c,kcps2:k,iFtable:i,ibascps:i,0:c,1:c,2:c,-1:c,0:c,0:c
	  B582.494INIT ERROR in instr 1: note deleted (1 init errors)

INIT ERROR in instr 1 (opcode loscil) line 130: Invalid ftable no. 673.000000
from file new_output.csd (1)
a3:a,a4:a loscil 1:c,kcps2:k,iFtable:i,ibascps:i,0:c,1:c,2:c,-1:c,0:c,0:c
	  B582.508INIT ERROR in instr 1: note deleted (1 init errors)

INIT ERROR in instr 1 (opcode loscil) line 130: Invalid ftable no. 673.000000
from file new_output.csd (1)
a3:a,a4:a loscil 1:c,kcps2:k,iFtable:i,ibascps:i,0:c,1:c,2:c,-1:c,0:c,0:c
	  B583.248INIT ERROR in instr 1: note deleted (1 init errors)

INIT ERROR in instr 1 (opcode loscil) line 130: Invalid ftable no. 673.000000
from file new_output.csd (1)
a3:a,a4:a loscil 1:c,kcps2:k,iFtable:i,ibascps:i,0:c,1:c,2:c,-1:c,0:c,0:c
	  B583.736INIT ERROR in instr 1: note deleted (1 init errors)

INIT ERROR in instr 1 (opcode loscil) line 130: Invalid ftable no. 672.000000
from file new_output.csd (1)
a3:a,a4:a loscil 1:c,kcps2:k,iFtable:i,ibascps:i,0:c,1:c,2:c,-1:c,0:c,0:c
	  B583.985INIT ERROR in instr 1: note deleted (1 init errors)

INIT ERROR in instr 1 (opcode loscil) line 130: Invalid ftable no. 672.000000
from file new_output.csd (1)
a3:a,a4:a loscil 1:c,kcps2:k,iFtable:i,ibascps:i,0:c,1:c,2:c,-1:c,0:c,0:c
	  B584.235INIT ERROR in instr 1: note deleted (1 init errors)

INIT ERROR in instr 1 (opcode loscil) line 130: Invalid ftable no. 672.000000
from file new_output.csd (1)
a3:a,a4:a loscil 1:c,kcps2:k,iFtable:i,ibascps:i,0:c,1:c,2:c,-1:c,0:c,0:c
	  B585.013INIT ERROR in instr 1: note deleted (1 init errors)

INIT ERROR in instr 1 (opcode loscil) line 130: Invalid ftable no. 672.000000
from file new_output.csd (1)
a3:a,a4:a loscil 1:c,kcps2:k,iFtable:i,ibascps:i,0:c,1:c,2:c,-1:c,0:c,0:c
	  B585.243INIT ERROR in instr 1: note deleted (1 init errors)

INIT ERROR in instr 1 (opcode loscil) line 130: Invalid ftable no. 672.000000
from file new_output.csd (1)
a3:a,a4:a loscil 1:c,kcps2:k,iFtable:i,ibascps:i,0:c,1:c,2:c,-1:c,0:c,0:c
	  B585.758INIT ERROR in instr 1: note deleted (1 init errors)

INIT ERROR in instr 1 (opcode loscil) line 130: Invalid ftable no. 672.000000
from file new_output.csd (1)
a3:a,a4:a loscil 1:c,kcps2:k,iFtable:i,ibascps:i,0:c,1:c,2:c,-1:c,0:c,0:c
	  B586.014INIT ERROR in instr 1: note deleted (1 init errors)

INIT ERROR in instr 1 (opcode loscil) line 130: Invalid ftable no. 672.000000
from file new_output.csd (1)
a3:a,a4:a loscil 1:c,kcps2:k,iFtable:i,ibascps:i,0:c,1:c,2:c,-1:c,0:c,0:c
	  B586.755INIT ERROR in instr 1: note deleted (1 init errors)

INIT ERROR in instr 1 (opcode loscil) line 130: Invalid ftable no. 672.000000
from file new_output.csd (1)
a3:a,a4:a loscil 1:c,kcps2:k,iFtable:i,ibascps:i,0:c,1:c,2:c,-1:c,0:c,0:c
	  B587.005INIT ERROR in instr 1: note deleted (1 init errors)

INIT ERROR in instr 1 (opcode loscil) line 130: Invalid ftable no. 673.000000
from file new_output.csd (1)
a3:a,a4:a loscil 1:c,kcps2:k,iFtable:i,ibascps:i,0:c,1:c,2:c,-1:c,0:c,0:c
	  B587.250INIT ERROR in instr 1: note deleted (1 init errors)

INIT ERROR in instr 1 (opcode loscil) line 130: Invalid ftable no. 673.000000
from file new_output.csd (1)
a3:a,a4:a loscil 1:c,kcps2:k,iFtable:i,ibascps:i,0:c,1:c,2:c,-1:c,0:c,0:c
	  B587.485INIT ERROR in instr 1: note deleted (1 init errors)

INIT ERROR in instr 1 (opcode loscil) line 130: Invalid ftable no. 672.000000
from file new_output.csd (1)
a3:a,a4:a loscil 1:c,kcps2:k,iFtable:i,ibascps:i,0:c,1:c,2:c,-1:c,0:c,0:c
	  B587.757INIT ERROR in instr 1: note deleted (1 init errors)

INIT ERROR in instr 1 (opcode loscil) line 130: Invalid ftable no. 672.000000
from file new_output.csd (1)
a3:a,a4:a loscil 1:c,kcps2:k,iFtable:i,ibascps:i,0:c,1:c,2:c,-1:c,0:c,0:c
	  B587.986INIT ERROR in instr 1: note deleted (1 init errors)

INIT ERROR in instr 1 (opcode loscil) line 130: Invalid ftable no. 672.000000
from file new_output.csd (1)
a3:a,a4:a loscil 1:c,kcps2:k,iFtable:i,ibascps:i,0:c,1:c,2:c,-1:c,0:c,0:c
	  B588.010INIT ERROR in instr 1: note deleted (1 init errors)

INIT ERROR in instr 1 (opcode loscil) line 130: Invalid ftable no. 672.000000
from file new_output.csd (1)
a3:a,a4:a loscil 1:c,kcps2:k,iFtable:i,ibascps:i,0:c,1:c,2:c,-1:c,0:c,0:c
	  B588.237INIT ERROR in instr 1: note deleted (1 init errors)

INIT ERROR in instr 1 (opcode loscil) line 130: Invalid ftable no. 672.000000
from file new_output.csd (1)
a3:a,a4:a loscil 1:c,kcps2:k,iFtable:i,ibascps:i,0:c,1:c,2:c,-1:c,0:c,0:c
	  B588.250INIT ERROR in instr 1: note deleted (1 init errors)

INIT ERROR in instr 1 (opcode loscil) line 130: Invalid ftable no. 672.000000
from file new_output.csd (1)
a3:a,a4:a loscil 1:c,kcps2:k,iFtable:i,ibascps:i,0:c,1:c,2:c,-1:c,0:c,0:c
	  B588.488INIT ERROR in instr 1: note deleted (1 init errors)

INIT ERROR in instr 1 (opcode loscil) line 130: Invalid ftable no. 673.000000
from file new_output.csd (1)
a3:a,a4:a loscil 1:c,kcps2:k,iFtable:i,ibascps:i,0:c,1:c,2:c,-1:c,0:c,0:c
	  B588.745INIT ERROR in instr 1: note deleted (1 init errors)

INIT ERROR in instr 1 (opcode loscil) line 130: Invalid ftable no. 672.000000
from file new_output.csd (1)
a3:a,a4:a loscil 1:c,kcps2:k,iFtable:i,ibascps:i,0:c,1:c,2:c,-1:c,0:c,0:c
	  B588.988INIT ERROR in instr 1: note deleted (1 init errors)

INIT ERROR in instr 1 (opcode loscil) line 130: Invalid ftable no. 673.000000
from file new_output.csd (1)
a3:a,a4:a loscil 1:c,kcps2:k,iFtable:i,ibascps:i,0:c,1:c,2:c,-1:c,0:c,0:c
	  B589.007INIT ERROR in instr 1: note deleted (1 init errors)

INIT ERROR in instr 1 (opcode loscil) line 130: Invalid ftable no. 672.000000
from file new_output.csd (1)
a3:a,a4:a loscil 1:c,kcps2:k,iFtable:i,ibascps:i,0:c,1:c,2:c,-1:c,0:c,0:c
	  B589.243INIT ERROR in instr 1: note deleted (1 init errors)

INIT ERROR in instr 1 (opcode loscil) line 130: Invalid ftable no. 673.000000
from file new_output.csd (1)
a3:a,a4:a loscil 1:c,kcps2:k,iFtable:i,ibascps:i,0:c,1:c,2:c,-1:c,0:c,0:c
	  B589.495INIT ERROR in instr 1: note deleted (1 init errors)

INIT ERROR in instr 1 (opcode loscil) line 130: Invalid ftable no. 672.000000
from file new_output.csd (1)
a3:a,a4:a loscil 1:c,kcps2:k,iFtable:i,ibascps:i,0:c,1:c,2:c,-1:c,0:c,0:c
	  B589.750INIT ERROR in instr 1: note deleted (1 init errors)

INIT ERROR in instr 1 (opcode loscil) line 130: Invalid ftable no. 672.000000
from file new_output.csd (1)
a3:a,a4:a loscil 1:c,kcps2:k,iFtable:i,ibascps:i,0:c,1:c,2:c,-1:c,0:c,0:c
	  B589.751INIT ERROR in instr 1: note deleted (1 init errors)

INIT ERROR in instr 1 (opcode loscil) line 130: Invalid ftable no. 672.000000
from file new_output.csd (1)
a3:a,a4:a loscil 1:c,kcps2:k,iFtable:i,ibascps:i,0:c,1:c,2:c,-1:c,0:c,0:c
	  B590.012INIT ERROR in instr 1: note deleted (1 init errors)

INIT ERROR in instr 1 (opcode loscil) line 130: Invalid ftable no. 673.000000
from file new_output.csd (1)
a3:a,a4:a loscil 1:c,kcps2:k,iFtable:i,ibascps:i,0:c,1:c,2:c,-1:c,0:c,0:c
	  B591.008INIT ERROR in instr 1: note deleted (1 init errors)

INIT ERROR in instr 1 (opcode loscil) line 130: Invalid ftable no. 672.000000
from file new_output.csd (1)
a3:a,a4:a loscil 1:c,kcps2:k,iFtable:i,ibascps:i,0:c,1:c,2:c,-1:c,0:c,0:c
	  B591.249INIT ERROR in instr 1: note deleted (1 init errors)

INIT ERROR in instr 1 (opcode loscil) line 130: Invalid ftable no. 672.000000
from file new_output.csd (1)
a3:a,a4:a loscil 1:c,kcps2:k,iFtable:i,ibascps:i,0:c,1:c,2:c,-1:c,0:c,0:c
	  B591.251INIT ERROR in instr 1: note deleted (1 init errors)

INIT ERROR in instr 1 (opcode loscil) line 130: Invalid ftable no. 672.000000
from file new_output.csd (1)
a3:a,a4:a loscil 1:c,kcps2:k,iFtable:i,ibascps:i,0:c,1:c,2:c,-1:c,0:c,0:c
	  B592.258INIT ERROR in instr 1: note deleted (1 init errors)

INIT ERROR in instr 1 (opcode loscil) line 130: Invalid ftable no. 673.000000
from file new_output.csd (1)
a3:a,a4:a loscil 1:c,kcps2:k,iFtable:i,ibascps:i,0:c,1:c,2:c,-1:c,0:c,0:c
	  B592.500INIT ERROR in instr 1: note deleted (1 init errors)

INIT ERROR in instr 1 (opcode loscil) line 130: Invalid ftable no. 672.000000
from file new_output.csd (1)
a3:a,a4:a loscil 1:c,kcps2:k,iFtable:i,ibascps:i,0:c,1:c,2:c,-1:c,0:c,0:c
	  B592.754INIT ERROR in instr 1: note deleted (1 init errors)

INIT ERROR in instr 1 (opcode loscil) line 130: Invalid ftable no. 673.000000
from file new_output.csd (1)
a3:a,a4:a loscil 1:c,kcps2:k,iFtable:i,ibascps:i,0:c,1:c,2:c,-1:c,0:c,0:c
	  B592.998INIT ERROR in instr 1: note deleted (1 init errors)

INIT ERROR in instr 1 (opcode loscil) line 130: Invalid ftable no. 672.000000
from file new_output.csd (1)
a3:a,a4:a loscil 1:c,kcps2:k,iFtable:i,ibascps:i,0:c,1:c,2:c,-1:c,0:c,0:c
	  B593.256INIT ERROR in instr 1: note deleted (1 init errors)

INIT ERROR in instr 1 (opcode loscil) line 130: Invalid ftable no. 672.000000
from file new_output.csd (1)
a3:a,a4:a loscil 1:c,kcps2:k,iFtable:i,ibascps:i,0:c,1:c,2:c,-1:c,0:c,0:c
	  B593.485INIT ERROR in instr 1: note deleted (1 init errors)

INIT ERROR in instr 1 (opcode loscil) line 130: Invalid ftable no. 672.000000
from file new_output.csd (1)
a3:a,a4:a loscil 1:c,kcps2:k,iFtable:i,ibascps:i,0:c,1:c,2:c,-1:c,0:c,0:c
	  B593.744INIT ERROR in instr 1: note deleted (1 init errors)

INIT ERROR in instr 1 (opcode loscil) line 130: Invalid ftable no. 673.000000
from file new_output.csd (1)
a3:a,a4:a loscil 1:c,kcps2:k,iFtable:i,ibascps:i,0:c,1:c,2:c,-1:c,0:c,0:c
	  B593.760INIT ERROR in instr 1: note deleted (1 init errors)

INIT ERROR in instr 1 (opcode loscil) line 130: Invalid ftable no. 673.000000
from file new_output.csd (1)
a3:a,a4:a loscil 1:c,kcps2:k,iFtable:i,ibascps:i,0:c,1:c,2:c,-1:c,0:c,0:c
	  B593.990INIT ERROR in instr 1: note deleted (1 init errors)

INIT ERROR in instr 1 (opcode loscil) line 130: Invalid ftable no. 673.000000
from file new_output.csd (1)
a3:a,a4:a loscil 1:c,kcps2:k,iFtable:i,ibascps:i,0:c,1:c,2:c,-1:c,0:c,0:c
	  B593.997INIT ERROR in instr 1: note deleted (1 init errors)

INIT ERROR in instr 1 (opcode loscil) line 130: Invalid ftable no. 672.000000
from file new_output.csd (1)
a3:a,a4:a loscil 1:c,kcps2:k,iFtable:i,ibascps:i,0:c,1:c,2:c,-1:c,0:c,0:c
	  B594.245INIT ERROR in instr 1: note deleted (1 init errors)

INIT ERROR in instr 1 (opcode loscil) line 130: Invalid ftable no. 672.000000
from file new_output.csd (1)
a3:a,a4:a loscil 1:c,kcps2:k,iFtable:i,ibascps:i,0:c,1:c,2:c,-1:c,0:c,0:c
	  B594.261INIT ERROR in instr 1: note deleted (1 init errors)

INIT ERROR in instr 1 (opcode loscil) line 130: Invalid ftable no. 673.000000
from file new_output.csd (1)
a3:a,a4:a loscil 1:c,kcps2:k,iFtable:i,ibascps:i,0:c,1:c,2:c,-1:c,0:c,0:c
	  B594.492INIT ERROR in instr 1: note deleted (1 init errors)

INIT ERROR in instr 1 (opcode loscil) line 130: Invalid ftable no. 672.000000
from file new_output.csd (1)
a3:a,a4:a loscil 1:c,kcps2:k,iFtable:i,ibascps:i,0:c,1:c,2:c,-1:c,0:c,0:c
	  B594.500INIT ERROR in instr 1: note deleted (1 init errors)

INIT ERROR in instr 1 (opcode loscil) line 130: Invalid ftable no. 672.000000
from file new_output.csd (1)
a3:a,a4:a loscil 1:c,kcps2:k,iFtable:i,ibascps:i,0:c,1:c,2:c,-1:c,0:c,0:c
	  B595.507INIT ERROR in instr 1: note deleted (1 init errors)

INIT ERROR in instr 1 (opcode loscil) line 130: Invalid ftable no. 672.000000
from file new_output.csd (1)
a3:a,a4:a loscil 1:c,kcps2:k,iFtable:i,ibascps:i,0:c,1:c,2:c,-1:c,0:c,0:c
	  B595.509INIT ERROR in instr 1: note deleted (1 init errors)

INIT ERROR in instr 1 (opcode loscil) line 130: Invalid ftable no. 672.000000
from file new_output.csd (1)
a3:a,a4:a loscil 1:c,kcps2:k,iFtable:i,ibascps:i,0:c,1:c,2:c,-1:c,0:c,0:c
	  B595.743INIT ERROR in instr 1: note deleted (1 init errors)

INIT ERROR in instr 1 (opcode loscil) line 130: Invalid ftable no. 673.000000
from file new_output.csd (1)
a3:a,a4:a loscil 1:c,kcps2:k,iFtable:i,ibascps:i,0:c,1:c,2:c,-1:c,0:c,0:c
	  B597.003INIT ERROR in instr 1: note deleted (1 init errors)

INIT ERROR in instr 1 (opcode loscil) line 130: Invalid ftable no. 673.000000
from file new_output.csd (1)
a3:a,a4:a loscil 1:c,kcps2:k,iFtable:i,ibascps:i,0:c,1:c,2:c,-1:c,0:c,0:c
	  B597.245INIT ERROR in instr 1: note deleted (1 init errors)

INIT ERROR in instr 1 (opcode loscil) line 130: Invalid ftable no. 673.000000
from file new_output.csd (1)
a3:a,a4:a loscil 1:c,kcps2:k,iFtable:i,ibascps:i,0:c,1:c,2:c,-1:c,0:c,0:c
	  B597.257INIT ERROR in instr 1: note deleted (1 init errors)

INIT ERROR in instr 1 (opcode loscil) line 130: Invalid ftable no. 672.000000
from file new_output.csd (1)
a3:a,a4:a loscil 1:c,kcps2:k,iFtable:i,ibascps:i,0:c,1:c,2:c,-1:c,0:c,0:c
	  B597.507INIT ERROR in instr 1: note deleted (1 init errors)

INIT ERROR in instr 1 (opcode loscil) line 130: Invalid ftable no. 672.000000
from file new_output.csd (1)
a3:a,a4:a loscil 1:c,kcps2:k,iFtable:i,ibascps:i,0:c,1:c,2:c,-1:c,0:c,0:c
	  B597.998INIT ERROR in instr 1: note deleted (1 init errors)

INIT ERROR in instr 1 (opcode loscil) line 130: Invalid ftable no. 672.000000
from file new_output.csd (1)
a3:a,a4:a loscil 1:c,kcps2:k,iFtable:i,ibascps:i,0:c,1:c,2:c,-1:c,0:c,0:c
	  B598.235INIT ERROR in instr 1: note deleted (1 init errors)

INIT ERROR in instr 1 (opcode loscil) line 130: Invalid ftable no. 673.000000
from file new_output.csd (1)
a3:a,a4:a loscil 1:c,kcps2:k,iFtable:i,ibascps:i,0:c,1:c,2:c,-1:c,0:c,0:c
	  B598.491INIT ERROR in instr 1: note deleted (1 init errors)

INIT ERROR in instr 1 (opcode loscil) line 130: Invalid ftable no. 672.000000
from file new_output.csd (1)
a3:a,a4:a loscil 1:c,kcps2:k,iFtable:i,ibascps:i,0:c,1:c,2:c,-1:c,0:c,0:c
	  B598.744INIT ERROR in instr 1: note deleted (1 init errors)

INIT ERROR in instr 1 (opcode loscil) line 130: Invalid ftable no. 673.000000
from file new_output.csd (1)
a3:a,a4:a loscil 1:c,kcps2:k,iFtable:i,ibascps:i,0:c,1:c,2:c,-1:c,0:c,0:c
	  B598.992INIT ERROR in instr 1: note deleted (1 init errors)

INIT ERROR in instr 1 (opcode loscil) line 130: Invalid ftable no. 673.000000
from file new_output.csd (1)
a3:a,a4:a loscil 1:c,kcps2:k,iFtable:i,ibascps:i,0:c,1:c,2:c,-1:c,0:c,0:c
	  B599.236INIT ERROR in instr 1: note deleted (1 init errors)

INIT ERROR in instr 1 (opcode loscil) line 130: Invalid ftable no. 672.000000
from file new_output.csd (1)
a3:a,a4:a loscil 1:c,kcps2:k,iFtable:i,ibascps:i,0:c,1:c,2:c,-1:c,0:c,0:c
	  B599.242INIT ERROR in instr 1: note deleted (1 init errors)

INIT ERROR in instr 1 (opcode loscil) line 130: Invalid ftable no. 673.000000
from file new_output.csd (1)
a3:a,a4:a loscil 1:c,kcps2:k,iFtable:i,ibascps:i,0:c,1:c,2:c,-1:c,0:c,0:c
	  B599.750INIT ERROR in instr 1: note deleted (1 init errors)

INIT ERROR in instr 1 (opcode loscil) line 130: Invalid ftable no. 672.000000
from file new_output.csd (1)
a3:a,a4:a loscil 1:c,kcps2:k,iFtable:i,ibascps:i,0:c,1:c,2:c,-1:c,0:c,0:c
	  B599.755INIT ERROR in instr 1: note deleted (1 init errors)

INIT ERROR in instr 1 (opcode loscil) line 130: Invalid ftable no. 672.000000
from file new_output.csd (1)
a3:a,a4:a loscil 1:c,kcps2:k,iFtable:i,ibascps:i,0:c,1:c,2:c,-1:c,0:c,0:c
	  B600.000INIT ERROR in instr 1: note deleted (1 init errors)

INIT ERROR in instr 1 (opcode loscil) line 130: Invalid ftable no. 673.000000
from file new_output.csd (1)
a3:a,a4:a loscil 1:c,kcps2:k,iFtable:i,ibascps:i,0:c,1:c,2:c,-1:c,0:c,0:c
	  B600.745INIT ERROR in instr 1: note deleted (1 init errors)

INIT ERROR in instr 1 (opcode loscil) line 130: Invalid ftable no. 672.000000
from file new_output.csd (1)
a3:a,a4:a loscil 1:c,kcps2:k,iFtable:i,ibascps:i,0:c,1:c,2:c,-1:c,0:c,0:c
	  B601.000INIT ERROR in instr 1: note deleted (1 init errors)

INIT ERROR in instr 1 (opcode loscil) line 130: Invalid ftable no. 673.000000
from file new_output.csd (1)
a3:a,a4:a loscil 1:c,kcps2:k,iFtable:i,ibascps:i,0:c,1:c,2:c,-1:c,0:c,0:c
	  B601.247INIT ERROR in instr 1: note deleted (1 init errors)

INIT ERROR in instr 1 (opcode loscil) line 130: Invalid ftable no. 672.000000
from file new_output.csd (1)
a3:a,a4:a loscil 1:c,kcps2:k,iFtable:i,ibascps:i,0:c,1:c,2:c,-1:c,0:c,0:c
	  B601.485INIT ERROR in instr 1: note deleted (1 init errors)

INIT ERROR in instr 1 (opcode loscil) line 130: Invalid ftable no. 672.000000
from file new_output.csd (1)
a3:a,a4:a loscil 1:c,kcps2:k,iFtable:i,ibascps:i,0:c,1:c,2:c,-1:c,0:c,0:c
	  B601.761INIT ERROR in instr 1: note deleted (1 init errors)

INIT ERROR in instr 1 (opcode loscil) line 130: Invalid ftable no. 672.000000
from file new_output.csd (1)
a3:a,a4:a loscil 1:c,kcps2:k,iFtable:i,ibascps:i,0:c,1:c,2:c,-1:c,0:c,0:c
	  B602.242INIT ERROR in instr 1: note deleted (1 init errors)

INIT ERROR in instr 1 (opcode loscil) line 130: Invalid ftable no. 672.000000
from file new_output.csd (1)
a3:a,a4:a loscil 1:c,kcps2:k,iFtable:i,ibascps:i,0:c,1:c,2:c,-1:c,0:c,0:c
	  B602.742INIT ERROR in instr 1: note deleted (1 init errors)

INIT ERROR in instr 1 (opcode loscil) line 130: Invalid ftable no. 672.000000
from file new_output.csd (1)
a3:a,a4:a loscil 1:c,kcps2:k,iFtable:i,ibascps:i,0:c,1:c,2:c,-1:c,0:c,0:c
	  B602.986INIT ERROR in instr 1: note deleted (1 init errors)

INIT ERROR in instr 1 (opcode loscil) line 130: Invalid ftable no. 673.000000
from file new_output.csd (1)
a3:a,a4:a loscil 1:c,kcps2:k,iFtable:i,ibascps:i,0:c,1:c,2:c,-1:c,0:c,0:c
	  B602.990INIT ERROR in instr 1: note deleted (1 init errors)

INIT ERROR in instr 1 (opcode loscil) line 130: Invalid ftable no. 672.000000
from file new_output.csd (1)
a3:a,a4:a loscil 1:c,kcps2:k,iFtable:i,ibascps:i,0:c,1:c,2:c,-1:c,0:c,0:c
	  B603.256INIT ERROR in instr 1: note deleted (1 init errors)

INIT ERROR in instr 1 (opcode loscil) line 130: Invalid ftable no. 673.000000
from file new_output.csd (1)
a3:a,a4:a loscil 1:c,kcps2:k,iFtable:i,ibascps:i,0:c,1:c,2:c,-1:c,0:c,0:c
	  B603.505INIT ERROR in instr 1: note deleted (1 init errors)

INIT ERROR in instr 1 (opcode loscil) line 130: Invalid ftable no. 672.000000
from file new_output.csd (1)
a3:a,a4:a loscil 1:c,kcps2:k,iFtable:i,ibascps:i,0:c,1:c,2:c,-1:c,0:c,0:c
	  B604.010INIT ERROR in instr 1: note deleted (1 init errors)

INIT ERROR in instr 1 (opcode loscil) line 130: Invalid ftable no. 673.000000
from file new_output.csd (1)
a3:a,a4:a loscil 1:c,kcps2:k,iFtable:i,ibascps:i,0:c,1:c,2:c,-1:c,0:c,0:c
	  B604.239INIT ERROR in instr 1: note deleted (1 init errors)

INIT ERROR in instr 1 (opcode loscil) line 130: Invalid ftable no. 672.000000
from file new_output.csd (1)
a3:a,a4:a loscil 1:c,kcps2:k,iFtable:i,ibascps:i,0:c,1:c,2:c,-1:c,0:c,0:c
	  B604.514INIT ERROR in instr 1: note deleted (1 init errors)

INIT ERROR in instr 1 (opcode loscil) line 130: Invalid ftable no. 673.000000
from file new_output.csd (1)
a3:a,a4:a loscil 1:c,kcps2:k,iFtable:i,ibascps:i,0:c,1:c,2:c,-1:c,0:c,0:c
	  B604.760INIT ERROR in instr 1: note deleted (1 init errors)

INIT ERROR in instr 1 (opcode loscil) line 130: Invalid ftable no. 673.000000
from file new_output.csd (1)
a3:a,a4:a loscil 1:c,kcps2:k,iFtable:i,ibascps:i,0:c,1:c,2:c,-1:c,0:c,0:c
	  B605.007INIT ERROR in instr 1: note deleted (1 init errors)

INIT ERROR in instr 1 (opcode loscil) line 130: Invalid ftable no. 673.000000
from file new_output.csd (1)
a3:a,a4:a loscil 1:c,kcps2:k,iFtable:i,ibascps:i,0:c,1:c,2:c,-1:c,0:c,0:c
	  B605.485INIT ERROR in instr 1: note deleted (1 init errors)

INIT ERROR in instr 1 (opcode loscil) line 130: Invalid ftable no. 672.000000
from file new_output.csd (1)
a3:a,a4:a loscil 1:c,kcps2:k,iFtable:i,ibascps:i,0:c,1:c,2:c,-1:c,0:c,0:c
	  B605.736INIT ERROR in instr 1: note deleted (1 init errors)

INIT ERROR in instr 1 (opcode loscil) line 130: Invalid ftable no. 672.000000
from file new_output.csd (1)
a3:a,a4:a loscil 1:c,kcps2:k,iFtable:i,ibascps:i,0:c,1:c,2:c,-1:c,0:c,0:c
	  B605.764INIT ERROR in instr 1: note deleted (1 init errors)

INIT ERROR in instr 1 (opcode loscil) line 130: Invalid ftable no. 672.000000
from file new_output.csd (1)
a3:a,a4:a loscil 1:c,kcps2:k,iFtable:i,ibascps:i,0:c,1:c,2:c,-1:c,0:c,0:c
	  B605.998INIT ERROR in instr 1: note deleted (1 init errors)

INIT ERROR in instr 1 (opcode loscil) line 130: Invalid ftable no. 673.000000
from file new_output.csd (1)
a3:a,a4:a loscil 1:c,kcps2:k,iFtable:i,ibascps:i,0:c,1:c,2:c,-1:c,0:c,0:c
	  B606.262INIT ERROR in instr 1: note deleted (1 init errors)

INIT ERROR in instr 1 (opcode loscil) line 130: Invalid ftable no. 672.000000
from file new_output.csd (1)
a3:a,a4:a loscil 1:c,kcps2:k,iFtable:i,ibascps:i,0:c,1:c,2:c,-1:c,0:c,0:c
	  B606.510INIT ERROR in instr 1: note deleted (1 init errors)

INIT ERROR in instr 1 (opcode loscil) line 130: Invalid ftable no. 673.000000
from file new_output.csd (1)
a3:a,a4:a loscil 1:c,kcps2:k,iFtable:i,ibascps:i,0:c,1:c,2:c,-1:c,0:c,0:c
	  B606.991INIT ERROR in instr 1: note deleted (1 init errors)

INIT ERROR in instr 1 (opcode loscil) line 130: Invalid ftable no. 672.000000
from file new_output.csd (1)
a3:a,a4:a loscil 1:c,kcps2:k,iFtable:i,ibascps:i,0:c,1:c,2:c,-1:c,0:c,0:c
	  B607.260INIT ERROR in instr 1: note deleted (1 init errors)

INIT ERROR in instr 1 (opcode loscil) line 130: Invalid ftable no. 673.000000
from file new_output.csd (1)
a3:a,a4:a loscil 1:c,kcps2:k,iFtable:i,ibascps:i,0:c,1:c,2:c,-1:c,0:c,0:c
	  B607.510INIT ERROR in instr 1: note deleted (1 init errors)

INIT ERROR in instr 1 (opcode loscil) line 130: Invalid ftable no. 672.000000
from file new_output.csd (1)
a3:a,a4:a loscil 1:c,kcps2:k,iFtable:i,ibascps:i,0:c,1:c,2:c,-1:c,0:c,0:c
	  B607.739INIT ERROR in instr 1: note deleted (1 init errors)

INIT ERROR in instr 1 (opcode loscil) line 130: Invalid ftable no. 673.000000
from file new_output.csd (1)
a3:a,a4:a loscil 1:c,kcps2:k,iFtable:i,ibascps:i,0:c,1:c,2:c,-1:c,0:c,0:c
	  B607.999INIT ERROR in instr 1: note deleted (1 init errors)

INIT ERROR in instr 1 (opcode loscil) line 130: Invalid ftable no. 672.000000
from file new_output.csd (1)
a3:a,a4:a loscil 1:c,kcps2:k,iFtable:i,ibascps:i,0:c,1:c,2:c,-1:c,0:c,0:c
	  B608.008INIT ERROR in instr 1: note deleted (1 init errors)

INIT ERROR in instr 1 (opcode loscil) line 130: Invalid ftable no. 672.000000
from file new_output.csd (1)
a3:a,a4:a loscil 1:c,kcps2:k,iFtable:i,ibascps:i,0:c,1:c,2:c,-1:c,0:c,0:c
	  B608.010INIT ERROR in instr 1: note deleted (1 init errors)

INIT ERROR in instr 1 (opcode loscil) line 130: Invalid ftable no. 672.000000
from file new_output.csd (1)
a3:a,a4:a loscil 1:c,kcps2:k,iFtable:i,ibascps:i,0:c,1:c,2:c,-1:c,0:c,0:c
	  B608.010INIT ERROR in instr 1: note deleted (1 init errors)

INIT ERROR in instr 1 (opcode loscil) line 130: Invalid ftable no. 672.000000
from file new_output.csd (1)
a3:a,a4:a loscil 1:c,kcps2:k,iFtable:i,ibascps:i,0:c,1:c,2:c,-1:c,0:c,0:c
	  B608.253INIT ERROR in instr 1: note deleted (1 init errors)

INIT ERROR in instr 1 (opcode loscil) line 130: Invalid ftable no. 672.000000
from file new_output.csd (1)
a3:a,a4:a loscil 1:c,kcps2:k,iFtable:i,ibascps:i,0:c,1:c,2:c,-1:c,0:c,0:c
	  B609.253INIT ERROR in instr 1: note deleted (1 init errors)

INIT ERROR in instr 1 (opcode loscil) line 130: Invalid ftable no. 672.000000
from file new_output.csd (1)
a3:a,a4:a loscil 1:c,kcps2:k,iFtable:i,ibascps:i,0:c,1:c,2:c,-1:c,0:c,0:c
	  B609.505INIT ERROR in instr 1: note deleted (1 init errors)

INIT ERROR in instr 1 (opcode loscil) line 130: Invalid ftable no. 672.000000
from file new_output.csd (1)
a3:a,a4:a loscil 1:c,kcps2:k,iFtable:i,ibascps:i,0:c,1:c,2:c,-1:c,0:c,0:c
	  B609.509INIT ERROR in instr 1: note deleted (1 init errors)

INIT ERROR in instr 1 (opcode loscil) line 130: Invalid ftable no. 672.000000
from file new_output.csd (1)
a3:a,a4:a loscil 1:c,kcps2:k,iFtable:i,ibascps:i,0:c,1:c,2:c,-1:c,0:c,0:c
	  B609.751INIT ERROR in instr 1: note deleted (1 init errors)

INIT ERROR in instr 1 (opcode loscil) line 130: Invalid ftable no. 673.000000
from file new_output.csd (1)
a3:a,a4:a loscil 1:c,kcps2:k,iFtable:i,ibascps:i,0:c,1:c,2:c,-1:c,0:c,0:c
	  B610.997INIT ERROR in instr 1: note deleted (1 init errors)

INIT ERROR in instr 1 (opcode loscil) line 130: Invalid ftable no. 672.000000
from file new_output.csd (1)
a3:a,a4:a loscil 1:c,kcps2:k,iFtable:i,ibascps:i,0:c,1:c,2:c,-1:c,0:c,0:c
	  B611.007INIT ERROR in instr 1: note deleted (1 init errors)

INIT ERROR in instr 1 (opcode loscil) line 130: Invalid ftable no. 672.000000
from file new_output.csd (1)
a3:a,a4:a loscil 1:c,kcps2:k,iFtable:i,ibascps:i,0:c,1:c,2:c,-1:c,0:c,0:c
	  B611.010INIT ERROR in instr 1: note deleted (1 init errors)

INIT ERROR in instr 1 (opcode loscil) line 130: Invalid ftable no. 673.000000
from file new_output.csd (1)
a3:a,a4:a loscil 1:c,kcps2:k,iFtable:i,ibascps:i,0:c,1:c,2:c,-1:c,0:c,0:c
	  B611.015INIT ERROR in instr 1: note deleted (1 init errors)

INIT ERROR in instr 1 (opcode loscil) line 130: Invalid ftable no. 672.000000
from file new_output.csd (1)
a3:a,a4:a loscil 1:c,kcps2:k,iFtable:i,ibascps:i,0:c,1:c,2:c,-1:c,0:c,0:c
	  B612.504INIT ERROR in instr 1: note deleted (1 init errors)

INIT ERROR in instr 1 (opcode loscil) line 130: Invalid ftable no. 672.000000
from file new_output.csd (1)
a3:a,a4:a loscil 1:c,kcps2:k,iFtable:i,ibascps:i,0:c,1:c,2:c,-1:c,0:c,0:c
	  B612.505INIT ERROR in instr 1: note deleted (1 init errors)

INIT ERROR in instr 1 (opcode loscil) line 130: Invalid ftable no. 673.000000
from file new_output.csd (1)
a3:a,a4:a loscil 1:c,kcps2:k,iFtable:i,ibascps:i,0:c,1:c,2:c,-1:c,0:c,0:c
	  B612.511INIT ERROR in instr 1: note deleted (1 init errors)

INIT ERROR in instr 1 (opcode loscil) line 130: Invalid ftable no. 673.000000
from file new_output.csd (1)
a3:a,a4:a loscil 1:c,kcps2:k,iFtable:i,ibascps:i,0:c,1:c,2:c,-1:c,0:c,0:c
	  B612.514INIT ERROR in instr 1: note deleted (1 init errors)

INIT ERROR in instr 1 (opcode loscil) line 130: Invalid ftable no. 673.000000
from file new_output.csd (1)
a3:a,a4:a loscil 1:c,kcps2:k,iFtable:i,ibascps:i,0:c,1:c,2:c,-1:c,0:c,0:c
	  B613.506INIT ERROR in instr 1: note deleted (1 init errors)

INIT ERROR in instr 1 (opcode loscil) line 130: Invalid ftable no. 673.000000
from file new_output.csd (1)
a3:a,a4:a loscil 1:c,kcps2:k,iFtable:i,ibascps:i,0:c,1:c,2:c,-1:c,0:c,0:c
	  B613.741INIT ERROR in instr 1: note deleted (1 init errors)

INIT ERROR in instr 1 (opcode loscil) line 130: Invalid ftable no. 673.000000
from file new_output.csd (1)
a3:a,a4:a loscil 1:c,kcps2:k,iFtable:i,ibascps:i,0:c,1:c,2:c,-1:c,0:c,0:c
	  B613.993INIT ERROR in instr 1: note deleted (1 init errors)

INIT ERROR in instr 1 (opcode loscil) line 130: Invalid ftable no. 673.000000
from file new_output.csd (1)
a3:a,a4:a loscil 1:c,kcps2:k,iFtable:i,ibascps:i,0:c,1:c,2:c,-1:c,0:c,0:c
	  B614.491INIT ERROR in instr 1: note deleted (1 init errors)

INIT ERROR in instr 1 (opcode loscil) line 130: Invalid ftable no. 672.000000
from file new_output.csd (1)
a3:a,a4:a loscil 1:c,kcps2:k,iFtable:i,ibascps:i,0:c,1:c,2:c,-1:c,0:c,0:c
	  B641.246INIT ERROR in instr 1: note deleted (1 init errors)

INIT ERROR in instr 1 (opcode loscil) line 130: Invalid ftable no. 672.000000
from file new_output.csd (1)
a3:a,a4:a loscil 1:c,kcps2:k,iFtable:i,ibascps:i,0:c,1:c,2:c,-1:c,0:c,0:c
	  B641.254INIT ERROR in instr 1: note deleted (1 init errors)

INIT ERROR in instr 1 (opcode loscil) line 130: Invalid ftable no. 673.000000
from file new_output.csd (1)
a3:a,a4:a loscil 1:c,kcps2:k,iFtable:i,ibascps:i,0:c,1:c,2:c,-1:c,0:c,0:c
	  B641.260INIT ERROR in instr 1: note deleted (1 init errors)

INIT ERROR in instr 1 (opcode loscil) line 130: Invalid ftable no. 673.000000
from file new_output.csd (1)
a3:a,a4:a loscil 1:c,kcps2:k,iFtable:i,ibascps:i,0:c,1:c,2:c,-1:c,0:c,0:c
	  B641.265INIT ERROR in instr 1: note deleted (1 init errors)

INIT ERROR in instr 1 (opcode loscil) line 130: Invalid ftable no. 673.000000
from file new_output.csd (1)
a3:a,a4:a loscil 1:c,kcps2:k,iFtable:i,ibascps:i,0:c,1:c,2:c,-1:c,0:c,0:c
	  B646.002INIT ERROR in instr 1: note deleted (1 init errors)

INIT ERROR in instr 1 (opcode loscil) line 130: Invalid ftable no. 673.000000
from file new_output.csd (1)
a3:a,a4:a loscil 1:c,kcps2:k,iFtable:i,ibascps:i,0:c,1:c,2:c,-1:c,0:c,0:c
	  B646.008INIT ERROR in instr 1: note deleted (1 init errors)

INIT ERROR in instr 1 (opcode loscil) line 130: Invalid ftable no. 672.000000
from file new_output.csd (1)
a3:a,a4:a loscil 1:c,kcps2:k,iFtable:i,ibascps:i,0:c,1:c,2:c,-1:c,0:c,0:c
	  B648.992INIT ERROR in instr 1: note deleted (1 init errors)

INIT ERROR in instr 1 (opcode loscil) line 130: Invalid ftable no. 673.000000
from file new_output.csd (1)
a3:a,a4:a loscil 1:c,kcps2:k,iFtable:i,ibascps:i,0:c,1:c,2:c,-1:c,0:c,0:c
	  B648.997INIT ERROR in instr 1: note deleted (1 init errors)

INIT ERROR in instr 1 (opcode loscil) line 130: Invalid ftable no. 673.000000
from file new_output.csd (1)
a3:a,a4:a loscil 1:c,kcps2:k,iFtable:i,ibascps:i,0:c,1:c,2:c,-1:c,0:c,0:c
	  B650.500INIT ERROR in instr 1: note deleted (1 init errors)

INIT ERROR in instr 1 (opcode loscil) line 130: Invalid ftable no. 673.000000
from file new_output.csd (1)
a3:a,a4:a loscil 1:c,kcps2:k,iFtable:i,ibascps:i,0:c,1:c,2:c,-1:c,0:c,0:c
	  B650.502INIT ERROR in instr 1: note deleted (1 init errors)

INIT ERROR in instr 1 (opcode loscil) line 130: Invalid ftable no. 673.000000
from file new_output.csd (1)
a3:a,a4:a loscil 1:c,kcps2:k,iFtable:i,ibascps:i,0:c,1:c,2:c,-1:c,0:c,0:c
	  B670.993INIT ERROR in instr 1: note deleted (1 init errors)

INIT ERROR in instr 1 (opcode loscil) line 130: Invalid ftable no. 673.000000
from file new_output.csd (1)
a3:a,a4:a loscil 1:c,kcps2:k,iFtable:i,ibascps:i,0:c,1:c,2:c,-1:c,0:c,0:c
	  B671.507INIT ERROR in instr 1: note deleted (1 init errors)

INIT ERROR in instr 1 (opcode loscil) line 130: Invalid ftable no. 673.000000
from file new_output.csd (1)
a3:a,a4:a loscil 1:c,kcps2:k,iFtable:i,ibascps:i,0:c,1:c,2:c,-1:c,0:c,0:c
	  B671.512INIT ERROR in instr 1: note deleted (1 init errors)

INIT ERROR in instr 1 (opcode loscil) line 130: Invalid ftable no. 673.000000
from file new_output.csd (1)
a3:a,a4:a loscil 1:c,kcps2:k,iFtable:i,ibascps:i,0:c,1:c,2:c,-1:c,0:c,0:c
	  B671.742INIT ERROR in instr 1: note deleted (1 init errors)

INIT ERROR in instr 1 (opcode loscil) line 130: Invalid ftable no. 673.000000
from file new_output.csd (1)
a3:a,a4:a loscil 1:c,kcps2:k,iFtable:i,ibascps:i,0:c,1:c,2:c,-1:c,0:c,0:c
	  B671.755INIT ERROR in instr 1: note deleted (1 init errors)

INIT ERROR in instr 1 (opcode loscil) line 130: Invalid ftable no. 672.000000
from file new_output.csd (1)
a3:a,a4:a loscil 1:c,kcps2:k,iFtable:i,ibascps:i,0:c,1:c,2:c,-1:c,0:c,0:c
	  B671.997INIT ERROR in instr 1: note deleted (1 init errors)

INIT ERROR in instr 1 (opcode loscil) line 130: Invalid ftable no. 673.000000
from file new_output.csd (1)
a3:a,a4:a loscil 1:c,kcps2:k,iFtable:i,ibascps:i,0:c,1:c,2:c,-1:c,0:c,0:c
	  B672.013INIT ERROR in instr 1: note deleted (1 init errors)

INIT ERROR in instr 1 (opcode loscil) line 130: Invalid ftable no. 672.000000
from file new_output.csd (1)
a3:a,a4:a loscil 1:c,kcps2:k,iFtable:i,ibascps:i,0:c,1:c,2:c,-1:c,0:c,0:c
	  B672.262INIT ERROR in instr 1: note deleted (1 init errors)

INIT ERROR in instr 1 (opcode loscil) line 130: Invalid ftable no. 672.000000
from file new_output.csd (1)
a3:a,a4:a loscil 1:c,kcps2:k,iFtable:i,ibascps:i,0:c,1:c,2:c,-1:c,0:c,0:c
	  B673.006INIT ERROR in instr 1: note deleted (1 init errors)

INIT ERROR in instr 1 (opcode loscil) line 130: Invalid ftable no. 672.000000
from file new_output.csd (1)
a3:a,a4:a loscil 1:c,kcps2:k,iFtable:i,ibascps:i,0:c,1:c,2:c,-1:c,0:c,0:c
	  B673.493INIT ERROR in instr 1: note deleted (1 init errors)

INIT ERROR in instr 1 (opcode loscil) line 130: Invalid ftable no. 673.000000
from file new_output.csd (1)
a3:a,a4:a loscil 1:c,kcps2:k,iFtable:i,ibascps:i,0:c,1:c,2:c,-1:c,0:c,0:c
	  B673.742INIT ERROR in instr 1: note deleted (1 init errors)

INIT ERROR in instr 1 (opcode loscil) line 130: Invalid ftable no. 673.000000
from file new_output.csd (1)
a3:a,a4:a loscil 1:c,kcps2:k,iFtable:i,ibascps:i,0:c,1:c,2:c,-1:c,0:c,0:c
	  B673.988INIT ERROR in instr 1: note deleted (1 init errors)

INIT ERROR in instr 1 (opcode loscil) line 130: Invalid ftable no. 673.000000
from file new_output.csd (1)
a3:a,a4:a loscil 1:c,kcps2:k,iFtable:i,ibascps:i,0:c,1:c,2:c,-1:c,0:c,0:c
	  B673.990INIT ERROR in instr 1: note deleted (1 init errors)

INIT ERROR in instr 1 (opcode loscil) line 130: Invalid ftable no. 673.000000
from file new_output.csd (1)
a3:a,a4:a loscil 1:c,kcps2:k,iFtable:i,ibascps:i,0:c,1:c,2:c,-1:c,0:c,0:c
	  B674.243INIT ERROR in instr 1: note deleted (1 init errors)

INIT ERROR in instr 1 (opcode loscil) line 130: Invalid ftable no. 673.000000
from file new_output.csd (1)
a3:a,a4:a loscil 1:c,kcps2:k,iFtable:i,ibascps:i,0:c,1:c,2:c,-1:c,0:c,0:c
	  B674.490INIT ERROR in instr 1: note deleted (1 init errors)

INIT ERROR in instr 1 (opcode loscil) line 130: Invalid ftable no. 673.000000
from file new_output.csd (1)
a3:a,a4:a loscil 1:c,kcps2:k,iFtable:i,ibascps:i,0:c,1:c,2:c,-1:c,0:c,0:c
	  B675.013INIT ERROR in instr 1: note deleted (1 init errors)

INIT ERROR in instr 1 (opcode loscil) line 130: Invalid ftable no. 673.000000
from file new_output.csd (1)
a3:a,a4:a loscil 1:c,kcps2:k,iFtable:i,ibascps:i,0:c,1:c,2:c,-1:c,0:c,0:c
	  B675.251INIT ERROR in instr 1: note deleted (1 init errors)

INIT ERROR in instr 1 (opcode loscil) line 130: Invalid ftable no. 672.000000
from file new_output.csd (1)
a3:a,a4:a loscil 1:c,kcps2:k,iFtable:i,ibascps:i,0:c,1:c,2:c,-1:c,0:c,0:c
	  B675.498INIT ERROR in instr 1: note deleted (1 init errors)

INIT ERROR in instr 1 (opcode loscil) line 130: Invalid ftable no. 673.000000
from file new_output.csd (1)
a3:a,a4:a loscil 1:c,kcps2:k,iFtable:i,ibascps:i,0:c,1:c,2:c,-1:c,0:c,0:c
	  B675.499INIT ERROR in instr 1: note deleted (1 init errors)

INIT ERROR in instr 1 (opcode loscil) line 130: Invalid ftable no. 672.000000
from file new_output.csd (1)
a3:a,a4:a loscil 1:c,kcps2:k,iFtable:i,ibascps:i,0:c,1:c,2:c,-1:c,0:c,0:c
	  B675.754INIT ERROR in instr 1: note deleted (1 init errors)

INIT ERROR in instr 1 (opcode loscil) line 130: Invalid ftable no. 673.000000
from file new_output.csd (1)
a3:a,a4:a loscil 1:c,kcps2:k,iFtable:i,ibascps:i,0:c,1:c,2:c,-1:c,0:c,0:c
	  B676.005INIT ERROR in instr 1: note deleted (1 init errors)

INIT ERROR in instr 1 (opcode loscil) line 130: Invalid ftable no. 673.000000
from file new_output.csd (1)
a3:a,a4:a loscil 1:c,kcps2:k,iFtable:i,ibascps:i,0:c,1:c,2:c,-1:c,0:c,0:c
	  B676.241INIT ERROR in instr 1: note deleted (1 init errors)

INIT ERROR in instr 1 (opcode loscil) line 130: Invalid ftable no. 673.000000
from file new_output.csd (1)
a3:a,a4:a loscil 1:c,kcps2:k,iFtable:i,ibascps:i,0:c,1:c,2:c,-1:c,0:c,0:c
	  B676.493INIT ERROR in instr 1: note deleted (1 init errors)

INIT ERROR in instr 1 (opcode loscil) line 130: Invalid ftable no. 673.000000
from file new_output.csd (1)
a3:a,a4:a loscil 1:c,kcps2:k,iFtable:i,ibascps:i,0:c,1:c,2:c,-1:c,0:c,0:c
	  B676.765INIT ERROR in instr 1: note deleted (1 init errors)

INIT ERROR in instr 1 (opcode loscil) line 130: Invalid ftable no. 673.000000
from file new_output.csd (1)
a3:a,a4:a loscil 1:c,kcps2:k,iFtable:i,ibascps:i,0:c,1:c,2:c,-1:c,0:c,0:c
	  B677.012INIT ERROR in instr 1: note deleted (1 init errors)

INIT ERROR in instr 1 (opcode loscil) line 130: Invalid ftable no. 673.000000
from file new_output.csd (1)
a3:a,a4:a loscil 1:c,kcps2:k,iFtable:i,ibascps:i,0:c,1:c,2:c,-1:c,0:c,0:c
	  B677.244INIT ERROR in instr 1: note deleted (1 init errors)

INIT ERROR in instr 1 (opcode loscil) line 130: Invalid ftable no. 673.000000
from file new_output.csd (1)
a3:a,a4:a loscil 1:c,kcps2:k,iFtable:i,ibascps:i,0:c,1:c,2:c,-1:c,0:c,0:c
	  B678.245INIT ERROR in instr 1: note deleted (1 init errors)

INIT ERROR in instr 1 (opcode loscil) line 130: Invalid ftable no. 673.000000
from file new_output.csd (1)
a3:a,a4:a loscil 1:c,kcps2:k,iFtable:i,ibascps:i,0:c,1:c,2:c,-1:c,0:c,0:c
	  B678.492INIT ERROR in instr 1: note deleted (1 init errors)

INIT ERROR in instr 1 (opcode loscil) line 130: Invalid ftable no. 673.000000
from file new_output.csd (1)
a3:a,a4:a loscil 1:c,kcps2:k,iFtable:i,ibascps:i,0:c,1:c,2:c,-1:c,0:c,0:c
	  B678.735INIT ERROR in instr 1: note deleted (1 init errors)

INIT ERROR in instr 1 (opcode loscil) line 130: Invalid ftable no. 673.000000
from file new_output.csd (1)
a3:a,a4:a loscil 1:c,kcps2:k,iFtable:i,ibascps:i,0:c,1:c,2:c,-1:c,0:c,0:c
	  B678.998INIT ERROR in instr 1: note deleted (1 init errors)

INIT ERROR in instr 1 (opcode loscil) line 130: Invalid ftable no. 673.000000
from file new_output.csd (1)
a3:a,a4:a loscil 1:c,kcps2:k,iFtable:i,ibascps:i,0:c,1:c,2:c,-1:c,0:c,0:c
	  B679.489INIT ERROR in instr 1: note deleted (1 init errors)

INIT ERROR in instr 1 (opcode loscil) line 130: Invalid ftable no. 673.000000
from file new_output.csd (1)
a3:a,a4:a loscil 1:c,kcps2:k,iFtable:i,ibascps:i,0:c,1:c,2:c,-1:c,0:c,0:c
	  B679.743INIT ERROR in instr 1: note deleted (1 init errors)

INIT ERROR in instr 1 (opcode loscil) line 130: Invalid ftable no. 672.000000
from file new_output.csd (1)
a3:a,a4:a loscil 1:c,kcps2:k,iFtable:i,ibascps:i,0:c,1:c,2:c,-1:c,0:c,0:c
	  B680.996INIT ERROR in instr 1: note deleted (1 init errors)

INIT ERROR in instr 1 (opcode loscil) line 130: Invalid ftable no. 672.000000
from file new_output.csd (1)
a3:a,a4:a loscil 1:c,kcps2:k,iFtable:i,ibascps:i,0:c,1:c,2:c,-1:c,0:c,0:c
	  B681.249INIT ERROR in instr 1: note deleted (1 init errors)

INIT ERROR in instr 1 (opcode loscil) line 130: Invalid ftable no. 672.000000
from file new_output.csd (1)
a3:a,a4:a loscil 1:c,kcps2:k,iFtable:i,ibascps:i,0:c,1:c,2:c,-1:c,0:c,0:c
	  B682.504INIT ERROR in instr 1: note deleted (1 init errors)

INIT ERROR in instr 1 (opcode loscil) line 130: Invalid ftable no. 673.000000
from file new_output.csd (1)
a3:a,a4:a loscil 1:c,kcps2:k,iFtable:i,ibascps:i,0:c,1:c,2:c,-1:c,0:c,0:c
	  B682.748INIT ERROR in instr 1: note deleted (1 init errors)

INIT ERROR in instr 1 (opcode loscil) line 130: Invalid ftable no. 672.000000
from file new_output.csd (1)
a3:a,a4:a loscil 1:c,kcps2:k,iFtable:i,ibascps:i,0:c,1:c,2:c,-1:c,0:c,0:c
	  B682.749INIT ERROR in instr 1: note deleted (1 init errors)

INIT ERROR in instr 1 (opcode loscil) line 130: Invalid ftable no. 673.000000
from file new_output.csd (1)
a3:a,a4:a loscil 1:c,kcps2:k,iFtable:i,ibascps:i,0:c,1:c,2:c,-1:c,0:c,0:c
	  B683.010INIT ERROR in instr 1: note deleted (1 init errors)

INIT ERROR in instr 1 (opcode loscil) line 130: Invalid ftable no. 672.000000
from file new_output.csd (1)
a3:a,a4:a loscil 1:c,kcps2:k,iFtable:i,ibascps:i,0:c,1:c,2:c,-1:c,0:c,0:c
	  B684.010INIT ERROR in instr 1: note deleted (1 init errors)

INIT ERROR in instr 1 (opcode loscil) line 130: Invalid ftable no. 673.000000
from file new_output.csd (1)
a3:a,a4:a loscil 1:c,kcps2:k,iFtable:i,ibascps:i,0:c,1:c,2:c,-1:c,0:c,0:c
	  B684.012INIT ERROR in instr 1: note deleted (1 init errors)

INIT ERROR in instr 1 (opcode loscil) line 130: Invalid ftable no. 673.000000
from file new_output.csd (1)
a3:a,a4:a loscil 1:c,kcps2:k,iFtable:i,ibascps:i,0:c,1:c,2:c,-1:c,0:c,0:c
	  B684.496INIT ERROR in instr 1: note deleted (1 init errors)

INIT ERROR in instr 1 (opcode loscil) line 130: Invalid ftable no. 673.000000
from file new_output.csd (1)
a3:a,a4:a loscil 1:c,kcps2:k,iFtable:i,ibascps:i,0:c,1:c,2:c,-1:c,0:c,0:c
	  B684.746INIT ERROR in instr 1: note deleted (1 init errors)

INIT ERROR in instr 1 (opcode loscil) line 130: Invalid ftable no. 673.000000
from file new_output.csd (1)
a3:a,a4:a loscil 1:c,kcps2:k,iFtable:i,ibascps:i,0:c,1:c,2:c,-1:c,0:c,0:c
	  B685.501INIT ERROR in instr 1: note deleted (1 init errors)

INIT ERROR in instr 1 (opcode loscil) line 130: Invalid ftable no. 673.000000
from file new_output.csd (1)
a3:a,a4:a loscil 1:c,kcps2:k,iFtable:i,ibascps:i,0:c,1:c,2:c,-1:c,0:c,0:c
	  B685.745INIT ERROR in instr 1: note deleted (1 init errors)

INIT ERROR in instr 1 (opcode loscil) line 130: Invalid ftable no. 673.000000
from file new_output.csd (1)
a3:a,a4:a loscil 1:c,kcps2:k,iFtable:i,ibascps:i,0:c,1:c,2:c,-1:c,0:c,0:c
	  B686.514INIT ERROR in instr 1: note deleted (1 init errors)

INIT ERROR in instr 1 (opcode loscil) line 130: Invalid ftable no. 673.000000
from file new_output.csd (1)
a3:a,a4:a loscil 1:c,kcps2:k,iFtable:i,ibascps:i,0:c,1:c,2:c,-1:c,0:c,0:c
	  B686.757INIT ERROR in instr 1: note deleted (1 init errors)

INIT ERROR in instr 1 (opcode loscil) line 130: Invalid ftable no. 673.000000
from file new_output.csd (1)
a3:a,a4:a loscil 1:c,kcps2:k,iFtable:i,ibascps:i,0:c,1:c,2:c,-1:c,0:c,0:c
	  B687.247INIT ERROR in instr 1: note deleted (1 init errors)

INIT ERROR in instr 1 (opcode loscil) line 130: Invalid ftable no. 673.000000
from file new_output.csd (1)
a3:a,a4:a loscil 1:c,kcps2:k,iFtable:i,ibascps:i,0:c,1:c,2:c,-1:c,0:c,0:c
	  B687.508INIT ERROR in instr 1: note deleted (1 init errors)

INIT ERROR in instr 1 (opcode loscil) line 130: Invalid ftable no. 672.000000
from file new_output.csd (1)
a3:a,a4:a loscil 1:c,kcps2:k,iFtable:i,ibascps:i,0:c,1:c,2:c,-1:c,0:c,0:c
	  B688.485INIT ERROR in instr 1: note deleted (1 init errors)

INIT ERROR in instr 1 (opcode loscil) line 130: Invalid ftable no. 672.000000
from file new_output.csd (1)
a3:a,a4:a loscil 1:c,kcps2:k,iFtable:i,ibascps:i,0:c,1:c,2:c,-1:c,0:c,0:c
	  B688.486INIT ERROR in instr 1: note deleted (1 init errors)

INIT ERROR in instr 1 (opcode loscil) line 130: Invalid ftable no. 673.000000
from file new_output.csd (1)
a3:a,a4:a loscil 1:c,kcps2:k,iFtable:i,ibascps:i,0:c,1:c,2:c,-1:c,0:c,0:c
	  B688.508INIT ERROR in instr 1: note deleted (1 init errors)

INIT ERROR in instr 1 (opcode loscil) line 130: Invalid ftable no. 673.000000
from file new_output.csd (1)
a3:a,a4:a loscil 1:c,kcps2:k,iFtable:i,ibascps:i,0:c,1:c,2:c,-1:c,0:c,0:c
	  B688.515INIT ERROR in instr 1: note deleted (1 init errors)

INIT ERROR in instr 1 (opcode loscil) line 130: Invalid ftable no. 673.000000
from file new_output.csd (1)
a3:a,a4:a loscil 1:c,kcps2:k,iFtable:i,ibascps:i,0:c,1:c,2:c,-1:c,0:c,0:c
	  B688.738INIT ERROR in instr 1: note deleted (1 init errors)

INIT ERROR in instr 1 (opcode loscil) line 130: Invalid ftable no. 673.000000
from file new_output.csd (1)
a3:a,a4:a loscil 1:c,kcps2:k,iFtable:i,ibascps:i,0:c,1:c,2:c,-1:c,0:c,0:c
	  B689.990INIT ERROR in instr 1: note deleted (1 init errors)

INIT ERROR in instr 1 (opcode loscil) line 130: Invalid ftable no. 673.000000
from file new_output.csd (1)
a3:a,a4:a loscil 1:c,kcps2:k,iFtable:i,ibascps:i,0:c,1:c,2:c,-1:c,0:c,0:c
	  B690.255INIT ERROR in instr 1: note deleted (1 init errors)

INIT ERROR in instr 1 (opcode loscil) line 130: Invalid ftable no. 673.000000
from file new_output.csd (1)
a3:a,a4:a loscil 1:c,kcps2:k,iFtable:i,ibascps:i,0:c,1:c,2:c,-1:c,0:c,0:c
	  B712.490INIT ERROR in instr 1: note deleted (1 init errors)

INIT ERROR in instr 1 (opcode loscil) line 130: Invalid ftable no. 673.000000
from file new_output.csd (1)
a3:a,a4:a loscil 1:c,kcps2:k,iFtable:i,ibascps:i,0:c,1:c,2:c,-1:c,0:c,0:c
	  B712.500INIT ERROR in instr 1: note deleted (1 init errors)

INIT ERROR in instr 1 (opcode loscil) line 130: Invalid ftable no. 672.000000
from file new_output.csd (1)
a3:a,a4:a loscil 1:c,kcps2:k,iFtable:i,ibascps:i,0:c,1:c,2:c,-1:c,0:c,0:c
	  B712.505INIT ERROR in instr 1: note deleted (1 init errors)

INIT ERROR in instr 1 (opcode loscil) line 130: Invalid ftable no. 672.000000
from file new_output.csd (1)
a3:a,a4:a loscil 1:c,kcps2:k,iFtable:i,ibascps:i,0:c,1:c,2:c,-1:c,0:c,0:c
	  B712.514INIT ERROR in instr 1: note deleted (1 init errors)
end of Performance
inactive allocs returned to freespace
		   overall amps:   8069.8   8407.6
	   overall samples out of range:        0        0
673 errors in performance
512 1536 sample blks of 24bit ints written to /home/prent/Music/sflib/ball9.wav (WAV)
