2026-02-10 13:32:43 - INFO - ================================================================================
2026-02-10 13:32:43 - INFO - CHORD TUNING OPTIMIZATION - SIMULATED ANNEALING V2
2026-02-10 13:32:43 - INFO - ================================================================================
2026-02-10 13:32:43 - INFO - Mode: PRODUCTION
2026-02-10 13:32:43 - INFO - Tolerance: 4
2026-02-10 13:32:43 - INFO - Data directory: /home/prent/Dropbox/Tutorials/TonicNet/One-footed-bride-tuning/Archive/opt/tolerance-4
2026-02-10 13:32:43 - INFO - Processing 1 chorales
2026-02-10 13:32:43 - INFO - SA parameters: {'tolerance': 4, 'limit_max': 19, 'initial_temperature': 2.5, 'cooling_rate': 0.999, 'max_iterations': 1000, 'rolls': 8, 'min_repeats': 5, 'elbow_percent': 0.5, 'r_value': 0.3, 'spread': 7, 'max_gap': 40, 'retune_on_gaps': 3, 'time_limit': 0.0, 'max_no_improve': 50}
2026-02-10 13:32:43 - INFO - Processing bwv264...
2026-02-10 13:32:43 - INFO - save_midi_file = False, 
2026-02-10 13:32:43 - INFO - version = 'bwv264', chorale.shape = (4, 148), root = 7, keys[root] = np.str_('G♮'), mode = 'major', time_sig = '4/4'
2026-02-10 13:32:43 - INFO - In load_chorale_in_cents. About to load top_notes from file_name = '/home/prent/Dropbox/Tutorials/TonicNet/One-footed-bride-tuning/Archive/opt/tolerance-4/bwv264top-notes.npy'
2026-02-10 13:32:43 - INFO - chorale_in_cents.shape = (4, 148), chorale.shape = (4, 148)
2026-02-10 13:32:43 - INFO - limit_value = 19, limit_denominator = 50, tonal_diamond_values.shape = (84, 3)
2026-02-10 13:32:43 - INFO - chord#0 Starting SA optimization (tolerance=4)
2026-02-10 13:32:43 - INFO - chord#0 roll#1 Early stop: no improvement for 50 iterations (max_no_improve=50)
2026-02-10 13:32:43 - INFO - chord#0 SA complete: score=43.0 after 155 iterations
2026-02-10 13:32:43 - INFO - chord#0 Starting SA optimization (tolerance=4)
2026-02-10 13:32:43 - INFO - chord#0 roll#2 Early stop: no improvement for 50 iterations (max_no_improve=50)
2026-02-10 13:32:43 - INFO - chord#0 SA complete: score=43.0 after 56 iterations
2026-02-10 13:32:43 - INFO - chord#0 Starting SA optimization (tolerance=4)
2026-02-10 13:32:43 - INFO - chord#0 roll#3 Early stop: no improvement for 50 iterations (max_no_improve=50)
2026-02-10 13:32:43 - INFO - chord#0 SA complete: score=43.0 after 85 iterations
2026-02-10 13:32:43 - INFO - chord#0 Starting SA optimization (tolerance=4)
2026-02-10 13:32:43 - INFO - chord#0 roll#4 Early stop: no improvement for 50 iterations (max_no_improve=50)
2026-02-10 13:32:43 - INFO - chord#0 SA complete: score=43.0 after 78 iterations
2026-02-10 13:32:43 - INFO - chord#0 Starting SA optimization (tolerance=4)
2026-02-10 13:32:43 - INFO - chord#0 roll#5 Early stop: no improvement for 50 iterations (max_no_improve=50)
2026-02-10 13:32:43 - INFO - chord#0 SA complete: score=43.0 after 58 iterations
2026-02-10 13:32:43 - INFO - chord#0 Starting SA optimization (tolerance=4)
2026-02-10 13:32:43 - INFO - chord#0 roll#6 Early stop: no improvement for 50 iterations (max_no_improve=50)
2026-02-10 13:32:43 - INFO - chord#0 SA complete: score=43.0 after 68 iterations
2026-02-10 13:32:43 - INFO - chord#0 Best roll: 1/6, score=43.0
2026-02-10 13:32:43 - INFO - chord#4 Starting SA optimization (tolerance=4)
2026-02-10 13:32:43 - INFO - chord#4 roll#1 Early stop: no improvement for 50 iterations (max_no_improve=50)
2026-02-10 13:32:43 - INFO - chord#4 SA complete: score=45.0 after 54 iterations
2026-02-10 13:32:43 - INFO - chord#4 Starting SA optimization (tolerance=4)
2026-02-10 13:32:43 - INFO - chord#4 roll#2 Early stop: no improvement for 50 iterations (max_no_improve=50)
2026-02-10 13:32:43 - INFO - chord#4 SA complete: score=45.0 after 54 iterations
2026-02-10 13:32:43 - INFO - chord#4 Starting SA optimization (tolerance=4)
2026-02-10 13:32:43 - INFO - chord#4 roll#3 Early stop: no improvement for 50 iterations (max_no_improve=50)
2026-02-10 13:32:43 - INFO - chord#4 SA complete: score=45.0 after 57 iterations
2026-02-10 13:32:43 - INFO - chord#4 Starting SA optimization (tolerance=4)
2026-02-10 13:32:43 - INFO - chord#4 roll#4 Early stop: no improvement for 50 iterations (max_no_improve=50)
2026-02-10 13:32:43 - INFO - chord#4 SA complete: score=45.0 after 67 iterations
2026-02-10 13:32:43 - INFO - chord#4 Starting SA optimization (tolerance=4)
2026-02-10 13:32:43 - INFO - chord#4 roll#5 Early stop: no improvement for 50 iterations (max_no_improve=50)
2026-02-10 13:32:43 - INFO - chord#4 SA complete: score=45.0 after 86 iterations
2026-02-10 13:32:43 - INFO - chord#4 Starting SA optimization (tolerance=4)
2026-02-10 13:32:43 - INFO - chord#4 roll#6 Early stop: no improvement for 50 iterations (max_no_improve=50)
2026-02-10 13:32:43 - INFO - chord#4 SA complete: score=45.0 after 70 iterations
2026-02-10 13:32:43 - INFO - chord#4 Best roll: 1/6, score=45.0
2026-02-10 13:32:43 - INFO - chord#6 Starting SA optimization (tolerance=4)
2026-02-10 13:32:43 - INFO - chord#6 roll#1 Early stop: no improvement for 50 iterations (max_no_improve=50)
2026-02-10 13:32:43 - INFO - chord#6 SA complete: score=47.0 after 56 iterations
2026-02-10 13:32:43 - INFO - chord#6 Starting SA optimization (tolerance=4)
2026-02-10 13:32:43 - INFO - chord#6 roll#2 Early stop: no improvement for 50 iterations (max_no_improve=50)
2026-02-10 13:32:43 - INFO - chord#6 SA complete: score=47.0 after 52 iterations
2026-02-10 13:32:43 - INFO - chord#6 Starting SA optimization (tolerance=4)
2026-02-10 13:32:43 - INFO - chord#6 roll#3 Early stop: no improvement for 50 iterations (max_no_improve=50)
2026-02-10 13:32:43 - INFO - chord#6 SA complete: score=47.0 after 54 iterations
2026-02-10 13:32:43 - INFO - chord#6 Starting SA optimization (tolerance=4)
2026-02-10 13:32:43 - INFO - chord#6 roll#4 Early stop: no improvement for 50 iterations (max_no_improve=50)
2026-02-10 13:32:43 - INFO - chord#6 SA complete: score=47.0 after 71 iterations
2026-02-10 13:32:43 - INFO - chord#6 Starting SA optimization (tolerance=4)
2026-02-10 13:32:43 - INFO - chord#6 roll#5 Early stop: no improvement for 50 iterations (max_no_improve=50)
2026-02-10 13:32:43 - INFO - chord#6 SA complete: score=47.0 after 61 iterations
2026-02-10 13:32:43 - INFO - chord#6 Starting SA optimization (tolerance=4)
2026-02-10 13:32:43 - INFO - chord#6 roll#6 Early stop: no improvement for 50 iterations (max_no_improve=50)
2026-02-10 13:32:43 - INFO - chord#6 SA complete: score=47.0 after 50 iterations
2026-02-10 13:32:43 - INFO - chord#6 Best roll: 1/6, score=47.0
2026-02-10 13:32:43 - INFO - chord#8 Starting SA optimization (tolerance=4)
2026-02-10 13:32:43 - INFO - chord#8 roll#1 Early stop: no improvement for 50 iterations (max_no_improve=50)
2026-02-10 13:32:43 - INFO - chord#8 SA complete: score=45.0 after 54 iterations
2026-02-10 13:32:43 - INFO - chord#8 Starting SA optimization (tolerance=4)
2026-02-10 13:32:43 - INFO - chord#8 roll#2 Early stop: no improvement for 50 iterations (max_no_improve=50)
2026-02-10 13:32:43 - INFO - chord#8 SA complete: score=45.0 after 68 iterations
2026-02-10 13:32:43 - INFO - chord#8 Starting SA optimization (tolerance=4)
2026-02-10 13:32:43 - INFO - chord#8 roll#3 Early stop: no improvement for 50 iterations (max_no_improve=50)
2026-02-10 13:32:43 - INFO - chord#8 SA complete: score=45.0 after 49 iterations
2026-02-10 13:32:43 - INFO - chord#8 Starting SA optimization (tolerance=4)
2026-02-10 13:32:43 - INFO - chord#8 roll#4 Early stop: no improvement for 50 iterations (max_no_improve=50)
2026-02-10 13:32:43 - INFO - chord#8 SA complete: score=45.0 after 69 iterations
2026-02-10 13:32:43 - INFO - chord#8 Starting SA optimization (tolerance=4)
2026-02-10 13:32:43 - INFO - chord#8 roll#5 Early stop: no improvement for 50 iterations (max_no_improve=50)
2026-02-10 13:32:43 - INFO - chord#8 SA complete: score=45.0 after 59 iterations
2026-02-10 13:32:43 - INFO - chord#8 Starting SA optimization (tolerance=4)
2026-02-10 13:32:43 - INFO - chord#8 roll#6 Early stop: no improvement for 50 iterations (max_no_improve=50)
2026-02-10 13:32:43 - INFO - chord#8 SA complete: score=45.0 after 69 iterations
2026-02-10 13:32:43 - INFO - chord#8 Best roll: 1/6, score=45.0
2026-02-10 13:32:43 - INFO - chord#10 Starting SA optimization (tolerance=4)
2026-02-10 13:32:43 - INFO - chord#10 roll#1 Early stop: no improvement for 50 iterations (max_no_improve=50)
2026-02-10 13:32:43 - INFO - chord#10 SA complete: score=43.0 after 83 iterations
2026-02-10 13:32:43 - INFO - chord#10 Starting SA optimization (tolerance=4)
2026-02-10 13:32:43 - INFO - chord#10 roll#2 Early stop: no improvement for 50 iterations (max_no_improve=50)
2026-02-10 13:32:43 - INFO - chord#10 SA complete: score=43.0 after 51 iterations
2026-02-10 13:32:43 - INFO - chord#10 Starting SA optimization (tolerance=4)
2026-02-10 13:32:43 - INFO - chord#10 roll#3 Early stop: no improvement for 50 iterations (max_no_improve=50)
2026-02-10 13:32:43 - INFO - chord#10 SA complete: score=43.0 after 65 iterations
2026-02-10 13:32:43 - INFO - chord#10 Starting SA optimization (tolerance=4)
2026-02-10 13:32:43 - INFO - chord#10 roll#4 Early stop: no improvement for 50 iterations (max_no_improve=50)
2026-02-10 13:32:43 - INFO - chord#10 SA complete: score=43.0 after 51 iterations
2026-02-10 13:32:43 - INFO - chord#10 Starting SA optimization (tolerance=4)
2026-02-10 13:32:43 - INFO - chord#10 roll#5 Early stop: no improvement for 50 iterations (max_no_improve=50)
2026-02-10 13:32:43 - INFO - chord#10 SA complete: score=43.0 after 83 iterations
2026-02-10 13:32:43 - INFO - chord#10 Starting SA optimization (tolerance=4)
2026-02-10 13:32:43 - INFO - chord#10 roll#6 Early stop: no improvement for 50 iterations (max_no_improve=50)
2026-02-10 13:32:43 - INFO - chord#10 SA complete: score=43.0 after 70 iterations
2026-02-10 13:32:43 - INFO - chord#10 Best roll: 1/6, score=43.0
2026-02-10 13:32:43 - INFO - chord#12 Starting SA optimization (tolerance=4)
2026-02-10 13:32:43 - INFO - chord#12 roll#1 Early stop: no improvement for 50 iterations (max_no_improve=50)
2026-02-10 13:32:43 - INFO - chord#12 SA complete: score=59.0 after 74 iterations
2026-02-10 13:32:43 - INFO - chord#12 Starting SA optimization (tolerance=4)
2026-02-10 13:32:43 - INFO - chord#12 roll#2 Early stop: no improvement for 50 iterations (max_no_improve=50)
2026-02-10 13:32:43 - INFO - chord#12 SA complete: score=43.0 after 50 iterations
2026-02-10 13:32:43 - INFO - chord#12 Starting SA optimization (tolerance=4)
2026-02-10 13:32:43 - INFO - chord#12 roll#3 Early stop: no improvement for 50 iterations (max_no_improve=50)
2026-02-10 13:32:43 - INFO - chord#12 SA complete: score=69.0 after 56 iterations
2026-02-10 13:32:43 - INFO - chord#12 Starting SA optimization (tolerance=4)
2026-02-10 13:32:43 - INFO - chord#12 roll#4 Early stop: no improvement for 50 iterations (max_no_improve=50)
2026-02-10 13:32:43 - INFO - chord#12 SA complete: score=43.0 after 57 iterations
2026-02-10 13:32:43 - INFO - chord#12 Starting SA optimization (tolerance=4)
2026-02-10 13:32:43 - INFO - chord#12 roll#5 Early stop: no improvement for 50 iterations (max_no_improve=50)
2026-02-10 13:32:43 - INFO - chord#12 SA complete: score=43.0 after 58 iterations
2026-02-10 13:32:43 - INFO - chord#12 Starting SA optimization (tolerance=4)
2026-02-10 13:32:43 - INFO - chord#12 roll#6 Early stop: no improvement for 50 iterations (max_no_improve=50)
2026-02-10 13:32:43 - INFO - chord#12 SA complete: score=43.0 after 80 iterations
2026-02-10 13:32:43 - INFO - chord#12 Starting SA optimization (tolerance=4)
2026-02-10 13:32:43 - INFO - chord#12 roll#7 Early stop: no improvement for 50 iterations (max_no_improve=50)
2026-02-10 13:32:43 - INFO - chord#12 SA complete: score=43.0 after 110 iterations
2026-02-10 13:32:43 - INFO - chord#12 Best roll: 2/7, score=43.0
2026-02-10 13:32:43 - INFO - chord#14 Starting SA optimization (tolerance=4)
2026-02-10 13:32:43 - INFO - deltas.shape = (3,), deltas = array([40, 45, 50])
2026-02-10 13:32:43 - INFO - in _select_ratios: no allowed intervals after step 2 cent delta filter. returning empty list.
2026-02-10 13:32:43 - INFO - deltas.shape = (3,), deltas = array([40, 45, 50])
2026-02-10 13:32:43 - INFO - in _select_ratios: no allowed intervals after step 2 cent delta filter. returning empty list.
2026-02-10 13:32:43 - INFO - deltas.shape = (3,), deltas = array([40, 45, 50])
2026-02-10 13:32:43 - INFO - in _select_ratios: no allowed intervals after step 2 cent delta filter. returning empty list.
2026-02-10 13:32:43 - INFO - deltas.shape = (3,), deltas = array([40, 45, 50])
2026-02-10 13:32:43 - INFO - in _select_ratios: no allowed intervals after step 2 cent delta filter. returning empty list.
2026-02-10 13:32:44 - INFO - deltas.shape = (3,), deltas = array([40, 45, 50])
2026-02-10 13:32:44 - INFO - in _select_ratios: no allowed intervals after step 2 cent delta filter. returning empty list.
2026-02-10 13:32:44 - INFO - chord#14 roll#1 Early stop: no improvement for 50 iterations (max_no_improve=50)
2026-02-10 13:32:44 - INFO - chord#14 SA complete: score=74.0 after 71 iterations
2026-02-10 13:32:44 - INFO - chord#14 Starting SA optimization (tolerance=4)
2026-02-10 13:32:44 - INFO - chord#14 roll#2 Early stop: no improvement for 50 iterations (max_no_improve=50)
2026-02-10 13:32:44 - INFO - chord#14 SA complete: score=96.0 after 51 iterations
2026-02-10 13:32:44 - INFO - chord#14 Starting SA optimization (tolerance=4)
2026-02-10 13:32:44 - INFO - chord#14 roll#3 Early stop: no improvement for 50 iterations (max_no_improve=50)
2026-02-10 13:32:44 - INFO - chord#14 SA complete: score=74.0 after 87 iterations
2026-02-10 13:32:44 - INFO - chord#14 Starting SA optimization (tolerance=4)
2026-02-10 13:32:44 - INFO - chord#14 roll#4 Early stop: no improvement for 50 iterations (max_no_improve=50)
2026-02-10 13:32:44 - INFO - chord#14 SA complete: score=93.0 after 71 iterations
2026-02-10 13:32:44 - INFO - chord#14 Starting SA optimization (tolerance=4)
2026-02-10 13:32:44 - INFO - deltas.shape = (3,), deltas = array([42, 47, 52])
2026-02-10 13:32:44 - INFO - in _select_ratios: no allowed intervals after step 2 cent delta filter. returning empty list.
2026-02-10 13:32:44 - INFO - deltas.shape = (3,), deltas = array([42, 47, 52])
2026-02-10 13:32:44 - INFO - in _select_ratios: no allowed intervals after step 2 cent delta filter. returning empty list.
2026-02-10 13:32:44 - INFO - deltas.shape = (3,), deltas = array([42, 47, 52])
2026-02-10 13:32:44 - INFO - in _select_ratios: no allowed intervals after step 2 cent delta filter. returning empty list.
2026-02-10 13:32:44 - INFO - deltas.shape = (4,), deltas = array([32, 37, 42, 48])
2026-02-10 13:32:44 - INFO - deltas.shape = (4,), deltas = array([32, 37, 42, 48])
2026-02-10 13:32:44 - INFO - deltas.shape = (3,), deltas = array([42, 47, 52])
2026-02-10 13:32:44 - INFO - in _select_ratios: no allowed intervals after step 2 cent delta filter. returning empty list.
2026-02-10 13:32:44 - INFO - deltas.shape = (3,), deltas = array([42, 47, 52])
2026-02-10 13:32:44 - INFO - in _select_ratios: no allowed intervals after step 2 cent delta filter. returning empty list.
2026-02-10 13:32:44 - INFO - deltas.shape = (4,), deltas = array([32, 37, 42, 48])
2026-02-10 13:32:44 - INFO - deltas.shape = (4,), deltas = array([32, 37, 42, 48])
2026-02-10 13:32:44 - INFO - chord#14 roll#5 Early stop: no improvement for 50 iterations (max_no_improve=50)
2026-02-10 13:32:44 - INFO - chord#14 SA complete: score=74.0 after 97 iterations
2026-02-10 13:32:44 - INFO - chord#14 Starting SA optimization (tolerance=4)
2026-02-10 13:32:44 - INFO - chord#14 roll#6 Early stop: no improvement for 50 iterations (max_no_improve=50)
2026-02-10 13:32:44 - INFO - chord#14 SA complete: score=145.0 after 63 iterations
2026-02-10 13:32:44 - INFO - chord#14 Best roll: 1/6, score=74.0
2026-02-10 13:32:44 - INFO - chord#15 Starting SA optimization (tolerance=4)
2026-02-10 13:32:44 - INFO - chord#15 roll#1 Early stop: no improvement for 50 iterations (max_no_improve=50)
2026-02-10 13:32:44 - INFO - chord#15 SA complete: score=100.0 after 68 iterations
2026-02-10 13:32:44 - INFO - chord#15 Starting SA optimization (tolerance=4)
2026-02-10 13:32:44 - INFO - chord#15 roll#2 Early stop: no improvement for 50 iterations (max_no_improve=50)
2026-02-10 13:32:44 - INFO - chord#15 SA complete: score=74.0 after 54 iterations
2026-02-10 13:32:44 - INFO - chord#15 Starting SA optimization (tolerance=4)
2026-02-10 13:32:44 - INFO - chord#15 roll#3 Early stop: no improvement for 50 iterations (max_no_improve=50)
2026-02-10 13:32:44 - INFO - chord#15 SA complete: score=64.0 after 83 iterations
2026-02-10 13:32:44 - INFO - chord#15 Starting SA optimization (tolerance=4)
2026-02-10 13:32:44 - INFO - chord#15 roll#4 Early stop: no improvement for 50 iterations (max_no_improve=50)
2026-02-10 13:32:44 - INFO - chord#15 SA complete: score=64.0 after 88 iterations
2026-02-10 13:32:44 - INFO - chord#15 Starting SA optimization (tolerance=4)
2026-02-10 13:32:44 - INFO - chord#15 roll#5 Early stop: no improvement for 50 iterations (max_no_improve=50)
2026-02-10 13:32:44 - INFO - chord#15 SA complete: score=64.0 after 66 iterations
2026-02-10 13:32:44 - INFO - chord#15 Starting SA optimization (tolerance=4)
2026-02-10 13:32:44 - INFO - chord#15 roll#6 Early stop: no improvement for 50 iterations (max_no_improve=50)
2026-02-10 13:32:44 - INFO - chord#15 SA complete: score=64.0 after 85 iterations
2026-02-10 13:32:44 - INFO - chord#15 Starting SA optimization (tolerance=4)
2026-02-10 13:32:44 - INFO - chord#15 roll#7 Early stop: no improvement for 50 iterations (max_no_improve=50)
2026-02-10 13:32:44 - INFO - chord#15 SA complete: score=71.0 after 90 iterations
2026-02-10 13:32:44 - INFO - chord#15 Starting SA optimization (tolerance=4)
2026-02-10 13:32:44 - INFO - chord#15 roll#8 Early stop: no improvement for 50 iterations (max_no_improve=50)
2026-02-10 13:32:44 - INFO - chord#15 SA complete: score=64.0 after 72 iterations
2026-02-10 13:32:44 - INFO - chord#15 Best roll: 3/8, score=64.0
2026-02-10 13:32:44 - INFO - chord#16 Starting SA optimization (tolerance=4)
2026-02-10 13:32:44 - INFO - chord#16 roll#1 Early stop: no improvement for 50 iterations (max_no_improve=50)
2026-02-10 13:32:44 - INFO - chord#16 SA complete: score=43.0 after 113 iterations
2026-02-10 13:32:44 - INFO - chord#16 Starting SA optimization (tolerance=4)
2026-02-10 13:32:44 - INFO - chord#16 roll#2 Early stop: no improvement for 50 iterations (max_no_improve=50)
2026-02-10 13:32:44 - INFO - chord#16 SA complete: score=43.0 after 58 iterations
2026-02-10 13:32:44 - INFO - chord#16 Starting SA optimization (tolerance=4)
2026-02-10 13:32:44 - INFO - chord#16 roll#3 Early stop: no improvement for 50 iterations (max_no_improve=50)
2026-02-10 13:32:44 - INFO - chord#16 SA complete: score=43.0 after 105 iterations
2026-02-10 13:32:44 - INFO - chord#16 Starting SA optimization (tolerance=4)
2026-02-10 13:32:44 - INFO - chord#16 roll#4 Early stop: no improvement for 50 iterations (max_no_improve=50)
2026-02-10 13:32:44 - INFO - chord#16 SA complete: score=69.0 after 63 iterations
2026-02-10 13:32:44 - INFO - chord#16 Starting SA optimization (tolerance=4)
2026-02-10 13:32:44 - INFO - chord#16 roll#5 Early stop: no improvement for 50 iterations (max_no_improve=50)
2026-02-10 13:32:44 - INFO - chord#16 SA complete: score=43.0 after 100 iterations
2026-02-10 13:32:44 - INFO - chord#16 Starting SA optimization (tolerance=4)
2026-02-10 13:32:44 - INFO - chord#16 roll#6 Early stop: no improvement for 50 iterations (max_no_improve=50)
2026-02-10 13:32:44 - INFO - chord#16 SA complete: score=43.0 after 70 iterations
2026-02-10 13:32:44 - INFO - chord#16 Best roll: 1/6, score=43.0
2026-02-10 13:32:44 - INFO - chord#18 Starting SA optimization (tolerance=4)
2026-02-10 13:32:44 - INFO - chord#18 roll#1 Early stop: no improvement for 50 iterations (max_no_improve=50)
2026-02-10 13:32:44 - INFO - chord#18 SA complete: score=67.0 after 79 iterations
2026-02-10 13:32:44 - INFO - chord#18 Starting SA optimization (tolerance=4)
2026-02-10 13:32:44 - INFO - chord#18 roll#2 Early stop: no improvement for 50 iterations (max_no_improve=50)
2026-02-10 13:32:44 - INFO - chord#18 SA complete: score=116.0 after 57 iterations
2026-02-10 13:32:44 - INFO - chord#18 Starting SA optimization (tolerance=4)
2026-02-10 13:32:44 - INFO - chord#18 roll#3 Early stop: no improvement for 50 iterations (max_no_improve=50)
2026-02-10 13:32:44 - INFO - chord#18 SA complete: score=67.0 after 75 iterations
2026-02-10 13:32:44 - INFO - chord#18 Starting SA optimization (tolerance=4)
2026-02-10 13:32:44 - INFO - chord#18 roll#4 Early stop: no improvement for 50 iterations (max_no_improve=50)
2026-02-10 13:32:44 - INFO - chord#18 SA complete: score=67.0 after 92 iterations
2026-02-10 13:32:44 - INFO - chord#18 Starting SA optimization (tolerance=4)
2026-02-10 13:32:45 - INFO - chord#18 roll#5 Early stop: no improvement for 50 iterations (max_no_improve=50)
2026-02-10 13:32:45 - INFO - chord#18 SA complete: score=102.0 after 109 iterations
2026-02-10 13:32:45 - INFO - chord#18 Starting SA optimization (tolerance=4)
2026-02-10 13:32:45 - INFO - chord#18 roll#6 Early stop: no improvement for 50 iterations (max_no_improve=50)
2026-02-10 13:32:45 - INFO - chord#18 SA complete: score=101.0 after 64 iterations
2026-02-10 13:32:45 - INFO - chord#18 Best roll: 1/6, score=67.0
2026-02-10 13:32:45 - INFO - chord#20 Starting SA optimization (tolerance=4)
2026-02-10 13:32:45 - INFO - chord#20 roll#1 Early stop: no improvement for 50 iterations (max_no_improve=50)
2026-02-10 13:32:45 - INFO - chord#20 SA complete: score=43.0 after 74 iterations
2026-02-10 13:32:45 - INFO - chord#20 Starting SA optimization (tolerance=4)
2026-02-10 13:32:45 - INFO - chord#20 roll#2 Early stop: no improvement for 50 iterations (max_no_improve=50)
2026-02-10 13:32:45 - INFO - chord#20 SA complete: score=43.0 after 50 iterations
2026-02-10 13:32:45 - INFO - chord#20 Starting SA optimization (tolerance=4)
2026-02-10 13:32:45 - INFO - chord#20 roll#3 Early stop: no improvement for 50 iterations (max_no_improve=50)
2026-02-10 13:32:45 - INFO - chord#20 SA complete: score=43.0 after 61 iterations
2026-02-10 13:32:45 - INFO - chord#20 Starting SA optimization (tolerance=4)
2026-02-10 13:32:45 - INFO - chord#20 roll#4 Early stop: no improvement for 50 iterations (max_no_improve=50)
2026-02-10 13:32:45 - INFO - chord#20 SA complete: score=43.0 after 94 iterations
2026-02-10 13:32:45 - INFO - chord#20 Starting SA optimization (tolerance=4)
2026-02-10 13:32:45 - INFO - chord#20 roll#5 Early stop: no improvement for 50 iterations (max_no_improve=50)
2026-02-10 13:32:45 - INFO - chord#20 SA complete: score=43.0 after 52 iterations
2026-02-10 13:32:45 - INFO - chord#20 Starting SA optimization (tolerance=4)
2026-02-10 13:32:45 - INFO - chord#20 roll#6 Early stop: no improvement for 50 iterations (max_no_improve=50)
2026-02-10 13:32:45 - INFO - chord#20 SA complete: score=43.0 after 89 iterations
2026-02-10 13:32:45 - INFO - chord#20 Best roll: 1/6, score=43.0
2026-02-10 13:32:45 - INFO - chord#28 Starting SA optimization (tolerance=4)
2026-02-10 13:32:45 - INFO - chord#28 roll#1 Early stop: no improvement for 50 iterations (max_no_improve=50)
2026-02-10 13:32:45 - INFO - chord#28 SA complete: score=43.0 after 67 iterations
2026-02-10 13:32:45 - INFO - chord#28 Starting SA optimization (tolerance=4)
2026-02-10 13:32:45 - INFO - chord#28 roll#2 Early stop: no improvement for 50 iterations (max_no_improve=50)
2026-02-10 13:32:45 - INFO - chord#28 SA complete: score=43.0 after 59 iterations
2026-02-10 13:32:45 - INFO - chord#28 Starting SA optimization (tolerance=4)
2026-02-10 13:32:45 - INFO - chord#28 roll#3 Early stop: no improvement for 50 iterations (max_no_improve=50)
2026-02-10 13:32:45 - INFO - chord#28 SA complete: score=43.0 after 88 iterations
2026-02-10 13:32:45 - INFO - chord#28 Starting SA optimization (tolerance=4)
2026-02-10 13:32:45 - INFO - chord#28 roll#4 Early stop: no improvement for 50 iterations (max_no_improve=50)
2026-02-10 13:32:45 - INFO - chord#28 SA complete: score=43.0 after 81 iterations
2026-02-10 13:32:45 - INFO - chord#28 Starting SA optimization (tolerance=4)
2026-02-10 13:32:45 - INFO - chord#28 roll#5 Early stop: no improvement for 50 iterations (max_no_improve=50)
2026-02-10 13:32:45 - INFO - chord#28 SA complete: score=59.0 after 65 iterations
2026-02-10 13:32:45 - INFO - chord#28 Starting SA optimization (tolerance=4)
2026-02-10 13:32:45 - INFO - chord#28 roll#6 Early stop: no improvement for 50 iterations (max_no_improve=50)
2026-02-10 13:32:45 - INFO - chord#28 SA complete: score=43.0 after 54 iterations
2026-02-10 13:32:45 - INFO - chord#28 Best roll: 1/6, score=43.0
2026-02-10 13:32:45 - INFO - chord#32 Starting SA optimization (tolerance=4)
2026-02-10 13:32:45 - INFO - chord#32 roll#1 Early stop: no improvement for 50 iterations (max_no_improve=50)
2026-02-10 13:32:45 - INFO - chord#32 SA complete: score=43.0 after 70 iterations
2026-02-10 13:32:45 - INFO - chord#32 Starting SA optimization (tolerance=4)
2026-02-10 13:32:45 - INFO - chord#32 roll#2 Early stop: no improvement for 50 iterations (max_no_improve=50)
2026-02-10 13:32:45 - INFO - chord#32 SA complete: score=43.0 after 85 iterations
2026-02-10 13:32:45 - INFO - chord#32 Starting SA optimization (tolerance=4)
2026-02-10 13:32:45 - INFO - chord#32 roll#3 Early stop: no improvement for 50 iterations (max_no_improve=50)
2026-02-10 13:32:45 - INFO - chord#32 SA complete: score=43.0 after 97 iterations
2026-02-10 13:32:45 - INFO - chord#32 Starting SA optimization (tolerance=4)
2026-02-10 13:32:45 - INFO - chord#32 roll#4 Early stop: no improvement for 50 iterations (max_no_improve=50)
2026-02-10 13:32:45 - INFO - chord#32 SA complete: score=43.0 after 63 iterations
2026-02-10 13:32:45 - INFO - chord#32 Starting SA optimization (tolerance=4)
2026-02-10 13:32:45 - INFO - chord#32 roll#5 Early stop: no improvement for 50 iterations (max_no_improve=50)
2026-02-10 13:32:45 - INFO - chord#32 SA complete: score=43.0 after 80 iterations
2026-02-10 13:32:45 - INFO - chord#32 Starting SA optimization (tolerance=4)
2026-02-10 13:32:45 - INFO - chord#32 roll#6 Early stop: no improvement for 50 iterations (max_no_improve=50)
2026-02-10 13:32:45 - INFO - chord#32 SA complete: score=59.0 after 106 iterations
2026-02-10 13:32:45 - INFO - chord#32 Best roll: 1/6, score=43.0
2026-02-10 13:32:45 - INFO - chord#36 Starting SA optimization (tolerance=4)
2026-02-10 13:32:45 - INFO - chord#36 roll#1 Early stop: no improvement for 50 iterations (max_no_improve=50)
2026-02-10 13:32:45 - INFO - chord#36 SA complete: score=43.0 after 78 iterations
2026-02-10 13:32:45 - INFO - chord#36 Starting SA optimization (tolerance=4)
2026-02-10 13:32:45 - INFO - chord#36 roll#2 Early stop: no improvement for 50 iterations (max_no_improve=50)
2026-02-10 13:32:45 - INFO - chord#36 SA complete: score=43.0 after 94 iterations
2026-02-10 13:32:45 - INFO - chord#36 Starting SA optimization (tolerance=4)
2026-02-10 13:32:45 - INFO - chord#36 roll#3 Early stop: no improvement for 50 iterations (max_no_improve=50)
2026-02-10 13:32:45 - INFO - chord#36 SA complete: score=43.0 after 90 iterations
2026-02-10 13:32:45 - INFO - chord#36 Starting SA optimization (tolerance=4)
2026-02-10 13:32:45 - INFO - chord#36 roll#4 Early stop: no improvement for 50 iterations (max_no_improve=50)
2026-02-10 13:32:45 - INFO - chord#36 SA complete: score=43.0 after 50 iterations
2026-02-10 13:32:45 - INFO - chord#36 Starting SA optimization (tolerance=4)
2026-02-10 13:32:45 - INFO - chord#36 roll#5 Early stop: no improvement for 50 iterations (max_no_improve=50)
2026-02-10 13:32:45 - INFO - chord#36 SA complete: score=43.0 after 65 iterations
2026-02-10 13:32:45 - INFO - chord#36 Starting SA optimization (tolerance=4)
2026-02-10 13:32:45 - INFO - chord#36 roll#6 Early stop: no improvement for 50 iterations (max_no_improve=50)
2026-02-10 13:32:45 - INFO - chord#36 SA complete: score=43.0 after 54 iterations
2026-02-10 13:32:45 - INFO - chord#36 Best roll: 1/6, score=43.0
2026-02-10 13:32:45 - INFO - chord#38 Starting SA optimization (tolerance=4)
2026-02-10 13:32:45 - INFO - chord#38 roll#1 Early stop: no improvement for 50 iterations (max_no_improve=50)
2026-02-10 13:32:45 - INFO - chord#38 SA complete: score=47.0 after 62 iterations
2026-02-10 13:32:45 - INFO - chord#38 Starting SA optimization (tolerance=4)
2026-02-10 13:32:45 - INFO - chord#38 roll#2 Early stop: no improvement for 50 iterations (max_no_improve=50)
2026-02-10 13:32:45 - INFO - chord#38 SA complete: score=47.0 after 50 iterations
2026-02-10 13:32:45 - INFO - chord#38 Starting SA optimization (tolerance=4)
2026-02-10 13:32:45 - INFO - chord#38 roll#3 Early stop: no improvement for 50 iterations (max_no_improve=50)
2026-02-10 13:32:45 - INFO - chord#38 SA complete: score=47.0 after 49 iterations
2026-02-10 13:32:45 - INFO - chord#38 Starting SA optimization (tolerance=4)
2026-02-10 13:32:45 - INFO - chord#38 roll#4 Early stop: no improvement for 50 iterations (max_no_improve=50)
2026-02-10 13:32:45 - INFO - chord#38 SA complete: score=47.0 after 98 iterations
2026-02-10 13:32:45 - INFO - chord#38 Starting SA optimization (tolerance=4)
2026-02-10 13:32:45 - INFO - chord#38 roll#5 Early stop: no improvement for 50 iterations (max_no_improve=50)
2026-02-10 13:32:45 - INFO - chord#38 SA complete: score=47.0 after 77 iterations
2026-02-10 13:32:45 - INFO - chord#38 Starting SA optimization (tolerance=4)
2026-02-10 13:32:45 - INFO - chord#38 roll#6 Early stop: no improvement for 50 iterations (max_no_improve=50)
2026-02-10 13:32:45 - INFO - chord#38 SA complete: score=47.0 after 54 iterations
2026-02-10 13:32:45 - INFO - chord#38 Best roll: 1/6, score=47.0
2026-02-10 13:32:45 - INFO - chord#40 Starting SA optimization (tolerance=4)
2026-02-10 13:32:45 - INFO - chord#40 roll#1 Early stop: no improvement for 50 iterations (max_no_improve=50)
2026-02-10 13:32:45 - INFO - chord#40 SA complete: score=55.0 after 58 iterations
2026-02-10 13:32:45 - INFO - chord#40 Starting SA optimization (tolerance=4)
2026-02-10 13:32:45 - INFO - chord#40 roll#2 Early stop: no improvement for 50 iterations (max_no_improve=50)
2026-02-10 13:32:45 - INFO - chord#40 SA complete: score=55.0 after 96 iterations
2026-02-10 13:32:45 - INFO - chord#40 Starting SA optimization (tolerance=4)
2026-02-10 13:32:45 - INFO - chord#40 roll#3 Early stop: no improvement for 50 iterations (max_no_improve=50)
2026-02-10 13:32:45 - INFO - chord#40 SA complete: score=55.0 after 57 iterations
2026-02-10 13:32:45 - INFO - chord#40 Starting SA optimization (tolerance=4)
2026-02-10 13:32:45 - INFO - chord#40 roll#4 Early stop: no improvement for 50 iterations (max_no_improve=50)
2026-02-10 13:32:45 - INFO - chord#40 SA complete: score=55.0 after 59 iterations
2026-02-10 13:32:45 - INFO - chord#40 Starting SA optimization (tolerance=4)
2026-02-10 13:32:45 - INFO - chord#40 roll#5 Early stop: no improvement for 50 iterations (max_no_improve=50)
2026-02-10 13:32:45 - INFO - chord#40 SA complete: score=55.0 after 83 iterations
2026-02-10 13:32:45 - INFO - chord#40 Starting SA optimization (tolerance=4)
2026-02-10 13:32:45 - INFO - chord#40 roll#6 Early stop: no improvement for 50 iterations (max_no_improve=50)
2026-02-10 13:32:45 - INFO - chord#40 SA complete: score=55.0 after 63 iterations
2026-02-10 13:32:45 - INFO - chord#40 Best roll: 1/6, score=55.0
2026-02-10 13:32:45 - INFO - chord#42 Starting SA optimization (tolerance=4)
2026-02-10 13:32:45 - INFO - chord#42 roll#1 Early stop: no improvement for 50 iterations (max_no_improve=50)
2026-02-10 13:32:45 - INFO - chord#42 SA complete: score=56.0 after 71 iterations
2026-02-10 13:32:45 - INFO - chord#42 Starting SA optimization (tolerance=4)
2026-02-10 13:32:45 - INFO - chord#42 roll#2 Early stop: no improvement for 50 iterations (max_no_improve=50)
2026-02-10 13:32:45 - INFO - chord#42 SA complete: score=56.0 after 62 iterations
2026-02-10 13:32:45 - INFO - chord#42 Starting SA optimization (tolerance=4)
2026-02-10 13:32:45 - INFO - chord#42 roll#3 Early stop: no improvement for 50 iterations (max_no_improve=50)
2026-02-10 13:32:45 - INFO - chord#42 SA complete: score=45.0 after 51 iterations
2026-02-10 13:32:45 - INFO - chord#42 Starting SA optimization (tolerance=4)
2026-02-10 13:32:45 - INFO - chord#42 roll#4 Early stop: no improvement for 50 iterations (max_no_improve=50)
2026-02-10 13:32:45 - INFO - chord#42 SA complete: score=73.0 after 82 iterations
2026-02-10 13:32:45 - INFO - chord#42 Starting SA optimization (tolerance=4)
2026-02-10 13:32:45 - INFO - chord#42 roll#5 Early stop: no improvement for 50 iterations (max_no_improve=50)
2026-02-10 13:32:45 - INFO - chord#42 SA complete: score=56.0 after 65 iterations
2026-02-10 13:32:45 - INFO - chord#42 Starting SA optimization (tolerance=4)
2026-02-10 13:32:45 - INFO - chord#42 roll#6 Early stop: no improvement for 50 iterations (max_no_improve=50)
2026-02-10 13:32:45 - INFO - chord#42 SA complete: score=45.0 after 68 iterations
2026-02-10 13:32:45 - INFO - chord#42 Starting SA optimization (tolerance=4)
2026-02-10 13:32:45 - INFO - chord#42 roll#7 Early stop: no improvement for 50 iterations (max_no_improve=50)
2026-02-10 13:32:45 - INFO - chord#42 SA complete: score=45.0 after 80 iterations
2026-02-10 13:32:45 - INFO - chord#42 Starting SA optimization (tolerance=4)
2026-02-10 13:32:45 - INFO - chord#42 roll#8 Early stop: no improvement for 50 iterations (max_no_improve=50)
2026-02-10 13:32:45 - INFO - chord#42 SA complete: score=45.0 after 79 iterations
2026-02-10 13:32:45 - INFO - chord#42 Best roll: 3/8, score=45.0
2026-02-10 13:32:45 - INFO - chord#44 Starting SA optimization (tolerance=4)
2026-02-10 13:32:45 - INFO - chord#44 roll#1 Early stop: no improvement for 50 iterations (max_no_improve=50)
2026-02-10 13:32:45 - INFO - chord#44 SA complete: score=45.0 after 90 iterations
2026-02-10 13:32:45 - INFO - chord#44 Starting SA optimization (tolerance=4)
2026-02-10 13:32:45 - INFO - chord#44 roll#2 Early stop: no improvement for 50 iterations (max_no_improve=50)
2026-02-10 13:32:45 - INFO - chord#44 SA complete: score=45.0 after 51 iterations
2026-02-10 13:32:45 - INFO - chord#44 Starting SA optimization (tolerance=4)
2026-02-10 13:32:45 - INFO - chord#44 roll#3 Early stop: no improvement for 50 iterations (max_no_improve=50)
2026-02-10 13:32:45 - INFO - chord#44 SA complete: score=45.0 after 101 iterations
2026-02-10 13:32:45 - INFO - chord#44 Starting SA optimization (tolerance=4)
2026-02-10 13:32:45 - INFO - chord#44 roll#4 Early stop: no improvement for 50 iterations (max_no_improve=50)
2026-02-10 13:32:45 - INFO - chord#44 SA complete: score=45.0 after 60 iterations
2026-02-10 13:32:45 - INFO - chord#44 Starting SA optimization (tolerance=4)
2026-02-10 13:32:45 - INFO - chord#44 roll#5 Early stop: no improvement for 50 iterations (max_no_improve=50)
2026-02-10 13:32:45 - INFO - chord#44 SA complete: score=45.0 after 58 iterations
2026-02-10 13:32:45 - INFO - chord#44 Starting SA optimization (tolerance=4)
2026-02-10 13:32:45 - INFO - chord#44 roll#6 Early stop: no improvement for 50 iterations (max_no_improve=50)
2026-02-10 13:32:45 - INFO - chord#44 SA complete: score=45.0 after 58 iterations
2026-02-10 13:32:45 - INFO - chord#44 Best roll: 1/6, score=45.0
2026-02-10 13:32:45 - INFO - chord#46 Starting SA optimization (tolerance=4)
2026-02-10 13:32:45 - INFO - chord#46 roll#1 Early stop: no improvement for 50 iterations (max_no_improve=50)
2026-02-10 13:32:45 - INFO - chord#46 SA complete: score=43.0 after 53 iterations
2026-02-10 13:32:45 - INFO - chord#46 Starting SA optimization (tolerance=4)
2026-02-10 13:32:45 - INFO - chord#46 roll#2 Early stop: no improvement for 50 iterations (max_no_improve=50)
2026-02-10 13:32:45 - INFO - chord#46 SA complete: score=43.0 after 59 iterations
2026-02-10 13:32:45 - INFO - chord#46 Starting SA optimization (tolerance=4)
2026-02-10 13:32:45 - INFO - chord#46 roll#3 Early stop: no improvement for 50 iterations (max_no_improve=50)
2026-02-10 13:32:45 - INFO - chord#46 SA complete: score=43.0 after 63 iterations
2026-02-10 13:32:45 - INFO - chord#46 Starting SA optimization (tolerance=4)
2026-02-10 13:32:45 - INFO - chord#46 roll#4 Early stop: no improvement for 50 iterations (max_no_improve=50)
2026-02-10 13:32:45 - INFO - chord#46 SA complete: score=43.0 after 76 iterations
2026-02-10 13:32:45 - INFO - chord#46 Starting SA optimization (tolerance=4)
2026-02-10 13:32:46 - INFO - chord#46 roll#5 Early stop: no improvement for 50 iterations (max_no_improve=50)
2026-02-10 13:32:46 - INFO - chord#46 SA complete: score=43.0 after 53 iterations
2026-02-10 13:32:46 - INFO - chord#46 Starting SA optimization (tolerance=4)
2026-02-10 13:32:46 - INFO - chord#46 roll#6 Early stop: no improvement for 50 iterations (max_no_improve=50)
2026-02-10 13:32:46 - INFO - chord#46 SA complete: score=43.0 after 59 iterations
2026-02-10 13:32:46 - INFO - chord#46 Best roll: 1/6, score=43.0
2026-02-10 13:32:46 - INFO - chord#47 Starting SA optimization (tolerance=4)
2026-02-10 13:32:46 - INFO - chord#47 roll#1 Early stop: no improvement for 50 iterations (max_no_improve=50)
2026-02-10 13:32:46 - INFO - chord#47 SA complete: score=98.0 after 51 iterations
2026-02-10 13:32:46 - INFO - chord#47 Starting SA optimization (tolerance=4)
2026-02-10 13:32:46 - INFO - chord#47 roll#2 Early stop: no improvement for 50 iterations (max_no_improve=50)
2026-02-10 13:32:46 - INFO - chord#47 SA complete: score=98.0 after 101 iterations
2026-02-10 13:32:46 - INFO - chord#47 Starting SA optimization (tolerance=4)
2026-02-10 13:32:46 - INFO - chord#47 roll#3 Early stop: no improvement for 50 iterations (max_no_improve=50)
2026-02-10 13:32:46 - INFO - chord#47 SA complete: score=67.0 after 107 iterations
2026-02-10 13:32:46 - INFO - chord#47 Starting SA optimization (tolerance=4)
2026-02-10 13:32:46 - INFO - chord#47 roll#4 Early stop: no improvement for 50 iterations (max_no_improve=50)
2026-02-10 13:32:46 - INFO - chord#47 SA complete: score=67.0 after 63 iterations
2026-02-10 13:32:46 - INFO - chord#47 Starting SA optimization (tolerance=4)
2026-02-10 13:32:46 - INFO - chord#47 roll#5 Early stop: no improvement for 50 iterations (max_no_improve=50)
2026-02-10 13:32:46 - INFO - chord#47 SA complete: score=102.0 after 55 iterations
2026-02-10 13:32:46 - INFO - chord#47 Starting SA optimization (tolerance=4)
2026-02-10 13:32:46 - INFO - chord#47 roll#6 Early stop: no improvement for 50 iterations (max_no_improve=50)
2026-02-10 13:32:46 - INFO - chord#47 SA complete: score=96.0 after 95 iterations
2026-02-10 13:32:46 - INFO - chord#47 Starting SA optimization (tolerance=4)
2026-02-10 13:32:46 - INFO - chord#47 roll#7 Early stop: no improvement for 50 iterations (max_no_improve=50)
2026-02-10 13:32:46 - INFO - chord#47 SA complete: score=67.0 after 72 iterations
2026-02-10 13:32:46 - INFO - chord#47 Starting SA optimization (tolerance=4)
2026-02-10 13:32:46 - INFO - chord#47 roll#8 Early stop: no improvement for 50 iterations (max_no_improve=50)
2026-02-10 13:32:46 - INFO - chord#47 SA complete: score=67.0 after 60 iterations
2026-02-10 13:32:46 - INFO - chord#47 Best roll: 3/8, score=67.0
2026-02-10 13:32:46 - INFO - chord#48 Starting SA optimization (tolerance=4)
2026-02-10 13:32:46 - INFO - chord#48 roll#1 Early stop: no improvement for 50 iterations (max_no_improve=50)
2026-02-10 13:32:46 - INFO - chord#48 SA complete: score=43.0 after 81 iterations
2026-02-10 13:32:46 - INFO - chord#48 Starting SA optimization (tolerance=4)
2026-02-10 13:32:46 - INFO - chord#48 roll#2 Early stop: no improvement for 50 iterations (max_no_improve=50)
2026-02-10 13:32:46 - INFO - chord#48 SA complete: score=43.0 after 50 iterations
2026-02-10 13:32:46 - INFO - chord#48 Starting SA optimization (tolerance=4)
2026-02-10 13:32:46 - INFO - chord#48 roll#3 Early stop: no improvement for 50 iterations (max_no_improve=50)
2026-02-10 13:32:46 - INFO - chord#48 SA complete: score=43.0 after 62 iterations
2026-02-10 13:32:46 - INFO - chord#48 Starting SA optimization (tolerance=4)
2026-02-10 13:32:46 - INFO - chord#48 roll#4 Early stop: no improvement for 50 iterations (max_no_improve=50)
2026-02-10 13:32:46 - INFO - chord#48 SA complete: score=43.0 after 94 iterations
2026-02-10 13:32:46 - INFO - chord#48 Starting SA optimization (tolerance=4)
2026-02-10 13:32:46 - INFO - chord#48 roll#5 Early stop: no improvement for 50 iterations (max_no_improve=50)
2026-02-10 13:32:46 - INFO - chord#48 SA complete: score=43.0 after 54 iterations
2026-02-10 13:32:46 - INFO - chord#48 Starting SA optimization (tolerance=4)
2026-02-10 13:32:46 - INFO - chord#48 roll#6 Early stop: no improvement for 50 iterations (max_no_improve=50)
2026-02-10 13:32:46 - INFO - chord#48 SA complete: score=43.0 after 61 iterations
2026-02-10 13:32:46 - INFO - chord#48 Best roll: 1/6, score=43.0
2026-02-10 13:32:46 - INFO - chord#56 Starting SA optimization (tolerance=4)
2026-02-10 13:32:46 - INFO - chord#56 roll#1 Early stop: no improvement for 50 iterations (max_no_improve=50)
2026-02-10 13:32:46 - INFO - chord#56 SA complete: score=43.0 after 78 iterations
2026-02-10 13:32:46 - INFO - chord#56 Starting SA optimization (tolerance=4)
2026-02-10 13:32:46 - INFO - chord#56 roll#2 Early stop: no improvement for 50 iterations (max_no_improve=50)
2026-02-10 13:32:46 - INFO - chord#56 SA complete: score=98.0 after 55 iterations
2026-02-10 13:32:46 - INFO - chord#56 Starting SA optimization (tolerance=4)
2026-02-10 13:32:46 - INFO - chord#56 roll#3 Early stop: no improvement for 50 iterations (max_no_improve=50)
2026-02-10 13:32:46 - INFO - chord#56 SA complete: score=43.0 after 65 iterations
2026-02-10 13:32:46 - INFO - chord#56 Starting SA optimization (tolerance=4)
2026-02-10 13:32:46 - INFO - chord#56 roll#4 Early stop: no improvement for 50 iterations (max_no_improve=50)
2026-02-10 13:32:46 - INFO - chord#56 SA complete: score=43.0 after 76 iterations
2026-02-10 13:32:46 - INFO - chord#56 Starting SA optimization (tolerance=4)
2026-02-10 13:32:46 - INFO - chord#56 roll#5 Early stop: no improvement for 50 iterations (max_no_improve=50)
2026-02-10 13:32:46 - INFO - chord#56 SA complete: score=43.0 after 52 iterations
2026-02-10 13:32:46 - INFO - chord#56 Starting SA optimization (tolerance=4)
2026-02-10 13:32:46 - INFO - chord#56 roll#6 Early stop: no improvement for 50 iterations (max_no_improve=50)
2026-02-10 13:32:46 - INFO - chord#56 SA complete: score=43.0 after 72 iterations
2026-02-10 13:32:46 - INFO - chord#56 Best roll: 1/6, score=43.0
2026-02-10 13:32:46 - INFO - chord#60 Starting SA optimization (tolerance=4)
2026-02-10 13:32:46 - INFO - chord#60 roll#1 Early stop: no improvement for 50 iterations (max_no_improve=50)
2026-02-10 13:32:46 - INFO - chord#60 SA complete: score=45.0 after 62 iterations
2026-02-10 13:32:46 - INFO - chord#60 Starting SA optimization (tolerance=4)
2026-02-10 13:32:46 - INFO - chord#60 roll#2 Early stop: no improvement for 50 iterations (max_no_improve=50)
2026-02-10 13:32:46 - INFO - chord#60 SA complete: score=45.0 after 49 iterations
2026-02-10 13:32:46 - INFO - chord#60 Starting SA optimization (tolerance=4)
2026-02-10 13:32:46 - INFO - chord#60 roll#3 Early stop: no improvement for 50 iterations (max_no_improve=50)
2026-02-10 13:32:46 - INFO - chord#60 SA complete: score=56.0 after 60 iterations
2026-02-10 13:32:46 - INFO - chord#60 Starting SA optimization (tolerance=4)
2026-02-10 13:32:46 - INFO - chord#60 roll#4 Early stop: no improvement for 50 iterations (max_no_improve=50)
2026-02-10 13:32:46 - INFO - chord#60 SA complete: score=45.0 after 52 iterations
2026-02-10 13:32:46 - INFO - chord#60 Starting SA optimization (tolerance=4)
2026-02-10 13:32:46 - INFO - chord#60 roll#5 Early stop: no improvement for 50 iterations (max_no_improve=50)
2026-02-10 13:32:46 - INFO - chord#60 SA complete: score=45.0 after 62 iterations
2026-02-10 13:32:46 - INFO - chord#60 Starting SA optimization (tolerance=4)
2026-02-10 13:32:46 - INFO - chord#60 roll#6 Early stop: no improvement for 50 iterations (max_no_improve=50)
2026-02-10 13:32:46 - INFO - chord#60 SA complete: score=45.0 after 71 iterations
2026-02-10 13:32:46 - INFO - chord#60 Best roll: 1/6, score=45.0
2026-02-10 13:32:46 - INFO - chord#64 Starting SA optimization (tolerance=4)
2026-02-10 13:32:46 - INFO - chord#64 roll#1 Early stop: no improvement for 50 iterations (max_no_improve=50)
2026-02-10 13:32:46 - INFO - chord#64 SA complete: score=43.0 after 54 iterations
2026-02-10 13:32:46 - INFO - chord#64 Starting SA optimization (tolerance=4)
2026-02-10 13:32:46 - INFO - chord#64 roll#2 Early stop: no improvement for 50 iterations (max_no_improve=50)
2026-02-10 13:32:46 - INFO - chord#64 SA complete: score=43.0 after 61 iterations
2026-02-10 13:32:46 - INFO - chord#64 Starting SA optimization (tolerance=4)
2026-02-10 13:32:46 - INFO - chord#64 roll#3 Early stop: no improvement for 50 iterations (max_no_improve=50)
2026-02-10 13:32:46 - INFO - chord#64 SA complete: score=43.0 after 56 iterations
2026-02-10 13:32:46 - INFO - chord#64 Starting SA optimization (tolerance=4)
2026-02-10 13:32:46 - INFO - chord#64 roll#4 Early stop: no improvement for 50 iterations (max_no_improve=50)
2026-02-10 13:32:46 - INFO - chord#64 SA complete: score=43.0 after 80 iterations
2026-02-10 13:32:46 - INFO - chord#64 Starting SA optimization (tolerance=4)
2026-02-10 13:32:46 - INFO - chord#64 roll#5 Early stop: no improvement for 50 iterations (max_no_improve=50)
2026-02-10 13:32:46 - INFO - chord#64 SA complete: score=43.0 after 87 iterations
2026-02-10 13:32:46 - INFO - chord#64 Starting SA optimization (tolerance=4)
2026-02-10 13:32:46 - INFO - chord#64 roll#6 Early stop: no improvement for 50 iterations (max_no_improve=50)
2026-02-10 13:32:46 - INFO - chord#64 SA complete: score=43.0 after 57 iterations
2026-02-10 13:32:46 - INFO - chord#64 Best roll: 1/6, score=43.0
2026-02-10 13:32:46 - INFO - chord#68 Starting SA optimization (tolerance=4)
2026-02-10 13:32:46 - INFO - chord#68 roll#1 Early stop: no improvement for 50 iterations (max_no_improve=50)
2026-02-10 13:32:46 - INFO - chord#68 SA complete: score=55.0 after 52 iterations
2026-02-10 13:32:46 - INFO - chord#68 Starting SA optimization (tolerance=4)
2026-02-10 13:32:46 - INFO - chord#68 roll#2 Early stop: no improvement for 50 iterations (max_no_improve=50)
2026-02-10 13:32:46 - INFO - chord#68 SA complete: score=55.0 after 80 iterations
2026-02-10 13:32:46 - INFO - chord#68 Starting SA optimization (tolerance=4)
2026-02-10 13:32:46 - INFO - chord#68 roll#3 Early stop: no improvement for 50 iterations (max_no_improve=50)
2026-02-10 13:32:46 - INFO - chord#68 SA complete: score=55.0 after 56 iterations
2026-02-10 13:32:46 - INFO - chord#68 Starting SA optimization (tolerance=4)
2026-02-10 13:32:46 - INFO - chord#68 roll#4 Early stop: no improvement for 50 iterations (max_no_improve=50)
2026-02-10 13:32:46 - INFO - chord#68 SA complete: score=55.0 after 77 iterations
2026-02-10 13:32:46 - INFO - chord#68 Starting SA optimization (tolerance=4)
2026-02-10 13:32:46 - INFO - chord#68 roll#5 Early stop: no improvement for 50 iterations (max_no_improve=50)
2026-02-10 13:32:46 - INFO - chord#68 SA complete: score=55.0 after 52 iterations
2026-02-10 13:32:46 - INFO - chord#68 Starting SA optimization (tolerance=4)
2026-02-10 13:32:46 - INFO - chord#68 roll#6 Early stop: no improvement for 50 iterations (max_no_improve=50)
2026-02-10 13:32:46 - INFO - chord#68 SA complete: score=55.0 after 61 iterations
2026-02-10 13:32:46 - INFO - chord#68 Best roll: 1/6, score=55.0
2026-02-10 13:32:46 - INFO - chord#70 Starting SA optimization (tolerance=4)
2026-02-10 13:32:46 - INFO - chord#70 roll#1 Early stop: no improvement for 50 iterations (max_no_improve=50)
2026-02-10 13:32:46 - INFO - chord#70 SA complete: score=59.0 after 76 iterations
2026-02-10 13:32:46 - INFO - chord#70 Starting SA optimization (tolerance=4)
2026-02-10 13:32:46 - INFO - chord#70 roll#2 Early stop: no improvement for 50 iterations (max_no_improve=50)
2026-02-10 13:32:46 - INFO - chord#70 SA complete: score=59.0 after 76 iterations
2026-02-10 13:32:46 - INFO - chord#70 Starting SA optimization (tolerance=4)
2026-02-10 13:32:46 - INFO - chord#70 roll#3 Early stop: no improvement for 50 iterations (max_no_improve=50)
2026-02-10 13:32:46 - INFO - chord#70 SA complete: score=59.0 after 101 iterations
2026-02-10 13:32:46 - INFO - chord#70 Starting SA optimization (tolerance=4)
2026-02-10 13:32:46 - INFO - chord#70 roll#4 Early stop: no improvement for 50 iterations (max_no_improve=50)
2026-02-10 13:32:46 - INFO - chord#70 SA complete: score=59.0 after 63 iterations
2026-02-10 13:32:46 - INFO - chord#70 Starting SA optimization (tolerance=4)
2026-02-10 13:32:46 - INFO - chord#70 roll#5 Early stop: no improvement for 50 iterations (max_no_improve=50)
2026-02-10 13:32:46 - INFO - chord#70 SA complete: score=59.0 after 69 iterations
2026-02-10 13:32:46 - INFO - chord#70 Starting SA optimization (tolerance=4)
2026-02-10 13:32:46 - INFO - chord#70 roll#6 Early stop: no improvement for 50 iterations (max_no_improve=50)
2026-02-10 13:32:46 - INFO - chord#70 SA complete: score=59.0 after 69 iterations
2026-02-10 13:32:46 - INFO - chord#70 Best roll: 1/6, score=59.0
2026-02-10 13:32:46 - INFO - chord#72 Starting SA optimization (tolerance=4)
2026-02-10 13:32:46 - INFO - chord#72 roll#1 Early stop: no improvement for 50 iterations (max_no_improve=50)
2026-02-10 13:32:46 - INFO - chord#72 SA complete: score=47.0 after 80 iterations
2026-02-10 13:32:46 - INFO - chord#72 Starting SA optimization (tolerance=4)
2026-02-10 13:32:47 - INFO - chord#72 roll#2 Early stop: no improvement for 50 iterations (max_no_improve=50)
2026-02-10 13:32:47 - INFO - chord#72 SA complete: score=47.0 after 84 iterations
2026-02-10 13:32:47 - INFO - chord#72 Starting SA optimization (tolerance=4)
2026-02-10 13:32:47 - INFO - chord#72 roll#3 Early stop: no improvement for 50 iterations (max_no_improve=50)
2026-02-10 13:32:47 - INFO - chord#72 SA complete: score=47.0 after 64 iterations
2026-02-10 13:32:47 - INFO - chord#72 Starting SA optimization (tolerance=4)
2026-02-10 13:32:47 - INFO - chord#72 roll#4 Early stop: no improvement for 50 iterations (max_no_improve=50)
2026-02-10 13:32:47 - INFO - chord#72 SA complete: score=47.0 after 54 iterations
2026-02-10 13:32:47 - INFO - chord#72 Starting SA optimization (tolerance=4)
2026-02-10 13:32:47 - INFO - chord#72 roll#5 Early stop: no improvement for 50 iterations (max_no_improve=50)
2026-02-10 13:32:47 - INFO - chord#72 SA complete: score=47.0 after 77 iterations
2026-02-10 13:32:47 - INFO - chord#72 Starting SA optimization (tolerance=4)
2026-02-10 13:32:47 - INFO - chord#72 roll#6 Early stop: no improvement for 50 iterations (max_no_improve=50)
2026-02-10 13:32:47 - INFO - chord#72 SA complete: score=63.0 after 72 iterations
2026-02-10 13:32:47 - INFO - chord#72 Best roll: 1/6, score=47.0
2026-02-10 13:32:47 - INFO - chord#74 Starting SA optimization (tolerance=4)
2026-02-10 13:32:47 - INFO - chord#74 roll#1 Early stop: no improvement for 50 iterations (max_no_improve=50)
2026-02-10 13:32:47 - INFO - chord#74 SA complete: score=82.0 after 87 iterations
2026-02-10 13:32:47 - INFO - chord#74 Starting SA optimization (tolerance=4)
2026-02-10 13:32:47 - INFO - chord#74 roll#2 Early stop: no improvement for 50 iterations (max_no_improve=50)
2026-02-10 13:32:47 - INFO - chord#74 SA complete: score=82.0 after 59 iterations
2026-02-10 13:32:47 - INFO - chord#74 Starting SA optimization (tolerance=4)
2026-02-10 13:32:47 - INFO - deltas.shape = (3,), deltas = array([38, 43, 48])
2026-02-10 13:32:47 - INFO - in _select_ratios: no allowed intervals after step 2 cent delta filter. returning empty list.
2026-02-10 13:32:47 - INFO - deltas.shape = (3,), deltas = array([38, 43, 48])
2026-02-10 13:32:47 - INFO - in _select_ratios: no allowed intervals after step 2 cent delta filter. returning empty list.
2026-02-10 13:32:47 - INFO - deltas.shape = (3,), deltas = array([38, 43, 48])
2026-02-10 13:32:47 - INFO - in _select_ratios: no allowed intervals after step 2 cent delta filter. returning empty list.
2026-02-10 13:32:47 - INFO - deltas.shape = (3,), deltas = array([38, 43, 48])
2026-02-10 13:32:47 - INFO - in _select_ratios: no allowed intervals after step 2 cent delta filter. returning empty list.
2026-02-10 13:32:47 - INFO - deltas.shape = (3,), deltas = array([38, 43, 48])
2026-02-10 13:32:47 - INFO - in _select_ratios: no allowed intervals after step 2 cent delta filter. returning empty list.
2026-02-10 13:32:47 - INFO - chord#74 roll#3 Early stop: no improvement for 50 iterations (max_no_improve=50)
2026-02-10 13:32:47 - INFO - chord#74 SA complete: score=152.0 after 54 iterations
2026-02-10 13:32:47 - INFO - chord#74 Starting SA optimization (tolerance=4)
2026-02-10 13:32:47 - INFO - deltas.shape = (3,), deltas = array([42, 47, 52])
2026-02-10 13:32:47 - INFO - in _select_ratios: no allowed intervals after step 2 cent delta filter. returning empty list.
2026-02-10 13:32:47 - INFO - deltas.shape = (4,), deltas = array([33, 38, 43, 49])
2026-02-10 13:32:47 - INFO - deltas.shape = (3,), deltas = array([42, 47, 52])
2026-02-10 13:32:47 - INFO - in _select_ratios: no allowed intervals after step 2 cent delta filter. returning empty list.
2026-02-10 13:32:47 - INFO - deltas.shape = (4,), deltas = array([35, 40, 45, 51])
2026-02-10 13:32:47 - INFO - in _select_ratios: no allowed intervals after step 2 cent delta filter. returning empty list.
2026-02-10 13:32:47 - INFO - deltas.shape = (4,), deltas = array([36, 41, 46, 52])
2026-02-10 13:32:47 - INFO - in _select_ratios: no allowed intervals after step 2 cent delta filter. returning empty list.
2026-02-10 13:32:47 - INFO - deltas.shape = (3,), deltas = array([42, 47, 52])
2026-02-10 13:32:47 - INFO - in _select_ratios: no allowed intervals after step 2 cent delta filter. returning empty list.
2026-02-10 13:32:47 - INFO - deltas.shape = (3,), deltas = array([42, 47, 52])
2026-02-10 13:32:47 - INFO - in _select_ratios: no allowed intervals after step 2 cent delta filter. returning empty list.
2026-02-10 13:32:47 - INFO - deltas.shape = (4,), deltas = array([36, 41, 46, 52])
2026-02-10 13:32:47 - INFO - in _select_ratios: no allowed intervals after step 2 cent delta filter. returning empty list.
2026-02-10 13:32:47 - INFO - deltas.shape = (4,), deltas = array([35, 40, 45, 51])
2026-02-10 13:32:47 - INFO - in _select_ratios: no allowed intervals after step 2 cent delta filter. returning empty list.
2026-02-10 13:32:47 - INFO - deltas.shape = (4,), deltas = array([33, 38, 43, 49])
2026-02-10 13:32:47 - INFO - deltas.shape = (4,), deltas = array([36, 41, 46, 52])
2026-02-10 13:32:47 - INFO - in _select_ratios: no allowed intervals after step 2 cent delta filter. returning empty list.
2026-02-10 13:32:47 - INFO - deltas.shape = (4,), deltas = array([33, 38, 43, 49])
2026-02-10 13:32:47 - INFO - deltas.shape = (4,), deltas = array([33, 38, 43, 49])
2026-02-10 13:32:47 - INFO - deltas.shape = (4,), deltas = array([36, 41, 46, 52])
2026-02-10 13:32:47 - INFO - in _select_ratios: no allowed intervals after step 2 cent delta filter. returning empty list.
2026-02-10 13:32:47 - INFO - deltas.shape = (3,), deltas = array([42, 47, 52])
2026-02-10 13:32:47 - INFO - in _select_ratios: no allowed intervals after step 2 cent delta filter. returning empty list.
2026-02-10 13:32:47 - INFO - chord#74 roll#4 Early stop: no improvement for 50 iterations (max_no_improve=50)
2026-02-10 13:32:47 - INFO - chord#74 SA complete: score=82.0 after 103 iterations
2026-02-10 13:32:47 - INFO - chord#74 Starting SA optimization (tolerance=4)
2026-02-10 13:32:47 - INFO - chord#74 roll#5 Early stop: no improvement for 50 iterations (max_no_improve=50)
2026-02-10 13:32:47 - INFO - chord#74 SA complete: score=128.0 after 50 iterations
2026-02-10 13:32:47 - INFO - chord#74 Starting SA optimization (tolerance=4)
2026-02-10 13:32:47 - INFO - chord#74 roll#6 Early stop: no improvement for 50 iterations (max_no_improve=50)
2026-02-10 13:32:47 - INFO - chord#74 SA complete: score=82.0 after 63 iterations
2026-02-10 13:32:47 - INFO - chord#74 Best roll: 1/6, score=82.0
2026-02-10 13:32:47 - INFO - chord#76 Starting SA optimization (tolerance=4)
2026-02-10 13:32:47 - INFO - chord#76 roll#1 Early stop: no improvement for 50 iterations (max_no_improve=50)
2026-02-10 13:32:47 - INFO - chord#76 SA complete: score=75.0 after 52 iterations
2026-02-10 13:32:47 - INFO - chord#76 Starting SA optimization (tolerance=4)
2026-02-10 13:32:47 - INFO - chord#76 roll#2 Early stop: no improvement for 50 iterations (max_no_improve=50)
2026-02-10 13:32:47 - INFO - chord#76 SA complete: score=45.0 after 57 iterations
2026-02-10 13:32:47 - INFO - chord#76 Starting SA optimization (tolerance=4)
2026-02-10 13:32:47 - INFO - chord#76 roll#3 Early stop: no improvement for 50 iterations (max_no_improve=50)
2026-02-10 13:32:47 - INFO - chord#76 SA complete: score=45.0 after 75 iterations
2026-02-10 13:32:47 - INFO - chord#76 Starting SA optimization (tolerance=4)
2026-02-10 13:32:47 - INFO - chord#76 roll#4 Early stop: no improvement for 50 iterations (max_no_improve=50)
2026-02-10 13:32:47 - INFO - chord#76 SA complete: score=45.0 after 54 iterations
2026-02-10 13:32:47 - INFO - chord#76 Starting SA optimization (tolerance=4)
2026-02-10 13:32:47 - INFO - chord#76 roll#5 Early stop: no improvement for 50 iterations (max_no_improve=50)
2026-02-10 13:32:47 - INFO - chord#76 SA complete: score=75.0 after 56 iterations
2026-02-10 13:32:47 - INFO - chord#76 Starting SA optimization (tolerance=4)
2026-02-10 13:32:47 - INFO - chord#76 roll#6 Early stop: no improvement for 50 iterations (max_no_improve=50)
2026-02-10 13:32:47 - INFO - chord#76 SA complete: score=45.0 after 61 iterations
2026-02-10 13:32:47 - INFO - chord#76 Starting SA optimization (tolerance=4)
2026-02-10 13:32:47 - INFO - chord#76 roll#7 Early stop: no improvement for 50 iterations (max_no_improve=50)
2026-02-10 13:32:47 - INFO - chord#76 SA complete: score=45.0 after 60 iterations
2026-02-10 13:32:47 - INFO - chord#76 Best roll: 2/7, score=45.0
2026-02-10 13:32:47 - INFO - chord#80 Starting SA optimization (tolerance=4)
2026-02-10 13:32:47 - INFO - chord#80 roll#1 Early stop: no improvement for 50 iterations (max_no_improve=50)
2026-02-10 13:32:47 - INFO - chord#80 SA complete: score=43.0 after 88 iterations
2026-02-10 13:32:47 - INFO - chord#80 Starting SA optimization (tolerance=4)
2026-02-10 13:32:47 - INFO - chord#80 roll#2 Early stop: no improvement for 50 iterations (max_no_improve=50)
2026-02-10 13:32:47 - INFO - chord#80 SA complete: score=43.0 after 74 iterations
2026-02-10 13:32:47 - INFO - chord#80 Starting SA optimization (tolerance=4)
2026-02-10 13:32:47 - INFO - chord#80 roll#3 Early stop: no improvement for 50 iterations (max_no_improve=50)
2026-02-10 13:32:47 - INFO - chord#80 SA complete: score=43.0 after 49 iterations
2026-02-10 13:32:47 - INFO - chord#80 Starting SA optimization (tolerance=4)
2026-02-10 13:32:47 - INFO - chord#80 roll#4 Early stop: no improvement for 50 iterations (max_no_improve=50)
2026-02-10 13:32:47 - INFO - chord#80 SA complete: score=43.0 after 63 iterations
2026-02-10 13:32:47 - INFO - chord#80 Starting SA optimization (tolerance=4)
2026-02-10 13:32:47 - INFO - chord#80 roll#5 Early stop: no improvement for 50 iterations (max_no_improve=50)
2026-02-10 13:32:47 - INFO - chord#80 SA complete: score=43.0 after 104 iterations
2026-02-10 13:32:47 - INFO - chord#80 Starting SA optimization (tolerance=4)
2026-02-10 13:32:47 - INFO - chord#80 roll#6 Early stop: no improvement for 50 iterations (max_no_improve=50)
2026-02-10 13:32:47 - INFO - chord#80 SA complete: score=43.0 after 100 iterations
2026-02-10 13:32:47 - INFO - chord#80 Best roll: 1/6, score=43.0
2026-02-10 13:32:47 - INFO - chord#84 Starting SA optimization (tolerance=4)
2026-02-10 13:32:47 - INFO - chord#84 roll#1 Early stop: no improvement for 50 iterations (max_no_improve=50)
2026-02-10 13:32:47 - INFO - chord#84 SA complete: score=43.0 after 55 iterations
2026-02-10 13:32:47 - INFO - chord#84 Starting SA optimization (tolerance=4)
2026-02-10 13:32:47 - INFO - chord#84 roll#2 Early stop: no improvement for 50 iterations (max_no_improve=50)
2026-02-10 13:32:47 - INFO - chord#84 SA complete: score=59.0 after 103 iterations
2026-02-10 13:32:47 - INFO - chord#84 Starting SA optimization (tolerance=4)
2026-02-10 13:32:47 - INFO - chord#84 roll#3 Early stop: no improvement for 50 iterations (max_no_improve=50)
2026-02-10 13:32:47 - INFO - chord#84 SA complete: score=59.0 after 63 iterations
2026-02-10 13:32:47 - INFO - chord#84 Starting SA optimization (tolerance=4)
2026-02-10 13:32:47 - INFO - chord#84 roll#4 Early stop: no improvement for 50 iterations (max_no_improve=50)
2026-02-10 13:32:47 - INFO - chord#84 SA complete: score=98.0 after 52 iterations
2026-02-10 13:32:47 - INFO - chord#84 Starting SA optimization (tolerance=4)
2026-02-10 13:32:47 - INFO - chord#84 roll#5 Early stop: no improvement for 50 iterations (max_no_improve=50)
2026-02-10 13:32:47 - INFO - chord#84 SA complete: score=43.0 after 97 iterations
2026-02-10 13:32:47 - INFO - chord#84 Starting SA optimization (tolerance=4)
2026-02-10 13:32:47 - INFO - chord#84 roll#6 Early stop: no improvement for 50 iterations (max_no_improve=50)
2026-02-10 13:32:47 - INFO - chord#84 SA complete: score=43.0 after 88 iterations
2026-02-10 13:32:47 - INFO - chord#84 Best roll: 1/6, score=43.0
2026-02-10 13:32:47 - INFO - chord#88 Starting SA optimization (tolerance=4)
2026-02-10 13:32:47 - INFO - chord#88 roll#1 Early stop: no improvement for 50 iterations (max_no_improve=50)
2026-02-10 13:32:47 - INFO - chord#88 SA complete: score=109.0 after 60 iterations
2026-02-10 13:32:47 - INFO - chord#88 Starting SA optimization (tolerance=4)
2026-02-10 13:32:47 - INFO - deltas.shape = (4,), deltas = array([27, 32, 37, 43])
2026-02-10 13:32:47 - INFO - deltas.shape = (4,), deltas = array([27, 32, 37, 43])
2026-02-10 13:32:47 - INFO - deltas.shape = (4,), deltas = array([27, 32, 37, 43])
2026-02-10 13:32:47 - INFO - chord#88 roll#2 Early stop: no improvement for 50 iterations (max_no_improve=50)
2026-02-10 13:32:47 - INFO - chord#88 SA complete: score=109.0 after 60 iterations
2026-02-10 13:32:47 - INFO - chord#88 Starting SA optimization (tolerance=4)
2026-02-10 13:32:47 - INFO - deltas.shape = (3,), deltas = array([35, 40, 45])
2026-02-10 13:32:47 - INFO - in _select_ratios: no allowed intervals after step 2 cent delta filter. returning empty list.
2026-02-10 13:32:47 - INFO - deltas.shape = (3,), deltas = array([33, 38, 43])
2026-02-10 13:32:47 - INFO - deltas.shape = (4,), deltas = array([32, 27, 37, 43])
2026-02-10 13:32:47 - INFO - deltas.shape = (3,), deltas = array([34, 39, 44])
2026-02-10 13:32:47 - INFO - in _select_ratios: no allowed intervals after step 2 cent delta filter. returning empty list.
2026-02-10 13:32:47 - INFO - deltas.shape = (4,), deltas = array([27, 32, 37, 43])
2026-02-10 13:32:47 - INFO - deltas.shape = (4,), deltas = array([27, 32, 37, 43])
2026-02-10 13:32:47 - INFO - deltas.shape = (3,), deltas = array([35, 40, 45])
2026-02-10 13:32:47 - INFO - in _select_ratios: no allowed intervals after step 2 cent delta filter. returning empty list.
2026-02-10 13:32:47 - INFO - deltas.shape = (4,), deltas = array([27, 32, 37, 43])
2026-02-10 13:32:47 - INFO - deltas.shape = (3,), deltas = array([36, 41, 46])
2026-02-10 13:32:47 - INFO - in _select_ratios: no allowed intervals after step 2 cent delta filter. returning empty list.
2026-02-10 13:32:47 - INFO - deltas.shape = (4,), deltas = array([25, 30, 35, 41])
2026-02-10 13:32:47 - INFO - deltas.shape = (4,), deltas = array([26, 31, 36, 42])
2026-02-10 13:32:47 - INFO - deltas.shape = (4,), deltas = array([27, 32, 37, 43])
2026-02-10 13:32:47 - INFO - deltas.shape = (3,), deltas = array([33, 38, 43])
2026-02-10 13:32:47 - INFO - deltas.shape = (4,), deltas = array([26, 31, 36, 42])
2026-02-10 13:32:47 - INFO - deltas.shape = (3,), deltas = array([35, 40, 45])
2026-02-10 13:32:47 - INFO - in _select_ratios: no allowed intervals after step 2 cent delta filter. returning empty list.
2026-02-10 13:32:47 - INFO - deltas.shape = (3,), deltas = array([36, 41, 46])
2026-02-10 13:32:47 - INFO - in _select_ratios: no allowed intervals after step 2 cent delta filter. returning empty list.
2026-02-10 13:32:47 - INFO - deltas.shape = (3,), deltas = array([36, 41, 46])
2026-02-10 13:32:47 - INFO - in _select_ratios: no allowed intervals after step 2 cent delta filter. returning empty list.
2026-02-10 13:32:47 - INFO - deltas.shape = (3,), deltas = array([33, 38, 43])
2026-02-10 13:32:47 - INFO - deltas.shape = (3,), deltas = array([36, 41, 46])
2026-02-10 13:32:47 - INFO - in _select_ratios: no allowed intervals after step 2 cent delta filter. returning empty list.
2026-02-10 13:32:47 - INFO - chord#88 roll#3 Early stop: no improvement for 50 iterations (max_no_improve=50)
2026-02-10 13:32:47 - INFO - chord#88 SA complete: score=116.0 after 136 iterations
2026-02-10 13:32:47 - INFO - chord#88 Starting SA optimization (tolerance=4)
2026-02-10 13:32:47 - INFO - chord#88 roll#4 Early stop: no improvement for 50 iterations (max_no_improve=50)
2026-02-10 13:32:47 - INFO - chord#88 SA complete: score=82.0 after 113 iterations
2026-02-10 13:32:47 - INFO - chord#88 Starting SA optimization (tolerance=4)
2026-02-10 13:32:47 - INFO - chord#88 roll#5 Early stop: no improvement for 50 iterations (max_no_improve=50)
2026-02-10 13:32:47 - INFO - chord#88 SA complete: score=131.0 after 84 iterations
2026-02-10 13:32:47 - INFO - chord#88 Starting SA optimization (tolerance=4)
2026-02-10 13:32:47 - INFO - deltas.shape = (4,), deltas = array([29, 34, 39, 45])
2026-02-10 13:32:47 - INFO - deltas.shape = (4,), deltas = array([29, 34, 39, 45])
2026-02-10 13:32:48 - INFO - deltas.shape = (4,), deltas = array([29, 34, 39, 45])
2026-02-10 13:32:48 - INFO - deltas.shape = (4,), deltas = array([29, 34, 39, 45])
2026-02-10 13:32:48 - INFO - chord#88 roll#6 Early stop: no improvement for 50 iterations (max_no_improve=50)
2026-02-10 13:32:48 - INFO - chord#88 SA complete: score=82.0 after 82 iterations
2026-02-10 13:32:48 - INFO - chord#88 Starting SA optimization (tolerance=4)
2026-02-10 13:32:48 - INFO - deltas.shape = (4,), deltas = array([26, 31, 36, 42])
2026-02-10 13:32:48 - INFO - deltas.shape = (4,), deltas = array([28, 33, 38, 44])
2026-02-10 13:32:48 - INFO - deltas.shape = (4,), deltas = array([29, 34, 39, 45])
2026-02-10 13:32:48 - INFO - deltas.shape = (4,), deltas = array([26, 31, 36, 42])
2026-02-10 13:32:48 - INFO - deltas.shape = (4,), deltas = array([26, 31, 36, 42])
2026-02-10 13:32:48 - INFO - deltas.shape = (4,), deltas = array([26, 31, 36, 42])
2026-02-10 13:32:48 - INFO - deltas.shape = (4,), deltas = array([27, 32, 37, 43])
2026-02-10 13:32:48 - INFO - deltas.shape = (4,), deltas = array([27, 32, 37, 43])
2026-02-10 13:32:48 - INFO - deltas.shape = (4,), deltas = array([27, 32, 37, 43])
2026-02-10 13:32:48 - INFO - deltas.shape = (4,), deltas = array([27, 32, 37, 43])
2026-02-10 13:32:48 - INFO - deltas.shape = (4,), deltas = array([28, 33, 38, 44])
2026-02-10 13:32:48 - INFO - deltas.shape = (4,), deltas = array([26, 31, 36, 42])
2026-02-10 13:32:48 - INFO - chord#88 roll#7 Early stop: no improvement for 50 iterations (max_no_improve=50)
2026-02-10 13:32:48 - INFO - chord#88 SA complete: score=116.0 after 114 iterations
2026-02-10 13:32:48 - INFO - chord#88 Starting SA optimization (tolerance=4)
2026-02-10 13:32:48 - INFO - chord#88 roll#8 Early stop: no improvement for 50 iterations (max_no_improve=50)
2026-02-10 13:32:48 - INFO - chord#88 SA complete: score=121.0 after 62 iterations
2026-02-10 13:32:48 - INFO - chord#88 Best roll: 4/8, score=82.0
2026-02-10 13:32:48 - INFO - chord#90 Starting SA optimization (tolerance=4)
2026-02-10 13:32:48 - INFO - chord#90 roll#1 Early stop: no improvement for 50 iterations (max_no_improve=50)
2026-02-10 13:32:48 - INFO - chord#90 SA complete: score=45.0 after 73 iterations
2026-02-10 13:32:48 - INFO - chord#90 Starting SA optimization (tolerance=4)
2026-02-10 13:32:48 - INFO - chord#90 roll#2 Early stop: no improvement for 50 iterations (max_no_improve=50)
2026-02-10 13:32:48 - INFO - chord#90 SA complete: score=45.0 after 74 iterations
2026-02-10 13:32:48 - INFO - chord#90 Starting SA optimization (tolerance=4)
2026-02-10 13:32:48 - INFO - chord#90 roll#3 Early stop: no improvement for 50 iterations (max_no_improve=50)
2026-02-10 13:32:48 - INFO - chord#90 SA complete: score=45.0 after 66 iterations
2026-02-10 13:32:48 - INFO - chord#90 Starting SA optimization (tolerance=4)
2026-02-10 13:32:48 - INFO - chord#90 roll#4 Early stop: no improvement for 50 iterations (max_no_improve=50)
2026-02-10 13:32:48 - INFO - chord#90 SA complete: score=45.0 after 59 iterations
2026-02-10 13:32:48 - INFO - chord#90 Starting SA optimization (tolerance=4)
2026-02-10 13:32:48 - INFO - chord#90 roll#5 Early stop: no improvement for 50 iterations (max_no_improve=50)
2026-02-10 13:32:48 - INFO - chord#90 SA complete: score=45.0 after 57 iterations
2026-02-10 13:32:48 - INFO - chord#90 Starting SA optimization (tolerance=4)
2026-02-10 13:32:48 - INFO - chord#90 roll#6 Early stop: no improvement for 50 iterations (max_no_improve=50)
2026-02-10 13:32:48 - INFO - chord#90 SA complete: score=45.0 after 52 iterations
2026-02-10 13:32:48 - INFO - chord#90 Best roll: 1/6, score=45.0
2026-02-10 13:32:48 - INFO - chord#92 Starting SA optimization (tolerance=4)
2026-02-10 13:32:48 - INFO - chord#92 roll#1 Early stop: no improvement for 50 iterations (max_no_improve=50)
2026-02-10 13:32:48 - INFO - chord#92 SA complete: score=47.0 after 58 iterations
2026-02-10 13:32:48 - INFO - chord#92 Starting SA optimization (tolerance=4)
2026-02-10 13:32:48 - INFO - chord#92 roll#2 Early stop: no improvement for 50 iterations (max_no_improve=50)
2026-02-10 13:32:48 - INFO - chord#92 SA complete: score=47.0 after 84 iterations
2026-02-10 13:32:48 - INFO - chord#92 Starting SA optimization (tolerance=4)
2026-02-10 13:32:48 - INFO - chord#92 roll#3 Early stop: no improvement for 50 iterations (max_no_improve=50)
2026-02-10 13:32:48 - INFO - chord#92 SA complete: score=63.0 after 73 iterations
2026-02-10 13:32:48 - INFO - chord#92 Starting SA optimization (tolerance=4)
2026-02-10 13:32:48 - INFO - chord#92 roll#4 Early stop: no improvement for 50 iterations (max_no_improve=50)
2026-02-10 13:32:48 - INFO - chord#92 SA complete: score=47.0 after 65 iterations
2026-02-10 13:32:48 - INFO - chord#92 Starting SA optimization (tolerance=4)
2026-02-10 13:32:48 - INFO - chord#92 roll#5 Early stop: no improvement for 50 iterations (max_no_improve=50)
2026-02-10 13:32:48 - INFO - chord#92 SA complete: score=47.0 after 56 iterations
2026-02-10 13:32:48 - INFO - chord#92 Starting SA optimization (tolerance=4)
2026-02-10 13:32:48 - INFO - chord#92 roll#6 Early stop: no improvement for 50 iterations (max_no_improve=50)
2026-02-10 13:32:48 - INFO - chord#92 SA complete: score=47.0 after 54 iterations
2026-02-10 13:32:48 - INFO - chord#92 Best roll: 1/6, score=47.0
2026-02-10 13:32:48 - INFO - chord#94 Starting SA optimization (tolerance=4)
2026-02-10 13:32:48 - INFO - chord#94 roll#1 Early stop: no improvement for 50 iterations (max_no_improve=50)
2026-02-10 13:32:48 - INFO - chord#94 SA complete: score=67.0 after 106 iterations
2026-02-10 13:32:48 - INFO - chord#94 Starting SA optimization (tolerance=4)
2026-02-10 13:32:48 - INFO - chord#94 roll#2 Early stop: no improvement for 50 iterations (max_no_improve=50)
2026-02-10 13:32:48 - INFO - chord#94 SA complete: score=87.0 after 96 iterations
2026-02-10 13:32:48 - INFO - chord#94 Starting SA optimization (tolerance=4)
2026-02-10 13:32:48 - INFO - chord#94 roll#3 Early stop: no improvement for 50 iterations (max_no_improve=50)
2026-02-10 13:32:48 - INFO - chord#94 SA complete: score=110.0 after 59 iterations
2026-02-10 13:32:48 - INFO - chord#94 Starting SA optimization (tolerance=4)
2026-02-10 13:32:48 - INFO - chord#94 roll#4 Early stop: no improvement for 50 iterations (max_no_improve=50)
2026-02-10 13:32:48 - INFO - chord#94 SA complete: score=79.0 after 50 iterations
2026-02-10 13:32:48 - INFO - chord#94 Starting SA optimization (tolerance=4)
2026-02-10 13:32:48 - INFO - chord#94 roll#5 Early stop: no improvement for 50 iterations (max_no_improve=50)
2026-02-10 13:32:48 - INFO - chord#94 SA complete: score=91.0 after 69 iterations
2026-02-10 13:32:48 - INFO - chord#94 Starting SA optimization (tolerance=4)
2026-02-10 13:32:48 - INFO - chord#94 roll#6 Early stop: no improvement for 50 iterations (max_no_improve=50)
2026-02-10 13:32:48 - INFO - chord#94 SA complete: score=91.0 after 58 iterations
2026-02-10 13:32:48 - INFO - chord#94 Best roll: 1/6, score=67.0
2026-02-10 13:32:48 - INFO - chord#96 Starting SA optimization (tolerance=4)
2026-02-10 13:32:48 - INFO - chord#96 roll#1 Early stop: no improvement for 50 iterations (max_no_improve=50)
2026-02-10 13:32:48 - INFO - chord#96 SA complete: score=70.0 after 77 iterations
2026-02-10 13:32:48 - INFO - chord#96 Starting SA optimization (tolerance=4)
2026-02-10 13:32:48 - INFO - chord#96 roll#2 Early stop: no improvement for 50 iterations (max_no_improve=50)
2026-02-10 13:32:48 - INFO - chord#96 SA complete: score=104.0 after 112 iterations
2026-02-10 13:32:48 - INFO - chord#96 Starting SA optimization (tolerance=4)
2026-02-10 13:32:48 - INFO - chord#96 roll#3 Early stop: no improvement for 50 iterations (max_no_improve=50)
2026-02-10 13:32:48 - INFO - chord#96 SA complete: score=104.0 after 101 iterations
2026-02-10 13:32:48 - INFO - chord#96 Starting SA optimization (tolerance=4)
2026-02-10 13:32:48 - INFO - chord#96 roll#4 Early stop: no improvement for 50 iterations (max_no_improve=50)
2026-02-10 13:32:48 - INFO - chord#96 SA complete: score=75.0 after 102 iterations
2026-02-10 13:32:48 - INFO - chord#96 Starting SA optimization (tolerance=4)
2026-02-10 13:32:48 - INFO - chord#96 roll#5 Early stop: no improvement for 50 iterations (max_no_improve=50)
2026-02-10 13:32:48 - INFO - chord#96 SA complete: score=70.0 after 70 iterations
2026-02-10 13:32:48 - INFO - chord#96 Starting SA optimization (tolerance=4)
2026-02-10 13:32:48 - INFO - chord#96 roll#6 Early stop: no improvement for 50 iterations (max_no_improve=50)
2026-02-10 13:32:48 - INFO - chord#96 SA complete: score=75.0 after 54 iterations
2026-02-10 13:32:48 - INFO - chord#96 Best roll: 1/6, score=70.0
2026-02-10 13:32:48 - INFO - chord#98 Starting SA optimization (tolerance=4)
2026-02-10 13:32:48 - INFO - chord#98 roll#1 Early stop: no improvement for 50 iterations (max_no_improve=50)
2026-02-10 13:32:48 - INFO - chord#98 SA complete: score=43.0 after 56 iterations
2026-02-10 13:32:48 - INFO - chord#98 Starting SA optimization (tolerance=4)
2026-02-10 13:32:48 - INFO - chord#98 roll#2 Early stop: no improvement for 50 iterations (max_no_improve=50)
2026-02-10 13:32:48 - INFO - chord#98 SA complete: score=43.0 after 76 iterations
2026-02-10 13:32:48 - INFO - chord#98 Starting SA optimization (tolerance=4)
2026-02-10 13:32:48 - INFO - chord#98 roll#3 Early stop: no improvement for 50 iterations (max_no_improve=50)
2026-02-10 13:32:48 - INFO - chord#98 SA complete: score=43.0 after 65 iterations
2026-02-10 13:32:48 - INFO - chord#98 Starting SA optimization (tolerance=4)
2026-02-10 13:32:49 - INFO - chord#98 roll#4 Early stop: no improvement for 50 iterations (max_no_improve=50)
2026-02-10 13:32:49 - INFO - chord#98 SA complete: score=43.0 after 60 iterations
2026-02-10 13:32:49 - INFO - chord#98 Starting SA optimization (tolerance=4)
2026-02-10 13:32:49 - INFO - chord#98 roll#5 Early stop: no improvement for 50 iterations (max_no_improve=50)
2026-02-10 13:32:49 - INFO - chord#98 SA complete: score=43.0 after 50 iterations
2026-02-10 13:32:49 - INFO - chord#98 Starting SA optimization (tolerance=4)
2026-02-10 13:32:49 - INFO - chord#98 roll#6 Early stop: no improvement for 50 iterations (max_no_improve=50)
2026-02-10 13:32:49 - INFO - chord#98 SA complete: score=43.0 after 64 iterations
2026-02-10 13:32:49 - INFO - chord#98 Best roll: 1/6, score=43.0
2026-02-10 13:32:49 - INFO - chord#100 Starting SA optimization (tolerance=4)
2026-02-10 13:32:49 - INFO - chord#100 roll#1 Early stop: no improvement for 50 iterations (max_no_improve=50)
2026-02-10 13:32:49 - INFO - chord#100 SA complete: score=45.0 after 50 iterations
2026-02-10 13:32:49 - INFO - chord#100 Starting SA optimization (tolerance=4)
2026-02-10 13:32:49 - INFO - chord#100 roll#2 Early stop: no improvement for 50 iterations (max_no_improve=50)
2026-02-10 13:32:49 - INFO - chord#100 SA complete: score=45.0 after 53 iterations
2026-02-10 13:32:49 - INFO - chord#100 Starting SA optimization (tolerance=4)
2026-02-10 13:32:49 - INFO - chord#100 roll#3 Early stop: no improvement for 50 iterations (max_no_improve=50)
2026-02-10 13:32:49 - INFO - chord#100 SA complete: score=45.0 after 49 iterations
2026-02-10 13:32:49 - INFO - chord#100 Starting SA optimization (tolerance=4)
2026-02-10 13:32:49 - INFO - chord#100 roll#4 Early stop: no improvement for 50 iterations (max_no_improve=50)
2026-02-10 13:32:49 - INFO - chord#100 SA complete: score=45.0 after 49 iterations
2026-02-10 13:32:49 - INFO - chord#100 Starting SA optimization (tolerance=4)
2026-02-10 13:32:49 - INFO - chord#100 roll#5 Early stop: no improvement for 50 iterations (max_no_improve=50)
2026-02-10 13:32:49 - INFO - chord#100 SA complete: score=45.0 after 71 iterations
2026-02-10 13:32:49 - INFO - chord#100 Starting SA optimization (tolerance=4)
2026-02-10 13:32:49 - INFO - chord#100 roll#6 Early stop: no improvement for 50 iterations (max_no_improve=50)
2026-02-10 13:32:49 - INFO - chord#100 SA complete: score=45.0 after 76 iterations
2026-02-10 13:32:49 - INFO - chord#100 Best roll: 1/6, score=45.0
2026-02-10 13:32:49 - INFO - chord#102 Starting SA optimization (tolerance=4)
2026-02-10 13:32:49 - INFO - chord#102 roll#1 Early stop: no improvement for 50 iterations (max_no_improve=50)
2026-02-10 13:32:49 - INFO - chord#102 SA complete: score=59.0 after 61 iterations
2026-02-10 13:32:49 - INFO - chord#102 Starting SA optimization (tolerance=4)
2026-02-10 13:32:49 - INFO - chord#102 roll#2 Early stop: no improvement for 50 iterations (max_no_improve=50)
2026-02-10 13:32:49 - INFO - chord#102 SA complete: score=43.0 after 51 iterations
2026-02-10 13:32:49 - INFO - chord#102 Starting SA optimization (tolerance=4)
2026-02-10 13:32:49 - INFO - chord#102 roll#3 Early stop: no improvement for 50 iterations (max_no_improve=50)
2026-02-10 13:32:49 - INFO - chord#102 SA complete: score=43.0 after 64 iterations
2026-02-10 13:32:49 - INFO - chord#102 Starting SA optimization (tolerance=4)
2026-02-10 13:32:49 - INFO - chord#102 roll#4 Early stop: no improvement for 50 iterations (max_no_improve=50)
2026-02-10 13:32:49 - INFO - chord#102 SA complete: score=43.0 after 67 iterations
2026-02-10 13:32:49 - INFO - chord#102 Starting SA optimization (tolerance=4)
2026-02-10 13:32:49 - INFO - chord#102 roll#5 Early stop: no improvement for 50 iterations (max_no_improve=50)
2026-02-10 13:32:49 - INFO - chord#102 SA complete: score=43.0 after 134 iterations
2026-02-10 13:32:49 - INFO - chord#102 Starting SA optimization (tolerance=4)
2026-02-10 13:32:49 - INFO - chord#102 roll#6 Early stop: no improvement for 50 iterations (max_no_improve=50)
2026-02-10 13:32:49 - INFO - chord#102 SA complete: score=43.0 after 53 iterations
2026-02-10 13:32:49 - INFO - chord#102 Starting SA optimization (tolerance=4)
2026-02-10 13:32:49 - INFO - chord#102 roll#7 Early stop: no improvement for 50 iterations (max_no_improve=50)
2026-02-10 13:32:49 - INFO - chord#102 SA complete: score=43.0 after 56 iterations
2026-02-10 13:32:49 - INFO - chord#102 Best roll: 2/7, score=43.0
2026-02-10 13:32:49 - INFO - chord#103 Starting SA optimization (tolerance=4)
2026-02-10 13:32:49 - INFO - chord#103 roll#1 Early stop: no improvement for 50 iterations (max_no_improve=50)
2026-02-10 13:32:49 - INFO - chord#103 SA complete: score=109.0 after 59 iterations
2026-02-10 13:32:49 - INFO - chord#103 Starting SA optimization (tolerance=4)
2026-02-10 13:32:49 - INFO - chord#103 roll#2 Early stop: no improvement for 50 iterations (max_no_improve=50)
2026-02-10 13:32:49 - INFO - chord#103 SA complete: score=67.0 after 87 iterations
2026-02-10 13:32:49 - INFO - chord#103 Starting SA optimization (tolerance=4)
2026-02-10 13:32:49 - INFO - chord#103 roll#3 Early stop: no improvement for 50 iterations (max_no_improve=50)
2026-02-10 13:32:49 - INFO - chord#103 SA complete: score=129.0 after 74 iterations
2026-02-10 13:32:49 - INFO - chord#103 Starting SA optimization (tolerance=4)
2026-02-10 13:32:49 - INFO - chord#103 roll#4 Early stop: no improvement for 50 iterations (max_no_improve=50)
2026-02-10 13:32:49 - INFO - chord#103 SA complete: score=105.0 after 88 iterations
2026-02-10 13:32:49 - INFO - chord#103 Starting SA optimization (tolerance=4)
2026-02-10 13:32:49 - INFO - chord#103 roll#5 Early stop: no improvement for 50 iterations (max_no_improve=50)
2026-02-10 13:32:49 - INFO - chord#103 SA complete: score=110.0 after 63 iterations
2026-02-10 13:32:49 - INFO - chord#103 Starting SA optimization (tolerance=4)
2026-02-10 13:32:49 - INFO - chord#103 roll#6 Early stop: no improvement for 50 iterations (max_no_improve=50)
2026-02-10 13:32:49 - INFO - chord#103 SA complete: score=98.0 after 56 iterations
2026-02-10 13:32:49 - INFO - chord#103 Starting SA optimization (tolerance=4)
2026-02-10 13:32:49 - INFO - chord#103 roll#7 Early stop: no improvement for 50 iterations (max_no_improve=50)
2026-02-10 13:32:49 - INFO - chord#103 SA complete: score=67.0 after 56 iterations
2026-02-10 13:32:49 - INFO - chord#103 Best roll: 2/7, score=67.0
2026-02-10 13:32:49 - INFO - chord#104 Starting SA optimization (tolerance=4)
2026-02-10 13:32:49 - INFO - chord#104 roll#1 Early stop: no improvement for 50 iterations (max_no_improve=50)
2026-02-10 13:32:49 - INFO - chord#104 SA complete: score=47.0 after 60 iterations
2026-02-10 13:32:49 - INFO - chord#104 Starting SA optimization (tolerance=4)
2026-02-10 13:32:49 - INFO - chord#104 roll#2 Early stop: no improvement for 50 iterations (max_no_improve=50)
2026-02-10 13:32:49 - INFO - chord#104 SA complete: score=47.0 after 66 iterations
2026-02-10 13:32:49 - INFO - chord#104 Starting SA optimization (tolerance=4)
2026-02-10 13:32:49 - INFO - chord#104 roll#3 Early stop: no improvement for 50 iterations (max_no_improve=50)
2026-02-10 13:32:49 - INFO - chord#104 SA complete: score=47.0 after 64 iterations
2026-02-10 13:32:49 - INFO - chord#104 Starting SA optimization (tolerance=4)
2026-02-10 13:32:49 - INFO - chord#104 roll#4 Early stop: no improvement for 50 iterations (max_no_improve=50)
2026-02-10 13:32:49 - INFO - chord#104 SA complete: score=47.0 after 73 iterations
2026-02-10 13:32:49 - INFO - chord#104 Starting SA optimization (tolerance=4)
2026-02-10 13:32:49 - INFO - chord#104 roll#5 Early stop: no improvement for 50 iterations (max_no_improve=50)
2026-02-10 13:32:49 - INFO - chord#104 SA complete: score=47.0 after 122 iterations
2026-02-10 13:32:49 - INFO - chord#104 Starting SA optimization (tolerance=4)
2026-02-10 13:32:49 - INFO - chord#104 roll#6 Early stop: no improvement for 50 iterations (max_no_improve=50)
2026-02-10 13:32:49 - INFO - chord#104 SA complete: score=65.0 after 59 iterations
2026-02-10 13:32:49 - INFO - chord#104 Best roll: 1/6, score=47.0
2026-02-10 13:32:49 - INFO - chord#106 Starting SA optimization (tolerance=4)
2026-02-10 13:32:49 - INFO - chord#106 roll#1 Early stop: no improvement for 50 iterations (max_no_improve=50)
2026-02-10 13:32:49 - INFO - chord#106 SA complete: score=67.0 after 66 iterations
2026-02-10 13:32:49 - INFO - chord#106 Starting SA optimization (tolerance=4)
2026-02-10 13:32:49 - INFO - chord#106 roll#2 Early stop: no improvement for 50 iterations (max_no_improve=50)
2026-02-10 13:32:49 - INFO - chord#106 SA complete: score=67.0 after 80 iterations
2026-02-10 13:32:49 - INFO - chord#106 Starting SA optimization (tolerance=4)
2026-02-10 13:32:49 - INFO - chord#106 roll#3 Early stop: no improvement for 50 iterations (max_no_improve=50)
2026-02-10 13:32:49 - INFO - chord#106 SA complete: score=63.0 after 90 iterations
2026-02-10 13:32:49 - INFO - chord#106 Starting SA optimization (tolerance=4)
2026-02-10 13:32:49 - INFO - chord#106 roll#4 Early stop: no improvement for 50 iterations (max_no_improve=50)
2026-02-10 13:32:49 - INFO - chord#106 SA complete: score=67.0 after 65 iterations
2026-02-10 13:32:49 - INFO - chord#106 Starting SA optimization (tolerance=4)
2026-02-10 13:32:49 - INFO - chord#106 roll#5 Early stop: no improvement for 50 iterations (max_no_improve=50)
2026-02-10 13:32:49 - INFO - chord#106 SA complete: score=67.0 after 51 iterations
2026-02-10 13:32:49 - INFO - chord#106 Starting SA optimization (tolerance=4)
2026-02-10 13:32:49 - INFO - chord#106 roll#6 Early stop: no improvement for 50 iterations (max_no_improve=50)
2026-02-10 13:32:49 - INFO - chord#106 SA complete: score=67.0 after 78 iterations
2026-02-10 13:32:49 - INFO - chord#106 Starting SA optimization (tolerance=4)
2026-02-10 13:32:49 - INFO - chord#106 roll#7 Early stop: no improvement for 50 iterations (max_no_improve=50)
2026-02-10 13:32:49 - INFO - chord#106 SA complete: score=67.0 after 55 iterations
2026-02-10 13:32:49 - INFO - chord#106 Starting SA optimization (tolerance=4)
2026-02-10 13:32:49 - INFO - chord#106 roll#8 Early stop: no improvement for 50 iterations (max_no_improve=50)
2026-02-10 13:32:49 - INFO - chord#106 SA complete: score=67.0 after 54 iterations
2026-02-10 13:32:49 - INFO - chord#106 Best roll: 3/8, score=63.0
2026-02-10 13:32:49 - INFO - chord#108 Starting SA optimization (tolerance=4)
2026-02-10 13:32:49 - INFO - chord#108 roll#1 Early stop: no improvement for 50 iterations (max_no_improve=50)
2026-02-10 13:32:49 - INFO - chord#108 SA complete: score=63.0 after 78 iterations
2026-02-10 13:32:49 - INFO - chord#108 Starting SA optimization (tolerance=4)
2026-02-10 13:32:49 - INFO - chord#108 roll#2 Early stop: no improvement for 50 iterations (max_no_improve=50)
2026-02-10 13:32:49 - INFO - chord#108 SA complete: score=65.0 after 54 iterations
2026-02-10 13:32:49 - INFO - chord#108 Starting SA optimization (tolerance=4)
2026-02-10 13:32:49 - INFO - chord#108 roll#3 Early stop: no improvement for 50 iterations (max_no_improve=50)
2026-02-10 13:32:49 - INFO - chord#108 SA complete: score=47.0 after 104 iterations
2026-02-10 13:32:49 - INFO - chord#108 Starting SA optimization (tolerance=4)
2026-02-10 13:32:49 - INFO - chord#108 roll#4 Early stop: no improvement for 50 iterations (max_no_improve=50)
2026-02-10 13:32:49 - INFO - chord#108 SA complete: score=65.0 after 56 iterations
2026-02-10 13:32:49 - INFO - chord#108 Starting SA optimization (tolerance=4)
2026-02-10 13:32:49 - INFO - chord#108 roll#5 Early stop: no improvement for 50 iterations (max_no_improve=50)
2026-02-10 13:32:49 - INFO - chord#108 SA complete: score=47.0 after 76 iterations
2026-02-10 13:32:49 - INFO - chord#108 Starting SA optimization (tolerance=4)
2026-02-10 13:32:49 - INFO - chord#108 roll#6 Early stop: no improvement for 50 iterations (max_no_improve=50)
2026-02-10 13:32:49 - INFO - chord#108 SA complete: score=47.0 after 91 iterations
2026-02-10 13:32:49 - INFO - chord#108 Starting SA optimization (tolerance=4)
2026-02-10 13:32:49 - INFO - chord#108 roll#7 Early stop: no improvement for 50 iterations (max_no_improve=50)
2026-02-10 13:32:49 - INFO - chord#108 SA complete: score=47.0 after 63 iterations
2026-02-10 13:32:49 - INFO - chord#108 Starting SA optimization (tolerance=4)
2026-02-10 13:32:49 - INFO - chord#108 roll#8 Early stop: no improvement for 50 iterations (max_no_improve=50)
2026-02-10 13:32:49 - INFO - chord#108 SA complete: score=63.0 after 71 iterations
2026-02-10 13:32:49 - INFO - chord#108 Best roll: 3/8, score=47.0
2026-02-10 13:32:49 - INFO - chord#110 Starting SA optimization (tolerance=4)
2026-02-10 13:32:50 - INFO - chord#110 roll#1 Early stop: no improvement for 50 iterations (max_no_improve=50)
2026-02-10 13:32:50 - INFO - chord#110 SA complete: score=111.0 after 72 iterations
2026-02-10 13:32:50 - INFO - chord#110 Starting SA optimization (tolerance=4)
2026-02-10 13:32:50 - INFO - chord#110 roll#2 Early stop: no improvement for 50 iterations (max_no_improve=50)
2026-02-10 13:32:50 - INFO - chord#110 SA complete: score=108.0 after 105 iterations
2026-02-10 13:32:50 - INFO - chord#110 Starting SA optimization (tolerance=4)
2026-02-10 13:32:50 - INFO - chord#110 roll#3 Early stop: no improvement for 50 iterations (max_no_improve=50)
2026-02-10 13:32:50 - INFO - chord#110 SA complete: score=113.0 after 95 iterations
2026-02-10 13:32:50 - INFO - chord#110 Starting SA optimization (tolerance=4)
2026-02-10 13:32:50 - INFO - chord#110 roll#4 Early stop: no improvement for 50 iterations (max_no_improve=50)
2026-02-10 13:32:50 - INFO - chord#110 SA complete: score=97.0 after 113 iterations
2026-02-10 13:32:50 - INFO - chord#110 Starting SA optimization (tolerance=4)
2026-02-10 13:32:50 - INFO - chord#110 roll#5 Early stop: no improvement for 50 iterations (max_no_improve=50)
2026-02-10 13:32:50 - INFO - chord#110 SA complete: score=111.0 after 54 iterations
2026-02-10 13:32:50 - INFO - chord#110 Starting SA optimization (tolerance=4)
2026-02-10 13:32:50 - INFO - chord#110 roll#6 Early stop: no improvement for 50 iterations (max_no_improve=50)
2026-02-10 13:32:50 - INFO - chord#110 SA complete: score=104.0 after 67 iterations
2026-02-10 13:32:50 - INFO - chord#110 Starting SA optimization (tolerance=4)
2026-02-10 13:32:50 - INFO - chord#110 roll#7 Early stop: no improvement for 50 iterations (max_no_improve=50)
2026-02-10 13:32:50 - INFO - chord#110 SA complete: score=113.0 after 154 iterations
2026-02-10 13:32:50 - INFO - chord#110 Starting SA optimization (tolerance=4)
2026-02-10 13:32:50 - INFO - chord#110 roll#8 Early stop: no improvement for 50 iterations (max_no_improve=50)
2026-02-10 13:32:50 - INFO - chord#110 SA complete: score=96.0 after 113 iterations
2026-02-10 13:32:50 - INFO - chord#110 Best roll: 8/8, score=96.0
2026-02-10 13:32:50 - INFO - chord#111 Starting SA optimization (tolerance=4)
2026-02-10 13:32:50 - INFO - chord#111 roll#1 Early stop: no improvement for 50 iterations (max_no_improve=50)
2026-02-10 13:32:50 - INFO - chord#111 SA complete: score=60.0 after 83 iterations
2026-02-10 13:32:50 - INFO - chord#111 Starting SA optimization (tolerance=4)
2026-02-10 13:32:50 - INFO - chord#111 roll#2 Early stop: no improvement for 50 iterations (max_no_improve=50)
2026-02-10 13:32:50 - INFO - chord#111 SA complete: score=103.0 after 50 iterations
2026-02-10 13:32:50 - INFO - chord#111 Starting SA optimization (tolerance=4)
2026-02-10 13:32:50 - INFO - chord#111 roll#3 Early stop: no improvement for 50 iterations (max_no_improve=50)
2026-02-10 13:32:50 - INFO - chord#111 SA complete: score=60.0 after 65 iterations
2026-02-10 13:32:50 - INFO - chord#111 Starting SA optimization (tolerance=4)
2026-02-10 13:32:50 - INFO - chord#111 roll#4 Early stop: no improvement for 50 iterations (max_no_improve=50)
2026-02-10 13:32:50 - INFO - chord#111 SA complete: score=60.0 after 64 iterations
2026-02-10 13:32:50 - INFO - chord#111 Starting SA optimization (tolerance=4)
2026-02-10 13:32:50 - INFO - chord#111 roll#5 Early stop: no improvement for 50 iterations (max_no_improve=50)
2026-02-10 13:32:50 - INFO - chord#111 SA complete: score=60.0 after 80 iterations
2026-02-10 13:32:50 - INFO - chord#111 Starting SA optimization (tolerance=4)
2026-02-10 13:32:50 - INFO - chord#111 roll#6 Early stop: no improvement for 50 iterations (max_no_improve=50)
2026-02-10 13:32:50 - INFO - chord#111 SA complete: score=60.0 after 52 iterations
2026-02-10 13:32:50 - INFO - chord#111 Best roll: 1/6, score=60.0
2026-02-10 13:32:50 - INFO - chord#112 Starting SA optimization (tolerance=4)
2026-02-10 13:32:50 - INFO - chord#112 roll#1 Early stop: no improvement for 50 iterations (max_no_improve=50)
2026-02-10 13:32:50 - INFO - chord#112 SA complete: score=43.0 after 69 iterations
2026-02-10 13:32:50 - INFO - chord#112 Starting SA optimization (tolerance=4)
2026-02-10 13:32:50 - INFO - chord#112 roll#2 Early stop: no improvement for 50 iterations (max_no_improve=50)
2026-02-10 13:32:50 - INFO - chord#112 SA complete: score=43.0 after 67 iterations
2026-02-10 13:32:50 - INFO - chord#112 Starting SA optimization (tolerance=4)
2026-02-10 13:32:50 - INFO - chord#112 roll#3 Early stop: no improvement for 50 iterations (max_no_improve=50)
2026-02-10 13:32:50 - INFO - chord#112 SA complete: score=43.0 after 67 iterations
2026-02-10 13:32:50 - INFO - chord#112 Starting SA optimization (tolerance=4)
2026-02-10 13:32:50 - INFO - chord#112 roll#4 Early stop: no improvement for 50 iterations (max_no_improve=50)
2026-02-10 13:32:50 - INFO - chord#112 SA complete: score=43.0 after 65 iterations
2026-02-10 13:32:50 - INFO - chord#112 Starting SA optimization (tolerance=4)
2026-02-10 13:32:50 - INFO - chord#112 roll#5 Early stop: no improvement for 50 iterations (max_no_improve=50)
2026-02-10 13:32:50 - INFO - chord#112 SA complete: score=43.0 after 62 iterations
2026-02-10 13:32:50 - INFO - chord#112 Starting SA optimization (tolerance=4)
2026-02-10 13:32:50 - INFO - chord#112 roll#6 Early stop: no improvement for 50 iterations (max_no_improve=50)
2026-02-10 13:32:50 - INFO - chord#112 SA complete: score=43.0 after 97 iterations
2026-02-10 13:32:50 - INFO - chord#112 Best roll: 1/6, score=43.0
2026-02-10 13:32:50 - INFO - chord#120 Starting SA optimization (tolerance=4)
2026-02-10 13:32:50 - INFO - chord#120 roll#1 Early stop: no improvement for 50 iterations (max_no_improve=50)
2026-02-10 13:32:50 - INFO - chord#120 SA complete: score=43.0 after 59 iterations
2026-02-10 13:32:50 - INFO - chord#120 Starting SA optimization (tolerance=4)
2026-02-10 13:32:50 - INFO - chord#120 roll#2 Early stop: no improvement for 50 iterations (max_no_improve=50)
2026-02-10 13:32:50 - INFO - chord#120 SA complete: score=43.0 after 74 iterations
2026-02-10 13:32:50 - INFO - chord#120 Starting SA optimization (tolerance=4)
2026-02-10 13:32:50 - INFO - chord#120 roll#3 Early stop: no improvement for 50 iterations (max_no_improve=50)
2026-02-10 13:32:50 - INFO - chord#120 SA complete: score=59.0 after 109 iterations
2026-02-10 13:32:50 - INFO - chord#120 Starting SA optimization (tolerance=4)
2026-02-10 13:32:50 - INFO - chord#120 roll#4 Early stop: no improvement for 50 iterations (max_no_improve=50)
2026-02-10 13:32:50 - INFO - chord#120 SA complete: score=43.0 after 64 iterations
2026-02-10 13:32:50 - INFO - chord#120 Starting SA optimization (tolerance=4)
2026-02-10 13:32:50 - INFO - chord#120 roll#5 Early stop: no improvement for 50 iterations (max_no_improve=50)
2026-02-10 13:32:50 - INFO - chord#120 SA complete: score=59.0 after 66 iterations
2026-02-10 13:32:50 - INFO - chord#120 Starting SA optimization (tolerance=4)
2026-02-10 13:32:50 - INFO - chord#120 roll#6 Early stop: no improvement for 50 iterations (max_no_improve=50)
2026-02-10 13:32:50 - INFO - chord#120 SA complete: score=43.0 after 73 iterations
2026-02-10 13:32:50 - INFO - chord#120 Best roll: 1/6, score=43.0
2026-02-10 13:32:50 - INFO - chord#124 Starting SA optimization (tolerance=4)
2026-02-10 13:32:50 - INFO - chord#124 roll#1 Early stop: no improvement for 50 iterations (max_no_improve=50)
2026-02-10 13:32:50 - INFO - chord#124 SA complete: score=43.0 after 71 iterations
2026-02-10 13:32:50 - INFO - chord#124 Starting SA optimization (tolerance=4)
2026-02-10 13:32:50 - INFO - chord#124 roll#2 Early stop: no improvement for 50 iterations (max_no_improve=50)
2026-02-10 13:32:50 - INFO - chord#124 SA complete: score=43.0 after 59 iterations
2026-02-10 13:32:50 - INFO - chord#124 Starting SA optimization (tolerance=4)
2026-02-10 13:32:50 - INFO - chord#124 roll#3 Early stop: no improvement for 50 iterations (max_no_improve=50)
2026-02-10 13:32:50 - INFO - chord#124 SA complete: score=43.0 after 51 iterations
2026-02-10 13:32:50 - INFO - chord#124 Starting SA optimization (tolerance=4)
2026-02-10 13:32:50 - INFO - chord#124 roll#4 Early stop: no improvement for 50 iterations (max_no_improve=50)
2026-02-10 13:32:50 - INFO - chord#124 SA complete: score=43.0 after 98 iterations
2026-02-10 13:32:50 - INFO - chord#124 Starting SA optimization (tolerance=4)
2026-02-10 13:32:50 - INFO - chord#124 roll#5 Early stop: no improvement for 50 iterations (max_no_improve=50)
2026-02-10 13:32:50 - INFO - chord#124 SA complete: score=43.0 after 57 iterations
2026-02-10 13:32:50 - INFO - chord#124 Starting SA optimization (tolerance=4)
2026-02-10 13:32:50 - INFO - chord#124 roll#6 Early stop: no improvement for 50 iterations (max_no_improve=50)
2026-02-10 13:32:50 - INFO - chord#124 SA complete: score=43.0 after 77 iterations
2026-02-10 13:32:50 - INFO - chord#124 Best roll: 1/6, score=43.0
2026-02-10 13:32:50 - INFO - chord#126 Starting SA optimization (tolerance=4)
2026-02-10 13:32:50 - INFO - chord#126 roll#1 Early stop: no improvement for 50 iterations (max_no_improve=50)
2026-02-10 13:32:50 - INFO - chord#126 SA complete: score=43.0 after 105 iterations
2026-02-10 13:32:50 - INFO - chord#126 Starting SA optimization (tolerance=4)
2026-02-10 13:32:50 - INFO - chord#126 roll#2 Early stop: no improvement for 50 iterations (max_no_improve=50)
2026-02-10 13:32:50 - INFO - chord#126 SA complete: score=43.0 after 76 iterations
2026-02-10 13:32:50 - INFO - chord#126 Starting SA optimization (tolerance=4)
2026-02-10 13:32:50 - INFO - chord#126 roll#3 Early stop: no improvement for 50 iterations (max_no_improve=50)
2026-02-10 13:32:50 - INFO - chord#126 SA complete: score=43.0 after 89 iterations
2026-02-10 13:32:50 - INFO - chord#126 Starting SA optimization (tolerance=4)
2026-02-10 13:32:50 - INFO - chord#126 roll#4 Early stop: no improvement for 50 iterations (max_no_improve=50)
2026-02-10 13:32:50 - INFO - chord#126 SA complete: score=43.0 after 83 iterations
2026-02-10 13:32:50 - INFO - chord#126 Starting SA optimization (tolerance=4)
2026-02-10 13:32:50 - INFO - chord#126 roll#5 Early stop: no improvement for 50 iterations (max_no_improve=50)
2026-02-10 13:32:50 - INFO - chord#126 SA complete: score=43.0 after 93 iterations
2026-02-10 13:32:50 - INFO - chord#126 Starting SA optimization (tolerance=4)
2026-02-10 13:32:50 - INFO - chord#126 roll#6 Early stop: no improvement for 50 iterations (max_no_improve=50)
2026-02-10 13:32:50 - INFO - chord#126 SA complete: score=43.0 after 58 iterations
2026-02-10 13:32:50 - INFO - chord#126 Best roll: 1/6, score=43.0
2026-02-10 13:32:50 - INFO - chord#128 Starting SA optimization (tolerance=4)
2026-02-10 13:32:51 - INFO - chord#128 roll#1 Early stop: no improvement for 50 iterations (max_no_improve=50)
2026-02-10 13:32:51 - INFO - chord#128 SA complete: score=45.0 after 106 iterations
2026-02-10 13:32:51 - INFO - chord#128 Starting SA optimization (tolerance=4)
2026-02-10 13:32:51 - INFO - chord#128 roll#2 Early stop: no improvement for 50 iterations (max_no_improve=50)
2026-02-10 13:32:51 - INFO - chord#128 SA complete: score=45.0 after 72 iterations
2026-02-10 13:32:51 - INFO - chord#128 Starting SA optimization (tolerance=4)
2026-02-10 13:32:51 - INFO - chord#128 roll#3 Early stop: no improvement for 50 iterations (max_no_improve=50)
2026-02-10 13:32:51 - INFO - chord#128 SA complete: score=45.0 after 56 iterations
2026-02-10 13:32:51 - INFO - chord#128 Starting SA optimization (tolerance=4)
2026-02-10 13:32:51 - INFO - chord#128 roll#4 Early stop: no improvement for 50 iterations (max_no_improve=50)
2026-02-10 13:32:51 - INFO - chord#128 SA complete: score=45.0 after 78 iterations
2026-02-10 13:32:51 - INFO - chord#128 Starting SA optimization (tolerance=4)
2026-02-10 13:32:51 - INFO - chord#128 roll#5 Early stop: no improvement for 50 iterations (max_no_improve=50)
2026-02-10 13:32:51 - INFO - chord#128 SA complete: score=45.0 after 86 iterations
2026-02-10 13:32:51 - INFO - chord#128 Starting SA optimization (tolerance=4)
2026-02-10 13:32:51 - INFO - chord#128 roll#6 Early stop: no improvement for 50 iterations (max_no_improve=50)
2026-02-10 13:32:51 - INFO - chord#128 SA complete: score=45.0 after 78 iterations
2026-02-10 13:32:51 - INFO - chord#128 Best roll: 1/6, score=45.0
2026-02-10 13:32:51 - INFO - chord#132 Starting SA optimization (tolerance=4)
2026-02-10 13:32:51 - INFO - chord#132 roll#1 Early stop: no improvement for 50 iterations (max_no_improve=50)
2026-02-10 13:32:51 - INFO - chord#132 SA complete: score=45.0 after 57 iterations
2026-02-10 13:32:51 - INFO - chord#132 Starting SA optimization (tolerance=4)
2026-02-10 13:32:51 - INFO - chord#132 roll#2 Early stop: no improvement for 50 iterations (max_no_improve=50)
2026-02-10 13:32:51 - INFO - chord#132 SA complete: score=45.0 after 94 iterations
2026-02-10 13:32:51 - INFO - chord#132 Starting SA optimization (tolerance=4)
2026-02-10 13:32:51 - INFO - chord#132 roll#3 Early stop: no improvement for 50 iterations (max_no_improve=50)
2026-02-10 13:32:51 - INFO - chord#132 SA complete: score=45.0 after 76 iterations
2026-02-10 13:32:51 - INFO - chord#132 Starting SA optimization (tolerance=4)
2026-02-10 13:32:51 - INFO - chord#132 roll#4 Early stop: no improvement for 50 iterations (max_no_improve=50)
2026-02-10 13:32:51 - INFO - chord#132 SA complete: score=45.0 after 69 iterations
2026-02-10 13:32:51 - INFO - chord#132 Starting SA optimization (tolerance=4)
2026-02-10 13:32:51 - INFO - chord#132 roll#5 Early stop: no improvement for 50 iterations (max_no_improve=50)
2026-02-10 13:32:51 - INFO - chord#132 SA complete: score=45.0 after 59 iterations
2026-02-10 13:32:51 - INFO - chord#132 Starting SA optimization (tolerance=4)
2026-02-10 13:32:51 - INFO - chord#132 roll#6 Early stop: no improvement for 50 iterations (max_no_improve=50)
2026-02-10 13:32:51 - INFO - chord#132 SA complete: score=45.0 after 52 iterations
2026-02-10 13:32:51 - INFO - chord#132 Best roll: 1/6, score=45.0
2026-02-10 13:32:51 - INFO - chord#134 Starting SA optimization (tolerance=4)
2026-02-10 13:32:51 - INFO - chord#134 roll#1 Early stop: no improvement for 50 iterations (max_no_improve=50)
2026-02-10 13:32:51 - INFO - chord#134 SA complete: score=43.0 after 54 iterations
2026-02-10 13:32:51 - INFO - chord#134 Starting SA optimization (tolerance=4)
2026-02-10 13:32:51 - INFO - chord#134 roll#2 Early stop: no improvement for 50 iterations (max_no_improve=50)
2026-02-10 13:32:51 - INFO - chord#134 SA complete: score=43.0 after 56 iterations
2026-02-10 13:32:51 - INFO - chord#134 Starting SA optimization (tolerance=4)
2026-02-10 13:32:51 - INFO - chord#134 roll#3 Early stop: no improvement for 50 iterations (max_no_improve=50)
2026-02-10 13:32:51 - INFO - chord#134 SA complete: score=59.0 after 68 iterations
2026-02-10 13:32:51 - INFO - chord#134 Starting SA optimization (tolerance=4)
2026-02-10 13:32:51 - INFO - chord#134 roll#4 Early stop: no improvement for 50 iterations (max_no_improve=50)
2026-02-10 13:32:51 - INFO - chord#134 SA complete: score=43.0 after 70 iterations
2026-02-10 13:32:51 - INFO - chord#134 Starting SA optimization (tolerance=4)
2026-02-10 13:32:51 - INFO - chord#134 roll#5 Early stop: no improvement for 50 iterations (max_no_improve=50)
2026-02-10 13:32:51 - INFO - chord#134 SA complete: score=43.0 after 74 iterations
2026-02-10 13:32:51 - INFO - chord#134 Starting SA optimization (tolerance=4)
2026-02-10 13:32:51 - INFO - chord#134 roll#6 Early stop: no improvement for 50 iterations (max_no_improve=50)
2026-02-10 13:32:51 - INFO - chord#134 SA complete: score=43.0 after 59 iterations
2026-02-10 13:32:51 - INFO - chord#134 Best roll: 1/6, score=43.0
2026-02-10 13:32:51 - INFO - chord#135 Starting SA optimization (tolerance=4)
2026-02-10 13:32:51 - INFO - chord#135 roll#1 Early stop: no improvement for 50 iterations (max_no_improve=50)
2026-02-10 13:32:51 - INFO - chord#135 SA complete: score=127.0 after 50 iterations
2026-02-10 13:32:51 - INFO - chord#135 Starting SA optimization (tolerance=4)
2026-02-10 13:32:51 - INFO - chord#135 roll#2 Early stop: no improvement for 50 iterations (max_no_improve=50)
2026-02-10 13:32:51 - INFO - chord#135 SA complete: score=98.0 after 68 iterations
2026-02-10 13:32:51 - INFO - chord#135 Starting SA optimization (tolerance=4)
2026-02-10 13:32:51 - INFO - chord#135 roll#3 Early stop: no improvement for 50 iterations (max_no_improve=50)
2026-02-10 13:32:51 - INFO - chord#135 SA complete: score=107.0 after 84 iterations
2026-02-10 13:32:51 - INFO - chord#135 Starting SA optimization (tolerance=4)
2026-02-10 13:32:51 - INFO - chord#135 roll#4 Early stop: no improvement for 50 iterations (max_no_improve=50)
2026-02-10 13:32:51 - INFO - chord#135 SA complete: score=105.0 after 97 iterations
2026-02-10 13:32:51 - INFO - chord#135 Starting SA optimization (tolerance=4)
2026-02-10 13:32:51 - INFO - chord#135 roll#5 Early stop: no improvement for 50 iterations (max_no_improve=50)
2026-02-10 13:32:51 - INFO - chord#135 SA complete: score=87.0 after 58 iterations
2026-02-10 13:32:51 - INFO - chord#135 Starting SA optimization (tolerance=4)
2026-02-10 13:32:51 - INFO - chord#135 roll#6 Early stop: no improvement for 50 iterations (max_no_improve=50)
2026-02-10 13:32:51 - INFO - chord#135 SA complete: score=67.0 after 92 iterations
2026-02-10 13:32:51 - INFO - chord#135 Starting SA optimization (tolerance=4)
2026-02-10 13:32:51 - INFO - chord#135 roll#7 Early stop: no improvement for 50 iterations (max_no_improve=50)
2026-02-10 13:32:51 - INFO - chord#135 SA complete: score=107.0 after 97 iterations
2026-02-10 13:32:51 - INFO - chord#135 Starting SA optimization (tolerance=4)
2026-02-10 13:32:51 - INFO - chord#135 roll#8 Early stop: no improvement for 50 iterations (max_no_improve=50)
2026-02-10 13:32:51 - INFO - chord#135 SA complete: score=67.0 after 103 iterations
2026-02-10 13:32:51 - INFO - chord#135 Best roll: 6/8, score=67.0
2026-02-10 13:32:51 - INFO - chord#136 Starting SA optimization (tolerance=4)
2026-02-10 13:32:51 - INFO - chord#136 roll#1 Early stop: no improvement for 50 iterations (max_no_improve=50)
2026-02-10 13:32:51 - INFO - chord#136 SA complete: score=43.0 after 55 iterations
2026-02-10 13:32:51 - INFO - chord#136 Starting SA optimization (tolerance=4)
2026-02-10 13:32:51 - INFO - chord#136 roll#2 Early stop: no improvement for 50 iterations (max_no_improve=50)
2026-02-10 13:32:51 - INFO - chord#136 SA complete: score=43.0 after 57 iterations
2026-02-10 13:32:51 - INFO - chord#136 Starting SA optimization (tolerance=4)
2026-02-10 13:32:51 - INFO - chord#136 roll#3 Early stop: no improvement for 50 iterations (max_no_improve=50)
2026-02-10 13:32:51 - INFO - chord#136 SA complete: score=43.0 after 77 iterations
2026-02-10 13:32:51 - INFO - chord#136 Starting SA optimization (tolerance=4)
2026-02-10 13:32:51 - INFO - chord#136 roll#4 Early stop: no improvement for 50 iterations (max_no_improve=50)
2026-02-10 13:32:51 - INFO - chord#136 SA complete: score=43.0 after 61 iterations
2026-02-10 13:32:51 - INFO - chord#136 Starting SA optimization (tolerance=4)
2026-02-10 13:32:51 - INFO - chord#136 roll#5 Early stop: no improvement for 50 iterations (max_no_improve=50)
2026-02-10 13:32:51 - INFO - chord#136 SA complete: score=43.0 after 58 iterations
2026-02-10 13:32:51 - INFO - chord#136 Starting SA optimization (tolerance=4)
2026-02-10 13:32:51 - INFO - chord#136 roll#6 Early stop: no improvement for 50 iterations (max_no_improve=50)
2026-02-10 13:32:51 - INFO - chord#136 SA complete: score=43.0 after 54 iterations
2026-02-10 13:32:51 - INFO - chord#136 Best roll: 1/6, score=43.0
2026-02-10 13:32:51 - INFO - bwv264: Improvement! 47.9 < 47.9 (was 47.9)
2026-02-10 13:32:51 - INFO - bwv264: Saved to /home/prent/Dropbox/Tutorials/TonicNet/One-footed-bride-tuning/Archive/opt/tolerance-4/bwv264-sa-opt.npy
2026-02-10 13:35:58 - INFO - ================================================================================
2026-02-10 13:35:58 - INFO - CHORD TUNING OPTIMIZATION - SIMULATED ANNEALING V2
2026-02-10 13:35:58 - INFO - ================================================================================
2026-02-10 13:35:58 - INFO - Mode: PRODUCTION
2026-02-10 13:35:58 - INFO - Tolerance: 4
2026-02-10 13:35:58 - INFO - Data directory: /home/prent/Dropbox/Tutorials/TonicNet/One-footed-bride-tuning/Archive/opt/tolerance-4
2026-02-10 13:35:58 - INFO - Processing 1 chorales
2026-02-10 13:35:58 - INFO - SA parameters: {'tolerance': 4, 'limit_max': 19, 'initial_temperature': 2.5, 'cooling_rate': 0.999, 'max_iterations': 1000, 'rolls': 8, 'min_repeats': 5, 'elbow_percent': 0.5, 'r_value': 0.3, 'spread': 7, 'max_gap': 40, 'retune_on_gaps': 3, 'time_limit': 0.0, 'max_no_improve': 50}
2026-02-10 13:35:58 - INFO - Processing bwv264...
2026-02-10 13:35:58 - INFO - save_midi_file = False, 
2026-02-10 13:35:58 - INFO - version = 'bwv264', chorale.shape = (4, 148), root = 7, keys[root] = np.str_('G♮'), mode = 'major', time_sig = '4/4'
2026-02-10 13:35:58 - INFO - In load_chorale_in_cents. About to load top_notes from file_name = '/home/prent/Dropbox/Tutorials/TonicNet/One-footed-bride-tuning/Archive/opt/tolerance-4/bwv264top-notes.npy'
2026-02-10 13:35:58 - INFO - chorale_in_cents.shape = (4, 148), chorale.shape = (4, 148)
2026-02-10 13:35:58 - INFO - limit_value = 19, limit_denominator = 50, tonal_diamond_values.shape = (84, 3)
2026-02-10 13:35:58 - INFO - chord#0 Starting SA optimization (tolerance=4)
2026-02-10 13:35:58 - INFO - chord#0 roll#1 Early stop: no improvement for 50 iterations (max_no_improve=50)
2026-02-10 13:35:58 - INFO - chord#0 SA complete: score=43.0 after 52 iterations
2026-02-10 13:35:58 - INFO - chord#0 Starting SA optimization (tolerance=4)
2026-02-10 13:35:58 - INFO - chord#0 roll#2 Early stop: no improvement for 50 iterations (max_no_improve=50)
2026-02-10 13:35:58 - INFO - chord#0 SA complete: score=43.0 after 56 iterations
2026-02-10 13:35:58 - INFO - chord#0 Starting SA optimization (tolerance=4)
2026-02-10 13:35:58 - INFO - chord#0 roll#3 Early stop: no improvement for 50 iterations (max_no_improve=50)
2026-02-10 13:35:58 - INFO - chord#0 SA complete: score=43.0 after 82 iterations
2026-02-10 13:35:58 - INFO - chord#0 Starting SA optimization (tolerance=4)
2026-02-10 13:35:58 - INFO - chord#0 roll#4 Early stop: no improvement for 50 iterations (max_no_improve=50)
2026-02-10 13:35:58 - INFO - chord#0 SA complete: score=59.0 after 54 iterations
2026-02-10 13:35:58 - INFO - chord#0 Starting SA optimization (tolerance=4)
2026-02-10 13:35:58 - INFO - chord#0 roll#5 Early stop: no improvement for 50 iterations (max_no_improve=50)
2026-02-10 13:35:58 - INFO - chord#0 SA complete: score=43.0 after 71 iterations
2026-02-10 13:35:58 - INFO - chord#0 Starting SA optimization (tolerance=4)
2026-02-10 13:35:58 - INFO - chord#0 roll#6 Early stop: no improvement for 50 iterations (max_no_improve=50)
2026-02-10 13:35:58 - INFO - chord#0 SA complete: score=43.0 after 59 iterations
2026-02-10 13:35:58 - INFO - chord#0 Best roll: 1/6, score=43.0
2026-02-10 13:35:58 - INFO - chord#4 Starting SA optimization (tolerance=4)
2026-02-10 13:35:58 - INFO - chord#4 roll#1 Early stop: no improvement for 50 iterations (max_no_improve=50)
2026-02-10 13:35:58 - INFO - chord#4 SA complete: score=45.0 after 55 iterations
2026-02-10 13:35:58 - INFO - chord#4 Starting SA optimization (tolerance=4)
2026-02-10 13:35:58 - INFO - chord#4 roll#2 Early stop: no improvement for 50 iterations (max_no_improve=50)
2026-02-10 13:35:58 - INFO - chord#4 SA complete: score=45.0 after 58 iterations
2026-02-10 13:35:58 - INFO - chord#4 Starting SA optimization (tolerance=4)
2026-02-10 13:35:58 - INFO - chord#4 roll#3 Early stop: no improvement for 50 iterations (max_no_improve=50)
2026-02-10 13:35:58 - INFO - chord#4 SA complete: score=45.0 after 65 iterations
2026-02-10 13:35:58 - INFO - chord#4 Starting SA optimization (tolerance=4)
2026-02-10 13:35:58 - INFO - chord#4 roll#4 Early stop: no improvement for 50 iterations (max_no_improve=50)
2026-02-10 13:35:58 - INFO - chord#4 SA complete: score=45.0 after 59 iterations
2026-02-10 13:35:58 - INFO - chord#4 Starting SA optimization (tolerance=4)
2026-02-10 13:35:58 - INFO - chord#4 roll#5 Early stop: no improvement for 50 iterations (max_no_improve=50)
2026-02-10 13:35:58 - INFO - chord#4 SA complete: score=45.0 after 58 iterations
2026-02-10 13:35:58 - INFO - chord#4 Starting SA optimization (tolerance=4)
2026-02-10 13:35:58 - INFO - chord#4 roll#6 Early stop: no improvement for 50 iterations (max_no_improve=50)
2026-02-10 13:35:58 - INFO - chord#4 SA complete: score=45.0 after 55 iterations
2026-02-10 13:35:58 - INFO - chord#4 Best roll: 1/6, score=45.0
2026-02-10 13:35:58 - INFO - chord#6 Starting SA optimization (tolerance=4)
2026-02-10 13:35:58 - INFO - chord#6 roll#1 Early stop: no improvement for 50 iterations (max_no_improve=50)
2026-02-10 13:35:58 - INFO - chord#6 SA complete: score=47.0 after 56 iterations
2026-02-10 13:35:58 - INFO - chord#6 Starting SA optimization (tolerance=4)
2026-02-10 13:35:58 - INFO - chord#6 roll#2 Early stop: no improvement for 50 iterations (max_no_improve=50)
2026-02-10 13:35:58 - INFO - chord#6 SA complete: score=47.0 after 61 iterations
2026-02-10 13:35:58 - INFO - chord#6 Starting SA optimization (tolerance=4)
2026-02-10 13:35:58 - INFO - chord#6 roll#3 Early stop: no improvement for 50 iterations (max_no_improve=50)
2026-02-10 13:35:58 - INFO - chord#6 SA complete: score=47.0 after 58 iterations
2026-02-10 13:35:58 - INFO - chord#6 Starting SA optimization (tolerance=4)
2026-02-10 13:35:58 - INFO - chord#6 roll#4 Early stop: no improvement for 50 iterations (max_no_improve=50)
2026-02-10 13:35:58 - INFO - chord#6 SA complete: score=47.0 after 50 iterations
2026-02-10 13:35:58 - INFO - chord#6 Starting SA optimization (tolerance=4)
2026-02-10 13:35:58 - INFO - chord#6 roll#5 Early stop: no improvement for 50 iterations (max_no_improve=50)
2026-02-10 13:35:58 - INFO - chord#6 SA complete: score=47.0 after 53 iterations
2026-02-10 13:35:58 - INFO - chord#6 Starting SA optimization (tolerance=4)
2026-02-10 13:35:58 - INFO - chord#6 roll#6 Early stop: no improvement for 50 iterations (max_no_improve=50)
2026-02-10 13:35:58 - INFO - chord#6 SA complete: score=47.0 after 53 iterations
2026-02-10 13:35:58 - INFO - chord#6 Best roll: 1/6, score=47.0
2026-02-10 13:35:58 - INFO - chord#8 Starting SA optimization (tolerance=4)
2026-02-10 13:35:58 - INFO - chord#8 roll#1 Early stop: no improvement for 50 iterations (max_no_improve=50)
2026-02-10 13:35:58 - INFO - chord#8 SA complete: score=45.0 after 98 iterations
2026-02-10 13:35:58 - INFO - chord#8 Starting SA optimization (tolerance=4)
2026-02-10 13:35:58 - INFO - chord#8 roll#2 Early stop: no improvement for 50 iterations (max_no_improve=50)
2026-02-10 13:35:58 - INFO - chord#8 SA complete: score=45.0 after 63 iterations
2026-02-10 13:35:58 - INFO - chord#8 Starting SA optimization (tolerance=4)
2026-02-10 13:35:58 - INFO - chord#8 roll#3 Early stop: no improvement for 50 iterations (max_no_improve=50)
2026-02-10 13:35:58 - INFO - chord#8 SA complete: score=45.0 after 49 iterations
2026-02-10 13:35:58 - INFO - chord#8 Starting SA optimization (tolerance=4)
2026-02-10 13:35:58 - INFO - chord#8 roll#4 Early stop: no improvement for 50 iterations (max_no_improve=50)
2026-02-10 13:35:58 - INFO - chord#8 SA complete: score=45.0 after 72 iterations
2026-02-10 13:35:58 - INFO - chord#8 Starting SA optimization (tolerance=4)
2026-02-10 13:35:58 - INFO - chord#8 roll#5 Early stop: no improvement for 50 iterations (max_no_improve=50)
2026-02-10 13:35:58 - INFO - chord#8 SA complete: score=45.0 after 49 iterations
2026-02-10 13:35:58 - INFO - chord#8 Starting SA optimization (tolerance=4)
2026-02-10 13:35:58 - INFO - chord#8 roll#6 Early stop: no improvement for 50 iterations (max_no_improve=50)
2026-02-10 13:35:58 - INFO - chord#8 SA complete: score=75.0 after 85 iterations
2026-02-10 13:35:58 - INFO - chord#8 Best roll: 1/6, score=45.0
2026-02-10 13:35:58 - INFO - chord#10 Starting SA optimization (tolerance=4)
2026-02-10 13:35:58 - INFO - chord#10 roll#1 Early stop: no improvement for 50 iterations (max_no_improve=50)
2026-02-10 13:35:58 - INFO - chord#10 SA complete: score=43.0 after 62 iterations
2026-02-10 13:35:58 - INFO - chord#10 Starting SA optimization (tolerance=4)
2026-02-10 13:35:58 - INFO - chord#10 roll#2 Early stop: no improvement for 50 iterations (max_no_improve=50)
2026-02-10 13:35:58 - INFO - chord#10 SA complete: score=43.0 after 52 iterations
2026-02-10 13:35:58 - INFO - chord#10 Starting SA optimization (tolerance=4)
2026-02-10 13:35:58 - INFO - chord#10 roll#3 Early stop: no improvement for 50 iterations (max_no_improve=50)
2026-02-10 13:35:58 - INFO - chord#10 SA complete: score=43.0 after 52 iterations
2026-02-10 13:35:58 - INFO - chord#10 Starting SA optimization (tolerance=4)
2026-02-10 13:35:58 - INFO - chord#10 roll#4 Early stop: no improvement for 50 iterations (max_no_improve=50)
2026-02-10 13:35:58 - INFO - chord#10 SA complete: score=43.0 after 77 iterations
2026-02-10 13:35:58 - INFO - chord#10 Starting SA optimization (tolerance=4)
2026-02-10 13:35:58 - INFO - chord#10 roll#5 Early stop: no improvement for 50 iterations (max_no_improve=50)
2026-02-10 13:35:58 - INFO - chord#10 SA complete: score=43.0 after 60 iterations
2026-02-10 13:35:58 - INFO - chord#10 Starting SA optimization (tolerance=4)
2026-02-10 13:35:58 - INFO - chord#10 roll#6 Early stop: no improvement for 50 iterations (max_no_improve=50)
2026-02-10 13:35:58 - INFO - chord#10 SA complete: score=43.0 after 117 iterations
2026-02-10 13:35:58 - INFO - chord#10 Best roll: 1/6, score=43.0
2026-02-10 13:35:58 - INFO - chord#12 Starting SA optimization (tolerance=4)
2026-02-10 13:35:59 - INFO - chord#12 roll#1 Early stop: no improvement for 50 iterations (max_no_improve=50)
2026-02-10 13:35:59 - INFO - chord#12 SA complete: score=43.0 after 72 iterations
2026-02-10 13:35:59 - INFO - chord#12 Starting SA optimization (tolerance=4)
2026-02-10 13:35:59 - INFO - chord#12 roll#2 Early stop: no improvement for 50 iterations (max_no_improve=50)
2026-02-10 13:35:59 - INFO - chord#12 SA complete: score=59.0 after 57 iterations
2026-02-10 13:35:59 - INFO - chord#12 Starting SA optimization (tolerance=4)
2026-02-10 13:35:59 - INFO - chord#12 roll#3 Early stop: no improvement for 50 iterations (max_no_improve=50)
2026-02-10 13:35:59 - INFO - chord#12 SA complete: score=59.0 after 87 iterations
2026-02-10 13:35:59 - INFO - chord#12 Starting SA optimization (tolerance=4)
2026-02-10 13:35:59 - INFO - chord#12 roll#4 Early stop: no improvement for 50 iterations (max_no_improve=50)
2026-02-10 13:35:59 - INFO - chord#12 SA complete: score=43.0 after 78 iterations
2026-02-10 13:35:59 - INFO - chord#12 Starting SA optimization (tolerance=4)
2026-02-10 13:35:59 - INFO - chord#12 roll#5 Early stop: no improvement for 50 iterations (max_no_improve=50)
2026-02-10 13:35:59 - INFO - chord#12 SA complete: score=43.0 after 50 iterations
2026-02-10 13:35:59 - INFO - chord#12 Starting SA optimization (tolerance=4)
2026-02-10 13:35:59 - INFO - chord#12 roll#6 Early stop: no improvement for 50 iterations (max_no_improve=50)
2026-02-10 13:35:59 - INFO - chord#12 SA complete: score=43.0 after 54 iterations
2026-02-10 13:35:59 - INFO - chord#12 Best roll: 1/6, score=43.0
2026-02-10 13:35:59 - INFO - chord#14 Starting SA optimization (tolerance=4)
2026-02-10 13:35:59 - INFO - deltas.shape = (4,), deltas = array([12, 17, 22, 28])
2026-02-10 13:35:59 - INFO - deltas.shape = (4,), deltas = array([17, 12, 22, 28])
2026-02-10 13:35:59 - INFO - deltas.shape = (4,), deltas = array([12, 17, 22, 28])
2026-02-10 13:35:59 - INFO - chord#14 roll#1 Early stop: no improvement for 50 iterations (max_no_improve=50)
2026-02-10 13:35:59 - INFO - chord#14 SA complete: score=74.0 after 99 iterations
2026-02-10 13:35:59 - INFO - chord#14 Starting SA optimization (tolerance=4)
2026-02-10 13:35:59 - INFO - chord#14 roll#2 Early stop: no improvement for 50 iterations (max_no_improve=50)
2026-02-10 13:35:59 - INFO - chord#14 SA complete: score=74.0 after 161 iterations
2026-02-10 13:35:59 - INFO - chord#14 Starting SA optimization (tolerance=4)
2026-02-10 13:35:59 - INFO - chord#14 roll#3 Early stop: no improvement for 50 iterations (max_no_improve=50)
2026-02-10 13:35:59 - INFO - chord#14 SA complete: score=74.0 after 59 iterations
2026-02-10 13:35:59 - INFO - chord#14 Starting SA optimization (tolerance=4)
2026-02-10 13:35:59 - INFO - chord#14 roll#4 Early stop: no improvement for 50 iterations (max_no_improve=50)
2026-02-10 13:35:59 - INFO - chord#14 SA complete: score=74.0 after 63 iterations
2026-02-10 13:35:59 - INFO - chord#14 Starting SA optimization (tolerance=4)
2026-02-10 13:35:59 - INFO - deltas.shape = (3,), deltas = array([14, 19, 24])
2026-02-10 13:35:59 - INFO - deltas.shape = (3,), deltas = array([19, 14, 24])
2026-02-10 13:35:59 - INFO - deltas.shape = (3,), deltas = array([14, 19, 24])
2026-02-10 13:35:59 - INFO - deltas.shape = (3,), deltas = array([14, 19, 24])
2026-02-10 13:35:59 - INFO - chord#14 roll#5 Early stop: no improvement for 50 iterations (max_no_improve=50)
2026-02-10 13:35:59 - INFO - chord#14 SA complete: score=96.0 after 60 iterations
2026-02-10 13:35:59 - INFO - chord#14 Starting SA optimization (tolerance=4)
2026-02-10 13:35:59 - INFO - chord#14 roll#6 Early stop: no improvement for 50 iterations (max_no_improve=50)
2026-02-10 13:35:59 - INFO - chord#14 SA complete: score=74.0 after 64 iterations
2026-02-10 13:35:59 - INFO - chord#14 Best roll: 1/6, score=74.0
2026-02-10 13:35:59 - INFO - chord#15 Starting SA optimization (tolerance=4)
2026-02-10 13:35:59 - INFO - chord#15 roll#1 Early stop: no improvement for 50 iterations (max_no_improve=50)
2026-02-10 13:35:59 - INFO - chord#15 SA complete: score=122.0 after 57 iterations
2026-02-10 13:35:59 - INFO - chord#15 Starting SA optimization (tolerance=4)
2026-02-10 13:35:59 - INFO - chord#15 roll#2 Early stop: no improvement for 50 iterations (max_no_improve=50)
2026-02-10 13:35:59 - INFO - chord#15 SA complete: score=104.0 after 88 iterations
2026-02-10 13:35:59 - INFO - chord#15 Starting SA optimization (tolerance=4)
2026-02-10 13:35:59 - INFO - chord#15 roll#3 Early stop: no improvement for 50 iterations (max_no_improve=50)
2026-02-10 13:35:59 - INFO - chord#15 SA complete: score=64.0 after 66 iterations
2026-02-10 13:35:59 - INFO - chord#15 Starting SA optimization (tolerance=4)
2026-02-10 13:35:59 - INFO - chord#15 roll#4 Early stop: no improvement for 50 iterations (max_no_improve=50)
2026-02-10 13:35:59 - INFO - chord#15 SA complete: score=100.0 after 81 iterations
2026-02-10 13:35:59 - INFO - chord#15 Starting SA optimization (tolerance=4)
2026-02-10 13:35:59 - INFO - chord#15 roll#5 Early stop: no improvement for 50 iterations (max_no_improve=50)
2026-02-10 13:35:59 - INFO - chord#15 SA complete: score=64.0 after 105 iterations
2026-02-10 13:35:59 - INFO - chord#15 Starting SA optimization (tolerance=4)
2026-02-10 13:35:59 - INFO - chord#15 roll#6 Early stop: no improvement for 50 iterations (max_no_improve=50)
2026-02-10 13:35:59 - INFO - chord#15 SA complete: score=74.0 after 154 iterations
2026-02-10 13:35:59 - INFO - chord#15 Starting SA optimization (tolerance=4)
2026-02-10 13:35:59 - INFO - chord#15 roll#7 Early stop: no improvement for 50 iterations (max_no_improve=50)
2026-02-10 13:35:59 - INFO - chord#15 SA complete: score=64.0 after 130 iterations
2026-02-10 13:35:59 - INFO - chord#15 Starting SA optimization (tolerance=4)
2026-02-10 13:35:59 - INFO - chord#15 roll#8 Early stop: no improvement for 50 iterations (max_no_improve=50)
2026-02-10 13:35:59 - INFO - chord#15 SA complete: score=64.0 after 72 iterations
2026-02-10 13:35:59 - INFO - chord#15 Best roll: 3/8, score=64.0
2026-02-10 13:35:59 - INFO - chord#16 Starting SA optimization (tolerance=4)
2026-02-10 13:35:59 - INFO - chord#16 roll#1 Early stop: no improvement for 50 iterations (max_no_improve=50)
2026-02-10 13:35:59 - INFO - chord#16 SA complete: score=43.0 after 109 iterations
2026-02-10 13:35:59 - INFO - chord#16 Starting SA optimization (tolerance=4)
2026-02-10 13:35:59 - INFO - chord#16 roll#2 Early stop: no improvement for 50 iterations (max_no_improve=50)
2026-02-10 13:35:59 - INFO - chord#16 SA complete: score=43.0 after 87 iterations
2026-02-10 13:35:59 - INFO - chord#16 Starting SA optimization (tolerance=4)
2026-02-10 13:35:59 - INFO - chord#16 roll#3 Early stop: no improvement for 50 iterations (max_no_improve=50)
2026-02-10 13:35:59 - INFO - chord#16 SA complete: score=43.0 after 55 iterations
2026-02-10 13:35:59 - INFO - chord#16 Starting SA optimization (tolerance=4)
2026-02-10 13:35:59 - INFO - chord#16 roll#4 Early stop: no improvement for 50 iterations (max_no_improve=50)
2026-02-10 13:35:59 - INFO - chord#16 SA complete: score=43.0 after 50 iterations
2026-02-10 13:35:59 - INFO - chord#16 Starting SA optimization (tolerance=4)
2026-02-10 13:35:59 - INFO - chord#16 roll#5 Early stop: no improvement for 50 iterations (max_no_improve=50)
2026-02-10 13:35:59 - INFO - chord#16 SA complete: score=43.0 after 82 iterations
2026-02-10 13:35:59 - INFO - chord#16 Starting SA optimization (tolerance=4)
2026-02-10 13:36:00 - INFO - chord#16 roll#6 Early stop: no improvement for 50 iterations (max_no_improve=50)
2026-02-10 13:36:00 - INFO - chord#16 SA complete: score=43.0 after 96 iterations
2026-02-10 13:36:00 - INFO - chord#16 Best roll: 1/6, score=43.0
2026-02-10 13:36:00 - INFO - chord#18 Starting SA optimization (tolerance=4)
2026-02-10 13:36:00 - INFO - chord#18 roll#1 Early stop: no improvement for 50 iterations (max_no_improve=50)
2026-02-10 13:36:00 - INFO - chord#18 SA complete: score=67.0 after 93 iterations
2026-02-10 13:36:00 - INFO - chord#18 Starting SA optimization (tolerance=4)
2026-02-10 13:36:00 - INFO - chord#18 roll#2 Early stop: no improvement for 50 iterations (max_no_improve=50)
2026-02-10 13:36:00 - INFO - chord#18 SA complete: score=67.0 after 109 iterations
2026-02-10 13:36:00 - INFO - chord#18 Starting SA optimization (tolerance=4)
2026-02-10 13:36:00 - INFO - chord#18 roll#3 Early stop: no improvement for 50 iterations (max_no_improve=50)
2026-02-10 13:36:00 - INFO - chord#18 SA complete: score=107.0 after 88 iterations
2026-02-10 13:36:00 - INFO - chord#18 Starting SA optimization (tolerance=4)
2026-02-10 13:36:00 - INFO - chord#18 roll#4 Early stop: no improvement for 50 iterations (max_no_improve=50)
2026-02-10 13:36:00 - INFO - chord#18 SA complete: score=98.0 after 114 iterations
2026-02-10 13:36:00 - INFO - chord#18 Starting SA optimization (tolerance=4)
2026-02-10 13:36:00 - INFO - chord#18 roll#5 Early stop: no improvement for 50 iterations (max_no_improve=50)
2026-02-10 13:36:00 - INFO - chord#18 SA complete: score=96.0 after 70 iterations
2026-02-10 13:36:00 - INFO - chord#18 Starting SA optimization (tolerance=4)
2026-02-10 13:36:00 - INFO - chord#18 roll#6 Early stop: no improvement for 50 iterations (max_no_improve=50)
2026-02-10 13:36:00 - INFO - chord#18 SA complete: score=67.0 after 142 iterations
2026-02-10 13:36:00 - INFO - chord#18 Best roll: 1/6, score=67.0
2026-02-10 13:36:00 - INFO - chord#20 Starting SA optimization (tolerance=4)
2026-02-10 13:36:00 - INFO - chord#20 roll#1 Early stop: no improvement for 50 iterations (max_no_improve=50)
2026-02-10 13:36:00 - INFO - chord#20 SA complete: score=43.0 after 96 iterations
2026-02-10 13:36:00 - INFO - chord#20 Starting SA optimization (tolerance=4)
2026-02-10 13:36:00 - INFO - chord#20 roll#2 Early stop: no improvement for 50 iterations (max_no_improve=50)
2026-02-10 13:36:00 - INFO - chord#20 SA complete: score=43.0 after 49 iterations
2026-02-10 13:36:00 - INFO - chord#20 Starting SA optimization (tolerance=4)
2026-02-10 13:36:00 - INFO - chord#20 roll#3 Early stop: no improvement for 50 iterations (max_no_improve=50)
2026-02-10 13:36:00 - INFO - chord#20 SA complete: score=43.0 after 86 iterations
2026-02-10 13:36:00 - INFO - chord#20 Starting SA optimization (tolerance=4)
2026-02-10 13:36:00 - INFO - chord#20 roll#4 Early stop: no improvement for 50 iterations (max_no_improve=50)
2026-02-10 13:36:00 - INFO - chord#20 SA complete: score=43.0 after 91 iterations
2026-02-10 13:36:00 - INFO - chord#20 Starting SA optimization (tolerance=4)
2026-02-10 13:36:00 - INFO - chord#20 roll#5 Early stop: no improvement for 50 iterations (max_no_improve=50)
2026-02-10 13:36:00 - INFO - chord#20 SA complete: score=43.0 after 57 iterations
2026-02-10 13:36:00 - INFO - chord#20 Starting SA optimization (tolerance=4)
2026-02-10 13:36:00 - INFO - chord#20 roll#6 Early stop: no improvement for 50 iterations (max_no_improve=50)
2026-02-10 13:36:00 - INFO - chord#20 SA complete: score=43.0 after 57 iterations
2026-02-10 13:36:00 - INFO - chord#20 Best roll: 1/6, score=43.0
2026-02-10 13:36:00 - INFO - chord#28 Starting SA optimization (tolerance=4)
2026-02-10 13:36:00 - INFO - chord#28 roll#1 Early stop: no improvement for 50 iterations (max_no_improve=50)
2026-02-10 13:36:00 - INFO - chord#28 SA complete: score=43.0 after 62 iterations
2026-02-10 13:36:00 - INFO - chord#28 Starting SA optimization (tolerance=4)
2026-02-10 13:36:00 - INFO - chord#28 roll#2 Early stop: no improvement for 50 iterations (max_no_improve=50)
2026-02-10 13:36:00 - INFO - chord#28 SA complete: score=43.0 after 80 iterations
2026-02-10 13:36:00 - INFO - chord#28 Starting SA optimization (tolerance=4)
2026-02-10 13:36:00 - INFO - chord#28 roll#3 Early stop: no improvement for 50 iterations (max_no_improve=50)
2026-02-10 13:36:00 - INFO - chord#28 SA complete: score=59.0 after 92 iterations
2026-02-10 13:36:00 - INFO - chord#28 Starting SA optimization (tolerance=4)
2026-02-10 13:36:00 - INFO - chord#28 roll#4 Early stop: no improvement for 50 iterations (max_no_improve=50)
2026-02-10 13:36:00 - INFO - chord#28 SA complete: score=43.0 after 49 iterations
2026-02-10 13:36:00 - INFO - chord#28 Starting SA optimization (tolerance=4)
2026-02-10 13:36:00 - INFO - chord#28 roll#5 Early stop: no improvement for 50 iterations (max_no_improve=50)
2026-02-10 13:36:00 - INFO - chord#28 SA complete: score=43.0 after 63 iterations
2026-02-10 13:36:00 - INFO - chord#28 Starting SA optimization (tolerance=4)
2026-02-10 13:36:00 - INFO - chord#28 roll#6 Early stop: no improvement for 50 iterations (max_no_improve=50)
2026-02-10 13:36:00 - INFO - chord#28 SA complete: score=43.0 after 98 iterations
2026-02-10 13:36:00 - INFO - chord#28 Best roll: 1/6, score=43.0
2026-02-10 13:36:00 - INFO - chord#32 Starting SA optimization (tolerance=4)
2026-02-10 13:36:00 - INFO - chord#32 roll#1 Early stop: no improvement for 50 iterations (max_no_improve=50)
2026-02-10 13:36:00 - INFO - chord#32 SA complete: score=43.0 after 74 iterations
2026-02-10 13:36:00 - INFO - chord#32 Starting SA optimization (tolerance=4)
2026-02-10 13:36:00 - INFO - chord#32 roll#2 Early stop: no improvement for 50 iterations (max_no_improve=50)
2026-02-10 13:36:00 - INFO - chord#32 SA complete: score=43.0 after 54 iterations
2026-02-10 13:36:00 - INFO - chord#32 Starting SA optimization (tolerance=4)
2026-02-10 13:36:00 - INFO - chord#32 roll#3 Early stop: no improvement for 50 iterations (max_no_improve=50)
2026-02-10 13:36:00 - INFO - chord#32 SA complete: score=43.0 after 59 iterations
2026-02-10 13:36:00 - INFO - chord#32 Starting SA optimization (tolerance=4)
2026-02-10 13:36:00 - INFO - chord#32 roll#4 Early stop: no improvement for 50 iterations (max_no_improve=50)
2026-02-10 13:36:00 - INFO - chord#32 SA complete: score=43.0 after 65 iterations
2026-02-10 13:36:00 - INFO - chord#32 Starting SA optimization (tolerance=4)
2026-02-10 13:36:00 - INFO - chord#32 roll#5 Early stop: no improvement for 50 iterations (max_no_improve=50)
2026-02-10 13:36:00 - INFO - chord#32 SA complete: score=59.0 after 83 iterations
2026-02-10 13:36:00 - INFO - chord#32 Starting SA optimization (tolerance=4)
2026-02-10 13:36:00 - INFO - chord#32 roll#6 Early stop: no improvement for 50 iterations (max_no_improve=50)
2026-02-10 13:36:00 - INFO - chord#32 SA complete: score=43.0 after 69 iterations
2026-02-10 13:36:00 - INFO - chord#32 Best roll: 1/6, score=43.0
2026-02-10 13:36:00 - INFO - chord#36 Starting SA optimization (tolerance=4)
2026-02-10 13:36:00 - INFO - chord#36 roll#1 Early stop: no improvement for 50 iterations (max_no_improve=50)
2026-02-10 13:36:00 - INFO - chord#36 SA complete: score=43.0 after 61 iterations
2026-02-10 13:36:00 - INFO - chord#36 Starting SA optimization (tolerance=4)
2026-02-10 13:36:00 - INFO - chord#36 roll#2 Early stop: no improvement for 50 iterations (max_no_improve=50)
2026-02-10 13:36:00 - INFO - chord#36 SA complete: score=43.0 after 55 iterations
2026-02-10 13:36:00 - INFO - chord#36 Starting SA optimization (tolerance=4)
2026-02-10 13:36:00 - INFO - chord#36 roll#3 Early stop: no improvement for 50 iterations (max_no_improve=50)
2026-02-10 13:36:00 - INFO - chord#36 SA complete: score=43.0 after 71 iterations
2026-02-10 13:36:00 - INFO - chord#36 Starting SA optimization (tolerance=4)
2026-02-10 13:36:00 - INFO - chord#36 roll#4 Early stop: no improvement for 50 iterations (max_no_improve=50)
2026-02-10 13:36:00 - INFO - chord#36 SA complete: score=43.0 after 53 iterations
2026-02-10 13:36:00 - INFO - chord#36 Starting SA optimization (tolerance=4)
2026-02-10 13:36:00 - INFO - chord#36 roll#5 Early stop: no improvement for 50 iterations (max_no_improve=50)
2026-02-10 13:36:00 - INFO - chord#36 SA complete: score=43.0 after 80 iterations
2026-02-10 13:36:00 - INFO - chord#36 Starting SA optimization (tolerance=4)
2026-02-10 13:36:00 - INFO - chord#36 roll#6 Early stop: no improvement for 50 iterations (max_no_improve=50)
2026-02-10 13:36:00 - INFO - chord#36 SA complete: score=43.0 after 56 iterations
2026-02-10 13:36:00 - INFO - chord#36 Best roll: 1/6, score=43.0
2026-02-10 13:36:00 - INFO - chord#38 Starting SA optimization (tolerance=4)
2026-02-10 13:36:00 - INFO - chord#38 roll#1 Early stop: no improvement for 50 iterations (max_no_improve=50)
2026-02-10 13:36:00 - INFO - chord#38 SA complete: score=63.0 after 70 iterations
2026-02-10 13:36:00 - INFO - chord#38 Starting SA optimization (tolerance=4)
2026-02-10 13:36:00 - INFO - chord#38 roll#2 Early stop: no improvement for 50 iterations (max_no_improve=50)
2026-02-10 13:36:00 - INFO - chord#38 SA complete: score=47.0 after 61 iterations
2026-02-10 13:36:00 - INFO - chord#38 Starting SA optimization (tolerance=4)
2026-02-10 13:36:00 - INFO - chord#38 roll#3 Early stop: no improvement for 50 iterations (max_no_improve=50)
2026-02-10 13:36:00 - INFO - chord#38 SA complete: score=47.0 after 78 iterations
2026-02-10 13:36:00 - INFO - chord#38 Starting SA optimization (tolerance=4)
2026-02-10 13:36:00 - INFO - chord#38 roll#4 Early stop: no improvement for 50 iterations (max_no_improve=50)
2026-02-10 13:36:00 - INFO - chord#38 SA complete: score=47.0 after 57 iterations
2026-02-10 13:36:00 - INFO - chord#38 Starting SA optimization (tolerance=4)
2026-02-10 13:36:00 - INFO - chord#38 roll#5 Early stop: no improvement for 50 iterations (max_no_improve=50)
2026-02-10 13:36:00 - INFO - chord#38 SA complete: score=47.0 after 65 iterations
2026-02-10 13:36:00 - INFO - chord#38 Starting SA optimization (tolerance=4)
2026-02-10 13:36:00 - INFO - chord#38 roll#6 Early stop: no improvement for 50 iterations (max_no_improve=50)
2026-02-10 13:36:00 - INFO - chord#38 SA complete: score=47.0 after 75 iterations
2026-02-10 13:36:00 - INFO - chord#38 Starting SA optimization (tolerance=4)
2026-02-10 13:36:00 - INFO - chord#38 roll#7 Early stop: no improvement for 50 iterations (max_no_improve=50)
2026-02-10 13:36:00 - INFO - chord#38 SA complete: score=47.0 after 51 iterations
2026-02-10 13:36:00 - INFO - chord#38 Best roll: 2/7, score=47.0
2026-02-10 13:36:00 - INFO - chord#40 Starting SA optimization (tolerance=4)
2026-02-10 13:36:00 - INFO - chord#40 roll#1 Early stop: no improvement for 50 iterations (max_no_improve=50)
2026-02-10 13:36:00 - INFO - chord#40 SA complete: score=55.0 after 66 iterations
2026-02-10 13:36:00 - INFO - chord#40 Starting SA optimization (tolerance=4)
2026-02-10 13:36:00 - INFO - chord#40 roll#2 Early stop: no improvement for 50 iterations (max_no_improve=50)
2026-02-10 13:36:00 - INFO - chord#40 SA complete: score=55.0 after 53 iterations
2026-02-10 13:36:00 - INFO - chord#40 Starting SA optimization (tolerance=4)
2026-02-10 13:36:00 - INFO - chord#40 roll#3 Early stop: no improvement for 50 iterations (max_no_improve=50)
2026-02-10 13:36:00 - INFO - chord#40 SA complete: score=55.0 after 51 iterations
2026-02-10 13:36:00 - INFO - chord#40 Starting SA optimization (tolerance=4)
2026-02-10 13:36:00 - INFO - chord#40 roll#4 Early stop: no improvement for 50 iterations (max_no_improve=50)
2026-02-10 13:36:00 - INFO - chord#40 SA complete: score=55.0 after 71 iterations
2026-02-10 13:36:00 - INFO - chord#40 Starting SA optimization (tolerance=4)
2026-02-10 13:36:00 - INFO - chord#40 roll#5 Early stop: no improvement for 50 iterations (max_no_improve=50)
2026-02-10 13:36:00 - INFO - chord#40 SA complete: score=55.0 after 53 iterations
2026-02-10 13:36:00 - INFO - chord#40 Starting SA optimization (tolerance=4)
2026-02-10 13:36:01 - INFO - chord#40 roll#6 Early stop: no improvement for 50 iterations (max_no_improve=50)
2026-02-10 13:36:01 - INFO - chord#40 SA complete: score=55.0 after 71 iterations
2026-02-10 13:36:01 - INFO - chord#40 Best roll: 1/6, score=55.0
2026-02-10 13:36:01 - INFO - chord#42 Starting SA optimization (tolerance=4)
2026-02-10 13:36:01 - INFO - chord#42 roll#1 Early stop: no improvement for 50 iterations (max_no_improve=50)
2026-02-10 13:36:01 - INFO - chord#42 SA complete: score=56.0 after 54 iterations
2026-02-10 13:36:01 - INFO - chord#42 Starting SA optimization (tolerance=4)
2026-02-10 13:36:01 - INFO - chord#42 roll#2 Early stop: no improvement for 50 iterations (max_no_improve=50)
2026-02-10 13:36:01 - INFO - chord#42 SA complete: score=45.0 after 60 iterations
2026-02-10 13:36:01 - INFO - chord#42 Starting SA optimization (tolerance=4)
2026-02-10 13:36:01 - INFO - chord#42 roll#3 Early stop: no improvement for 50 iterations (max_no_improve=50)
2026-02-10 13:36:01 - INFO - chord#42 SA complete: score=45.0 after 62 iterations
2026-02-10 13:36:01 - INFO - chord#42 Starting SA optimization (tolerance=4)
2026-02-10 13:36:01 - INFO - chord#42 roll#4 Early stop: no improvement for 50 iterations (max_no_improve=50)
2026-02-10 13:36:01 - INFO - chord#42 SA complete: score=73.0 after 70 iterations
2026-02-10 13:36:01 - INFO - chord#42 Starting SA optimization (tolerance=4)
2026-02-10 13:36:01 - INFO - chord#42 roll#5 Early stop: no improvement for 50 iterations (max_no_improve=50)
2026-02-10 13:36:01 - INFO - chord#42 SA complete: score=56.0 after 54 iterations
2026-02-10 13:36:01 - INFO - chord#42 Starting SA optimization (tolerance=4)
2026-02-10 13:36:01 - INFO - chord#42 roll#6 Early stop: no improvement for 50 iterations (max_no_improve=50)
2026-02-10 13:36:01 - INFO - chord#42 SA complete: score=45.0 after 52 iterations
2026-02-10 13:36:01 - INFO - chord#42 Starting SA optimization (tolerance=4)
2026-02-10 13:36:01 - INFO - chord#42 roll#7 Early stop: no improvement for 50 iterations (max_no_improve=50)
2026-02-10 13:36:01 - INFO - chord#42 SA complete: score=45.0 after 95 iterations
2026-02-10 13:36:01 - INFO - chord#42 Best roll: 2/7, score=45.0
2026-02-10 13:36:01 - INFO - chord#44 Starting SA optimization (tolerance=4)
2026-02-10 13:36:01 - INFO - chord#44 roll#1 Early stop: no improvement for 50 iterations (max_no_improve=50)
2026-02-10 13:36:01 - INFO - chord#44 SA complete: score=45.0 after 62 iterations
2026-02-10 13:36:01 - INFO - chord#44 Starting SA optimization (tolerance=4)
2026-02-10 13:36:01 - INFO - chord#44 roll#2 Early stop: no improvement for 50 iterations (max_no_improve=50)
2026-02-10 13:36:01 - INFO - chord#44 SA complete: score=45.0 after 50 iterations
2026-02-10 13:36:01 - INFO - chord#44 Starting SA optimization (tolerance=4)
2026-02-10 13:36:01 - INFO - chord#44 roll#3 Early stop: no improvement for 50 iterations (max_no_improve=50)
2026-02-10 13:36:01 - INFO - chord#44 SA complete: score=75.0 after 50 iterations
2026-02-10 13:36:01 - INFO - chord#44 Starting SA optimization (tolerance=4)
2026-02-10 13:36:01 - INFO - chord#44 roll#4 Early stop: no improvement for 50 iterations (max_no_improve=50)
2026-02-10 13:36:01 - INFO - chord#44 SA complete: score=45.0 after 74 iterations
2026-02-10 13:36:01 - INFO - chord#44 Starting SA optimization (tolerance=4)
2026-02-10 13:36:01 - INFO - chord#44 roll#5 Early stop: no improvement for 50 iterations (max_no_improve=50)
2026-02-10 13:36:01 - INFO - chord#44 SA complete: score=45.0 after 62 iterations
2026-02-10 13:36:01 - INFO - chord#44 Starting SA optimization (tolerance=4)
2026-02-10 13:36:01 - INFO - chord#44 roll#6 Early stop: no improvement for 50 iterations (max_no_improve=50)
2026-02-10 13:36:01 - INFO - chord#44 SA complete: score=45.0 after 58 iterations
2026-02-10 13:36:01 - INFO - chord#44 Best roll: 1/6, score=45.0
2026-02-10 13:36:01 - INFO - chord#46 Starting SA optimization (tolerance=4)
2026-02-10 13:36:01 - INFO - chord#46 roll#1 Early stop: no improvement for 50 iterations (max_no_improve=50)
2026-02-10 13:36:01 - INFO - chord#46 SA complete: score=43.0 after 69 iterations
2026-02-10 13:36:01 - INFO - chord#46 Starting SA optimization (tolerance=4)
2026-02-10 13:36:01 - INFO - chord#46 roll#2 Early stop: no improvement for 50 iterations (max_no_improve=50)
2026-02-10 13:36:01 - INFO - chord#46 SA complete: score=43.0 after 59 iterations
2026-02-10 13:36:01 - INFO - chord#46 Starting SA optimization (tolerance=4)
2026-02-10 13:36:01 - INFO - chord#46 roll#3 Early stop: no improvement for 50 iterations (max_no_improve=50)
2026-02-10 13:36:01 - INFO - chord#46 SA complete: score=43.0 after 63 iterations
2026-02-10 13:36:01 - INFO - chord#46 Starting SA optimization (tolerance=4)
2026-02-10 13:36:01 - INFO - chord#46 roll#4 Early stop: no improvement for 50 iterations (max_no_improve=50)
2026-02-10 13:36:01 - INFO - chord#46 SA complete: score=101.0 after 50 iterations
2026-02-10 13:36:01 - INFO - chord#46 Starting SA optimization (tolerance=4)
2026-02-10 13:36:01 - INFO - chord#46 roll#5 Early stop: no improvement for 50 iterations (max_no_improve=50)
2026-02-10 13:36:01 - INFO - chord#46 SA complete: score=43.0 after 85 iterations
2026-02-10 13:36:01 - INFO - chord#46 Starting SA optimization (tolerance=4)
2026-02-10 13:36:01 - INFO - chord#46 roll#6 Early stop: no improvement for 50 iterations (max_no_improve=50)
2026-02-10 13:36:01 - INFO - chord#46 SA complete: score=43.0 after 94 iterations
2026-02-10 13:36:01 - INFO - chord#46 Best roll: 1/6, score=43.0
2026-02-10 13:36:01 - INFO - chord#47 Starting SA optimization (tolerance=4)
2026-02-10 13:36:01 - INFO - chord#47 roll#1 Early stop: no improvement for 50 iterations (max_no_improve=50)
2026-02-10 13:36:01 - INFO - chord#47 SA complete: score=67.0 after 120 iterations
2026-02-10 13:36:01 - INFO - chord#47 Starting SA optimization (tolerance=4)
2026-02-10 13:36:01 - INFO - chord#47 roll#2 Early stop: no improvement for 50 iterations (max_no_improve=50)
2026-02-10 13:36:01 - INFO - chord#47 SA complete: score=67.0 after 101 iterations
2026-02-10 13:36:01 - INFO - chord#47 Starting SA optimization (tolerance=4)
2026-02-10 13:36:01 - INFO - chord#47 roll#3 Early stop: no improvement for 50 iterations (max_no_improve=50)
2026-02-10 13:36:01 - INFO - chord#47 SA complete: score=120.0 after 50 iterations
2026-02-10 13:36:01 - INFO - chord#47 Starting SA optimization (tolerance=4)
2026-02-10 13:36:01 - INFO - chord#47 roll#4 Early stop: no improvement for 50 iterations (max_no_improve=50)
2026-02-10 13:36:01 - INFO - chord#47 SA complete: score=74.0 after 62 iterations
2026-02-10 13:36:01 - INFO - chord#47 Starting SA optimization (tolerance=4)
2026-02-10 13:36:01 - INFO - chord#47 roll#5 Early stop: no improvement for 50 iterations (max_no_improve=50)
2026-02-10 13:36:01 - INFO - chord#47 SA complete: score=96.0 after 58 iterations
2026-02-10 13:36:01 - INFO - chord#47 Starting SA optimization (tolerance=4)
2026-02-10 13:36:01 - INFO - chord#47 roll#6 Early stop: no improvement for 50 iterations (max_no_improve=50)
2026-02-10 13:36:01 - INFO - chord#47 SA complete: score=67.0 after 50 iterations
2026-02-10 13:36:01 - INFO - chord#47 Best roll: 1/6, score=67.0
2026-02-10 13:36:01 - INFO - chord#48 Starting SA optimization (tolerance=4)
2026-02-10 13:36:01 - INFO - chord#48 roll#1 Early stop: no improvement for 50 iterations (max_no_improve=50)
2026-02-10 13:36:01 - INFO - chord#48 SA complete: score=43.0 after 58 iterations
2026-02-10 13:36:01 - INFO - chord#48 Starting SA optimization (tolerance=4)
2026-02-10 13:36:01 - INFO - chord#48 roll#2 Early stop: no improvement for 50 iterations (max_no_improve=50)
2026-02-10 13:36:01 - INFO - chord#48 SA complete: score=43.0 after 67 iterations
2026-02-10 13:36:01 - INFO - chord#48 Starting SA optimization (tolerance=4)
2026-02-10 13:36:01 - INFO - chord#48 roll#3 Early stop: no improvement for 50 iterations (max_no_improve=50)
2026-02-10 13:36:01 - INFO - chord#48 SA complete: score=101.0 after 57 iterations
2026-02-10 13:36:01 - INFO - chord#48 Starting SA optimization (tolerance=4)
2026-02-10 13:36:01 - INFO - chord#48 roll#4 Early stop: no improvement for 50 iterations (max_no_improve=50)
2026-02-10 13:36:01 - INFO - chord#48 SA complete: score=43.0 after 96 iterations
2026-02-10 13:36:01 - INFO - chord#48 Starting SA optimization (tolerance=4)
2026-02-10 13:36:01 - INFO - chord#48 roll#5 Early stop: no improvement for 50 iterations (max_no_improve=50)
2026-02-10 13:36:01 - INFO - chord#48 SA complete: score=43.0 after 105 iterations
2026-02-10 13:36:01 - INFO - chord#48 Starting SA optimization (tolerance=4)
2026-02-10 13:36:01 - INFO - chord#48 roll#6 Early stop: no improvement for 50 iterations (max_no_improve=50)
2026-02-10 13:36:01 - INFO - chord#48 SA complete: score=43.0 after 58 iterations
2026-02-10 13:36:01 - INFO - chord#48 Best roll: 1/6, score=43.0
2026-02-10 13:36:01 - INFO - chord#56 Starting SA optimization (tolerance=4)
2026-02-10 13:36:01 - INFO - chord#56 roll#1 Early stop: no improvement for 50 iterations (max_no_improve=50)
2026-02-10 13:36:01 - INFO - chord#56 SA complete: score=43.0 after 57 iterations
2026-02-10 13:36:01 - INFO - chord#56 Starting SA optimization (tolerance=4)
2026-02-10 13:36:01 - INFO - chord#56 roll#2 Early stop: no improvement for 50 iterations (max_no_improve=50)
2026-02-10 13:36:01 - INFO - chord#56 SA complete: score=43.0 after 100 iterations
2026-02-10 13:36:01 - INFO - chord#56 Starting SA optimization (tolerance=4)
2026-02-10 13:36:01 - INFO - chord#56 roll#3 Early stop: no improvement for 50 iterations (max_no_improve=50)
2026-02-10 13:36:01 - INFO - chord#56 SA complete: score=43.0 after 50 iterations
2026-02-10 13:36:01 - INFO - chord#56 Starting SA optimization (tolerance=4)
2026-02-10 13:36:01 - INFO - chord#56 roll#4 Early stop: no improvement for 50 iterations (max_no_improve=50)
2026-02-10 13:36:01 - INFO - chord#56 SA complete: score=43.0 after 69 iterations
2026-02-10 13:36:01 - INFO - chord#56 Starting SA optimization (tolerance=4)
2026-02-10 13:36:01 - INFO - chord#56 roll#5 Early stop: no improvement for 50 iterations (max_no_improve=50)
2026-02-10 13:36:01 - INFO - chord#56 SA complete: score=43.0 after 50 iterations
2026-02-10 13:36:01 - INFO - chord#56 Starting SA optimization (tolerance=4)
2026-02-10 13:36:01 - INFO - chord#56 roll#6 Early stop: no improvement for 50 iterations (max_no_improve=50)
2026-02-10 13:36:01 - INFO - chord#56 SA complete: score=43.0 after 69 iterations
2026-02-10 13:36:01 - INFO - chord#56 Best roll: 1/6, score=43.0
2026-02-10 13:36:01 - INFO - chord#60 Starting SA optimization (tolerance=4)
2026-02-10 13:36:01 - INFO - chord#60 roll#1 Early stop: no improvement for 50 iterations (max_no_improve=50)
2026-02-10 13:36:01 - INFO - chord#60 SA complete: score=45.0 after 62 iterations
2026-02-10 13:36:01 - INFO - chord#60 Starting SA optimization (tolerance=4)
2026-02-10 13:36:01 - INFO - chord#60 roll#2 Early stop: no improvement for 50 iterations (max_no_improve=50)
2026-02-10 13:36:01 - INFO - chord#60 SA complete: score=45.0 after 60 iterations
2026-02-10 13:36:01 - INFO - chord#60 Starting SA optimization (tolerance=4)
2026-02-10 13:36:01 - INFO - chord#60 roll#3 Early stop: no improvement for 50 iterations (max_no_improve=50)
2026-02-10 13:36:01 - INFO - chord#60 SA complete: score=45.0 after 67 iterations
2026-02-10 13:36:01 - INFO - chord#60 Starting SA optimization (tolerance=4)
2026-02-10 13:36:01 - INFO - chord#60 roll#4 Early stop: no improvement for 50 iterations (max_no_improve=50)
2026-02-10 13:36:01 - INFO - chord#60 SA complete: score=45.0 after 62 iterations
2026-02-10 13:36:01 - INFO - chord#60 Starting SA optimization (tolerance=4)
2026-02-10 13:36:01 - INFO - chord#60 roll#5 Early stop: no improvement for 50 iterations (max_no_improve=50)
2026-02-10 13:36:01 - INFO - chord#60 SA complete: score=45.0 after 75 iterations
2026-02-10 13:36:01 - INFO - chord#60 Starting SA optimization (tolerance=4)
2026-02-10 13:36:01 - INFO - chord#60 roll#6 Early stop: no improvement for 50 iterations (max_no_improve=50)
2026-02-10 13:36:01 - INFO - chord#60 SA complete: score=45.0 after 51 iterations
2026-02-10 13:36:01 - INFO - chord#60 Best roll: 1/6, score=45.0
2026-02-10 13:36:01 - INFO - chord#64 Starting SA optimization (tolerance=4)
2026-02-10 13:36:01 - INFO - chord#64 roll#1 Early stop: no improvement for 50 iterations (max_no_improve=50)
2026-02-10 13:36:01 - INFO - chord#64 SA complete: score=43.0 after 51 iterations
2026-02-10 13:36:01 - INFO - chord#64 Starting SA optimization (tolerance=4)
2026-02-10 13:36:01 - INFO - chord#64 roll#2 Early stop: no improvement for 50 iterations (max_no_improve=50)
2026-02-10 13:36:01 - INFO - chord#64 SA complete: score=43.0 after 54 iterations
2026-02-10 13:36:01 - INFO - chord#64 Starting SA optimization (tolerance=4)
2026-02-10 13:36:01 - INFO - chord#64 roll#3 Early stop: no improvement for 50 iterations (max_no_improve=50)
2026-02-10 13:36:01 - INFO - chord#64 SA complete: score=43.0 after 69 iterations
2026-02-10 13:36:01 - INFO - chord#64 Starting SA optimization (tolerance=4)
2026-02-10 13:36:01 - INFO - chord#64 roll#4 Early stop: no improvement for 50 iterations (max_no_improve=50)
2026-02-10 13:36:01 - INFO - chord#64 SA complete: score=43.0 after 89 iterations
2026-02-10 13:36:01 - INFO - chord#64 Starting SA optimization (tolerance=4)
2026-02-10 13:36:01 - INFO - chord#64 roll#5 Early stop: no improvement for 50 iterations (max_no_improve=50)
2026-02-10 13:36:01 - INFO - chord#64 SA complete: score=43.0 after 53 iterations
2026-02-10 13:36:01 - INFO - chord#64 Starting SA optimization (tolerance=4)
2026-02-10 13:36:01 - INFO - chord#64 roll#6 Early stop: no improvement for 50 iterations (max_no_improve=50)
2026-02-10 13:36:01 - INFO - chord#64 SA complete: score=43.0 after 60 iterations
2026-02-10 13:36:01 - INFO - chord#64 Best roll: 1/6, score=43.0
2026-02-10 13:36:01 - INFO - chord#68 Starting SA optimization (tolerance=4)
2026-02-10 13:36:01 - INFO - chord#68 roll#1 Early stop: no improvement for 50 iterations (max_no_improve=50)
2026-02-10 13:36:01 - INFO - chord#68 SA complete: score=55.0 after 60 iterations
2026-02-10 13:36:01 - INFO - chord#68 Starting SA optimization (tolerance=4)
2026-02-10 13:36:01 - INFO - chord#68 roll#2 Early stop: no improvement for 50 iterations (max_no_improve=50)
2026-02-10 13:36:01 - INFO - chord#68 SA complete: score=55.0 after 76 iterations
2026-02-10 13:36:01 - INFO - chord#68 Starting SA optimization (tolerance=4)
2026-02-10 13:36:01 - INFO - chord#68 roll#3 Early stop: no improvement for 50 iterations (max_no_improve=50)
2026-02-10 13:36:01 - INFO - chord#68 SA complete: score=55.0 after 86 iterations
2026-02-10 13:36:01 - INFO - chord#68 Starting SA optimization (tolerance=4)
2026-02-10 13:36:02 - INFO - chord#68 roll#4 Early stop: no improvement for 50 iterations (max_no_improve=50)
2026-02-10 13:36:02 - INFO - chord#68 SA complete: score=55.0 after 118 iterations
2026-02-10 13:36:02 - INFO - chord#68 Starting SA optimization (tolerance=4)
2026-02-10 13:36:02 - INFO - chord#68 roll#5 Early stop: no improvement for 50 iterations (max_no_improve=50)
2026-02-10 13:36:02 - INFO - chord#68 SA complete: score=55.0 after 107 iterations
2026-02-10 13:36:02 - INFO - chord#68 Starting SA optimization (tolerance=4)
2026-02-10 13:36:02 - INFO - chord#68 roll#6 Early stop: no improvement for 50 iterations (max_no_improve=50)
2026-02-10 13:36:02 - INFO - chord#68 SA complete: score=55.0 after 68 iterations
2026-02-10 13:36:02 - INFO - chord#68 Best roll: 1/6, score=55.0
2026-02-10 13:36:02 - INFO - chord#70 Starting SA optimization (tolerance=4)
2026-02-10 13:36:02 - INFO - chord#70 roll#1 Early stop: no improvement for 50 iterations (max_no_improve=50)
2026-02-10 13:36:02 - INFO - chord#70 SA complete: score=59.0 after 68 iterations
2026-02-10 13:36:02 - INFO - chord#70 Starting SA optimization (tolerance=4)
2026-02-10 13:36:02 - INFO - chord#70 roll#2 Early stop: no improvement for 50 iterations (max_no_improve=50)
2026-02-10 13:36:02 - INFO - chord#70 SA complete: score=59.0 after 78 iterations
2026-02-10 13:36:02 - INFO - chord#70 Starting SA optimization (tolerance=4)
2026-02-10 13:36:02 - INFO - chord#70 roll#3 Early stop: no improvement for 50 iterations (max_no_improve=50)
2026-02-10 13:36:02 - INFO - chord#70 SA complete: score=59.0 after 60 iterations
2026-02-10 13:36:02 - INFO - chord#70 Starting SA optimization (tolerance=4)
2026-02-10 13:36:02 - INFO - chord#70 roll#4 Early stop: no improvement for 50 iterations (max_no_improve=50)
2026-02-10 13:36:02 - INFO - chord#70 SA complete: score=59.0 after 118 iterations
2026-02-10 13:36:02 - INFO - chord#70 Starting SA optimization (tolerance=4)
2026-02-10 13:36:02 - INFO - chord#70 roll#5 Early stop: no improvement for 50 iterations (max_no_improve=50)
2026-02-10 13:36:02 - INFO - chord#70 SA complete: score=59.0 after 86 iterations
2026-02-10 13:36:02 - INFO - chord#70 Starting SA optimization (tolerance=4)
2026-02-10 13:36:02 - INFO - chord#70 roll#6 Early stop: no improvement for 50 iterations (max_no_improve=50)
2026-02-10 13:36:02 - INFO - chord#70 SA complete: score=59.0 after 104 iterations
2026-02-10 13:36:02 - INFO - chord#70 Best roll: 1/6, score=59.0
2026-02-10 13:36:02 - INFO - chord#72 Starting SA optimization (tolerance=4)
2026-02-10 13:36:02 - INFO - chord#72 roll#1 Early stop: no improvement for 50 iterations (max_no_improve=50)
2026-02-10 13:36:02 - INFO - chord#72 SA complete: score=47.0 after 62 iterations
2026-02-10 13:36:02 - INFO - chord#72 Starting SA optimization (tolerance=4)
2026-02-10 13:36:02 - INFO - chord#72 roll#2 Early stop: no improvement for 50 iterations (max_no_improve=50)
2026-02-10 13:36:02 - INFO - chord#72 SA complete: score=47.0 after 142 iterations
2026-02-10 13:36:02 - INFO - chord#72 Starting SA optimization (tolerance=4)
2026-02-10 13:36:02 - INFO - chord#72 roll#3 Early stop: no improvement for 50 iterations (max_no_improve=50)
2026-02-10 13:36:02 - INFO - chord#72 SA complete: score=47.0 after 50 iterations
2026-02-10 13:36:02 - INFO - chord#72 Starting SA optimization (tolerance=4)
2026-02-10 13:36:02 - INFO - chord#72 roll#4 Early stop: no improvement for 50 iterations (max_no_improve=50)
2026-02-10 13:36:02 - INFO - chord#72 SA complete: score=65.0 after 86 iterations
2026-02-10 13:36:02 - INFO - chord#72 Starting SA optimization (tolerance=4)
2026-02-10 13:36:02 - INFO - chord#72 roll#5 Early stop: no improvement for 50 iterations (max_no_improve=50)
2026-02-10 13:36:02 - INFO - chord#72 SA complete: score=47.0 after 56 iterations
2026-02-10 13:36:02 - INFO - chord#72 Starting SA optimization (tolerance=4)
2026-02-10 13:36:02 - INFO - chord#72 roll#6 Early stop: no improvement for 50 iterations (max_no_improve=50)
2026-02-10 13:36:02 - INFO - chord#72 SA complete: score=47.0 after 116 iterations
2026-02-10 13:36:02 - INFO - chord#72 Best roll: 1/6, score=47.0
2026-02-10 13:36:02 - INFO - chord#74 Starting SA optimization (tolerance=4)
2026-02-10 13:36:02 - INFO - chord#74 roll#1 Early stop: no improvement for 50 iterations (max_no_improve=50)
2026-02-10 13:36:02 - INFO - chord#74 SA complete: score=82.0 after 75 iterations
2026-02-10 13:36:02 - INFO - chord#74 Starting SA optimization (tolerance=4)
2026-02-10 13:36:02 - INFO - chord#74 roll#2 Early stop: no improvement for 50 iterations (max_no_improve=50)
2026-02-10 13:36:02 - INFO - chord#74 SA complete: score=82.0 after 80 iterations
2026-02-10 13:36:02 - INFO - chord#74 Starting SA optimization (tolerance=4)
2026-02-10 13:36:02 - INFO - deltas.shape = (4,), deltas = array([33, 38, 43, 49])
2026-02-10 13:36:02 - INFO - deltas.shape = (4,), deltas = array([33, 38, 43, 49])
2026-02-10 13:36:02 - INFO - deltas.shape = (4,), deltas = array([33, 38, 43, 49])
2026-02-10 13:36:02 - INFO - deltas.shape = (4,), deltas = array([33, 38, 43, 49])
2026-02-10 13:36:02 - INFO - chord#74 roll#3 Early stop: no improvement for 50 iterations (max_no_improve=50)
2026-02-10 13:36:02 - INFO - chord#74 SA complete: score=128.0 after 54 iterations
2026-02-10 13:36:02 - INFO - chord#74 Starting SA optimization (tolerance=4)
2026-02-10 13:36:02 - INFO - deltas.shape = (3,), deltas = array([38, 43, 48])
2026-02-10 13:36:02 - INFO - in _select_ratios: no allowed intervals after step 2 cent delta filter. returning empty list.
2026-02-10 13:36:02 - INFO - deltas.shape = (4,), deltas = array([30, 35, 40, 46])
2026-02-10 13:36:02 - INFO - deltas.shape = (4,), deltas = array([30, 35, 40, 46])
2026-02-10 13:36:02 - INFO - deltas.shape = (4,), deltas = array([30, 35, 40, 46])
2026-02-10 13:36:02 - INFO - deltas.shape = (4,), deltas = array([30, 35, 40, 46])
2026-02-10 13:36:02 - INFO - deltas.shape = (3,), deltas = array([38, 43, 48])
2026-02-10 13:36:02 - INFO - in _select_ratios: no allowed intervals after step 2 cent delta filter. returning empty list.
2026-02-10 13:36:02 - INFO - deltas.shape = (4,), deltas = array([30, 35, 40, 46])
2026-02-10 13:36:02 - INFO - chord#74 roll#4 Early stop: no improvement for 50 iterations (max_no_improve=50)
2026-02-10 13:36:02 - INFO - chord#74 SA complete: score=107.0 after 57 iterations
2026-02-10 13:36:02 - INFO - chord#74 Starting SA optimization (tolerance=4)
2026-02-10 13:36:02 - INFO - chord#74 roll#5 Early stop: no improvement for 50 iterations (max_no_improve=50)
2026-02-10 13:36:02 - INFO - chord#74 SA complete: score=82.0 after 97 iterations
2026-02-10 13:36:02 - INFO - chord#74 Starting SA optimization (tolerance=4)
2026-02-10 13:36:02 - INFO - chord#74 roll#6 Early stop: no improvement for 50 iterations (max_no_improve=50)
2026-02-10 13:36:02 - INFO - chord#74 SA complete: score=82.0 after 133 iterations
2026-02-10 13:36:02 - INFO - chord#74 Best roll: 1/6, score=82.0
2026-02-10 13:36:02 - INFO - chord#76 Starting SA optimization (tolerance=4)
2026-02-10 13:36:02 - INFO - chord#76 roll#1 Early stop: no improvement for 50 iterations (max_no_improve=50)
2026-02-10 13:36:02 - INFO - chord#76 SA complete: score=45.0 after 49 iterations
2026-02-10 13:36:02 - INFO - chord#76 Starting SA optimization (tolerance=4)
2026-02-10 13:36:02 - INFO - chord#76 roll#2 Early stop: no improvement for 50 iterations (max_no_improve=50)
2026-02-10 13:36:02 - INFO - chord#76 SA complete: score=45.0 after 78 iterations
2026-02-10 13:36:02 - INFO - chord#76 Starting SA optimization (tolerance=4)
2026-02-10 13:36:02 - INFO - chord#76 roll#3 Early stop: no improvement for 50 iterations (max_no_improve=50)
2026-02-10 13:36:02 - INFO - chord#76 SA complete: score=45.0 after 75 iterations
2026-02-10 13:36:02 - INFO - chord#76 Starting SA optimization (tolerance=4)
2026-02-10 13:36:02 - INFO - chord#76 roll#4 Early stop: no improvement for 50 iterations (max_no_improve=50)
2026-02-10 13:36:02 - INFO - chord#76 SA complete: score=45.0 after 56 iterations
2026-02-10 13:36:02 - INFO - chord#76 Starting SA optimization (tolerance=4)
2026-02-10 13:36:02 - INFO - chord#76 roll#5 Early stop: no improvement for 50 iterations (max_no_improve=50)
2026-02-10 13:36:02 - INFO - chord#76 SA complete: score=45.0 after 64 iterations
2026-02-10 13:36:02 - INFO - chord#76 Starting SA optimization (tolerance=4)
2026-02-10 13:36:02 - INFO - chord#76 roll#6 Early stop: no improvement for 50 iterations (max_no_improve=50)
2026-02-10 13:36:02 - INFO - chord#76 SA complete: score=45.0 after 61 iterations
2026-02-10 13:36:02 - INFO - chord#76 Best roll: 1/6, score=45.0
2026-02-10 13:36:02 - INFO - chord#80 Starting SA optimization (tolerance=4)
2026-02-10 13:36:02 - INFO - chord#80 roll#1 Early stop: no improvement for 50 iterations (max_no_improve=50)
2026-02-10 13:36:02 - INFO - chord#80 SA complete: score=43.0 after 69 iterations
2026-02-10 13:36:02 - INFO - chord#80 Starting SA optimization (tolerance=4)
2026-02-10 13:36:02 - INFO - chord#80 roll#2 Early stop: no improvement for 50 iterations (max_no_improve=50)
2026-02-10 13:36:02 - INFO - chord#80 SA complete: score=43.0 after 57 iterations
2026-02-10 13:36:02 - INFO - chord#80 Starting SA optimization (tolerance=4)
2026-02-10 13:36:02 - INFO - chord#80 roll#3 Early stop: no improvement for 50 iterations (max_no_improve=50)
2026-02-10 13:36:02 - INFO - chord#80 SA complete: score=43.0 after 73 iterations
2026-02-10 13:36:02 - INFO - chord#80 Starting SA optimization (tolerance=4)
2026-02-10 13:36:02 - INFO - chord#80 roll#4 Early stop: no improvement for 50 iterations (max_no_improve=50)
2026-02-10 13:36:02 - INFO - chord#80 SA complete: score=43.0 after 61 iterations
2026-02-10 13:36:02 - INFO - chord#80 Starting SA optimization (tolerance=4)
2026-02-10 13:36:02 - INFO - chord#80 roll#5 Early stop: no improvement for 50 iterations (max_no_improve=50)
2026-02-10 13:36:02 - INFO - chord#80 SA complete: score=43.0 after 52 iterations
2026-02-10 13:36:02 - INFO - chord#80 Starting SA optimization (tolerance=4)
2026-02-10 13:36:02 - INFO - chord#80 roll#6 Early stop: no improvement for 50 iterations (max_no_improve=50)
2026-02-10 13:36:02 - INFO - chord#80 SA complete: score=43.0 after 72 iterations
2026-02-10 13:36:02 - INFO - chord#80 Best roll: 1/6, score=43.0
2026-02-10 13:36:02 - INFO - chord#84 Starting SA optimization (tolerance=4)
2026-02-10 13:36:02 - INFO - chord#84 roll#1 Early stop: no improvement for 50 iterations (max_no_improve=50)
2026-02-10 13:36:02 - INFO - chord#84 SA complete: score=43.0 after 68 iterations
2026-02-10 13:36:02 - INFO - chord#84 Starting SA optimization (tolerance=4)
2026-02-10 13:36:02 - INFO - chord#84 roll#2 Early stop: no improvement for 50 iterations (max_no_improve=50)
2026-02-10 13:36:02 - INFO - chord#84 SA complete: score=43.0 after 50 iterations
2026-02-10 13:36:02 - INFO - chord#84 Starting SA optimization (tolerance=4)
2026-02-10 13:36:02 - INFO - chord#84 roll#3 Early stop: no improvement for 50 iterations (max_no_improve=50)
2026-02-10 13:36:02 - INFO - chord#84 SA complete: score=43.0 after 56 iterations
2026-02-10 13:36:02 - INFO - chord#84 Starting SA optimization (tolerance=4)
2026-02-10 13:36:02 - INFO - chord#84 roll#4 Early stop: no improvement for 50 iterations (max_no_improve=50)
2026-02-10 13:36:02 - INFO - chord#84 SA complete: score=43.0 after 74 iterations
2026-02-10 13:36:02 - INFO - chord#84 Starting SA optimization (tolerance=4)
2026-02-10 13:36:02 - INFO - chord#84 roll#5 Early stop: no improvement for 50 iterations (max_no_improve=50)
2026-02-10 13:36:02 - INFO - chord#84 SA complete: score=43.0 after 59 iterations
2026-02-10 13:36:02 - INFO - chord#84 Starting SA optimization (tolerance=4)
2026-02-10 13:36:02 - INFO - chord#84 roll#6 Early stop: no improvement for 50 iterations (max_no_improve=50)
2026-02-10 13:36:02 - INFO - chord#84 SA complete: score=43.0 after 87 iterations
2026-02-10 13:36:02 - INFO - chord#84 Best roll: 1/6, score=43.0
2026-02-10 13:36:02 - INFO - chord#88 Starting SA optimization (tolerance=4)
2026-02-10 13:36:02 - INFO - chord#88 roll#1 Early stop: no improvement for 50 iterations (max_no_improve=50)
2026-02-10 13:36:02 - INFO - chord#88 SA complete: score=107.0 after 96 iterations
2026-02-10 13:36:02 - INFO - chord#88 Starting SA optimization (tolerance=4)
2026-02-10 13:36:02 - INFO - in _select_ratios: no allowed intervals after step 2 cent delta filter. returning empty list.
2026-02-10 13:36:02 - INFO - deltas.shape = (3,), deltas = array([49, 54, 59])
2026-02-10 13:36:02 - INFO - in _select_ratios: no allowed intervals after step 2 cent delta filter. returning empty list.
2026-02-10 13:36:02 - INFO - deltas.shape = (3,), deltas = array([49, 54, 59])
2026-02-10 13:36:02 - INFO - in _select_ratios: no allowed intervals after step 2 cent delta filter. returning empty list.
2026-02-10 13:36:02 - INFO - in _select_ratios: no allowed intervals after step 2 cent delta filter. returning empty list.
2026-02-10 13:36:02 - INFO - deltas.shape = (3,), deltas = array([49, 54, 59])
2026-02-10 13:36:02 - INFO - in _select_ratios: no allowed intervals after step 2 cent delta filter. returning empty list.
2026-02-10 13:36:02 - INFO - in _select_ratios: no allowed intervals after step 2 cent delta filter. returning empty list.
2026-02-10 13:36:02 - INFO - deltas.shape = (3,), deltas = array([49, 54, 59])
2026-02-10 13:36:02 - INFO - in _select_ratios: no allowed intervals after step 2 cent delta filter. returning empty list.
2026-02-10 13:36:02 - INFO - deltas.shape = (3,), deltas = array([49, 54, 59])
2026-02-10 13:36:02 - INFO - in _select_ratios: no allowed intervals after step 2 cent delta filter. returning empty list.
2026-02-10 13:36:02 - INFO - in _select_ratios: no allowed intervals after step 2 cent delta filter. returning empty list.
2026-02-10 13:36:02 - INFO - in _select_ratios: no allowed intervals after step 2 cent delta filter. returning empty list.
2026-02-10 13:36:03 - INFO - chord#88 roll#2 Early stop: no improvement for 50 iterations (max_no_improve=50)
2026-02-10 13:36:03 - INFO - chord#88 SA complete: score=82.0 after 131 iterations
2026-02-10 13:36:03 - INFO - chord#88 Starting SA optimization (tolerance=4)
2026-02-10 13:36:03 - INFO - in _select_ratios: no allowed intervals after step 2 cent delta filter. returning empty list.
2026-02-10 13:36:03 - INFO - deltas.shape = (4,), deltas = array([42, 47, 52, 58])
2026-02-10 13:36:03 - INFO - in _select_ratios: no allowed intervals after step 2 cent delta filter. returning empty list.
2026-02-10 13:36:03 - INFO - in _select_ratios: no allowed intervals after step 2 cent delta filter. returning empty list.
2026-02-10 13:36:03 - INFO - deltas.shape = (3,), deltas = array([53, 58, 63])
2026-02-10 13:36:03 - INFO - in _select_ratios: no allowed intervals after step 2 cent delta filter. returning empty list.
2026-02-10 13:36:03 - INFO - deltas.shape = (4,), deltas = array([44, 49, 54, 60])
2026-02-10 13:36:03 - INFO - in _select_ratios: no allowed intervals after step 2 cent delta filter. returning empty list.
2026-02-10 13:36:03 - INFO - deltas.shape = (4,), deltas = array([43, 48, 53, 59])
2026-02-10 13:36:03 - INFO - in _select_ratios: no allowed intervals after step 2 cent delta filter. returning empty list.
2026-02-10 13:36:03 - INFO - deltas.shape = (4,), deltas = array([45, 50, 55, 61])
2026-02-10 13:36:03 - INFO - in _select_ratios: no allowed intervals after step 2 cent delta filter. returning empty list.
2026-02-10 13:36:03 - INFO - in _select_ratios: no allowed intervals after step 2 cent delta filter. returning empty list.
2026-02-10 13:36:03 - INFO - in _select_ratios: no allowed intervals after step 2 cent delta filter. returning empty list.
2026-02-10 13:36:03 - INFO - deltas.shape = (3,), deltas = array([53, 58, 63])
2026-02-10 13:36:03 - INFO - in _select_ratios: no allowed intervals after step 2 cent delta filter. returning empty list.
2026-02-10 13:36:03 - INFO - in _select_ratios: no allowed intervals after step 2 cent delta filter. returning empty list.
2026-02-10 13:36:03 - INFO - deltas.shape = (4,), deltas = array([44, 49, 54, 60])
2026-02-10 13:36:03 - INFO - in _select_ratios: no allowed intervals after step 2 cent delta filter. returning empty list.
2026-02-10 13:36:03 - INFO - chord#88 roll#3 Early stop: no improvement for 50 iterations (max_no_improve=50)
2026-02-10 13:36:03 - INFO - chord#88 SA complete: score=146.0 after 55 iterations
2026-02-10 13:36:03 - INFO - chord#88 Starting SA optimization (tolerance=4)
2026-02-10 13:36:03 - INFO - chord#88 roll#4 Early stop: no improvement for 50 iterations (max_no_improve=50)
2026-02-10 13:36:03 - INFO - chord#88 SA complete: score=82.0 after 107 iterations
2026-02-10 13:36:03 - INFO - chord#88 Starting SA optimization (tolerance=4)
2026-02-10 13:36:03 - INFO - chord#88 roll#5 Early stop: no improvement for 50 iterations (max_no_improve=50)
2026-02-10 13:36:03 - INFO - chord#88 SA complete: score=109.0 after 86 iterations
2026-02-10 13:36:03 - INFO - chord#88 Starting SA optimization (tolerance=4)
2026-02-10 13:36:03 - INFO - deltas.shape = (3,), deltas = array([51, 56, 61])
2026-02-10 13:36:03 - INFO - in _select_ratios: no allowed intervals after step 2 cent delta filter. returning empty list.
2026-02-10 13:36:03 - INFO - deltas.shape = (3,), deltas = array([51, 56, 61])
2026-02-10 13:36:03 - INFO - in _select_ratios: no allowed intervals after step 2 cent delta filter. returning empty list.
2026-02-10 13:36:03 - INFO - deltas.shape = (4,), deltas = array([45, 50, 55, 61])
2026-02-10 13:36:03 - INFO - in _select_ratios: no allowed intervals after step 2 cent delta filter. returning empty list.
2026-02-10 13:36:03 - INFO - deltas.shape = (4,), deltas = array([45, 50, 55, 61])
2026-02-10 13:36:03 - INFO - in _select_ratios: no allowed intervals after step 2 cent delta filter. returning empty list.
2026-02-10 13:36:03 - INFO - deltas.shape = (3,), deltas = array([51, 56, 61])
2026-02-10 13:36:03 - INFO - in _select_ratios: no allowed intervals after step 2 cent delta filter. returning empty list.
2026-02-10 13:36:03 - INFO - deltas.shape = (4,), deltas = array([45, 50, 55, 61])
2026-02-10 13:36:03 - INFO - in _select_ratios: no allowed intervals after step 2 cent delta filter. returning empty list.
2026-02-10 13:36:03 - INFO - chord#88 roll#6 Early stop: no improvement for 50 iterations (max_no_improve=50)
2026-02-10 13:36:03 - INFO - chord#88 SA complete: score=82.0 after 74 iterations
2026-02-10 13:36:03 - INFO - chord#88 Starting SA optimization (tolerance=4)
2026-02-10 13:36:03 - INFO - in _select_ratios: no allowed intervals after step 2 cent delta filter. returning empty list.
2026-02-10 13:36:03 - INFO - deltas.shape = (4,), deltas = array([42, 47, 52, 58])
2026-02-10 13:36:03 - INFO - in _select_ratios: no allowed intervals after step 2 cent delta filter. returning empty list.
2026-02-10 13:36:03 - INFO - deltas.shape = (4,), deltas = array([48, 53, 58, 64])
2026-02-10 13:36:03 - INFO - in _select_ratios: no allowed intervals after step 2 cent delta filter. returning empty list.
2026-02-10 13:36:03 - INFO - deltas.shape = (3,), deltas = array([50, 55, 60])
2026-02-10 13:36:03 - INFO - in _select_ratios: no allowed intervals after step 2 cent delta filter. returning empty list.
2026-02-10 13:36:03 - INFO - in _select_ratios: no allowed intervals after step 2 cent delta filter. returning empty list.
2026-02-10 13:36:03 - INFO - deltas.shape = (4,), deltas = array([45, 50, 55, 61])
2026-02-10 13:36:03 - INFO - in _select_ratios: no allowed intervals after step 2 cent delta filter. returning empty list.
2026-02-10 13:36:03 - INFO - deltas.shape = (4,), deltas = array([42, 47, 52, 58])
2026-02-10 13:36:03 - INFO - in _select_ratios: no allowed intervals after step 2 cent delta filter. returning empty list.
2026-02-10 13:36:03 - INFO - deltas.shape = (3,), deltas = array([50, 55, 60])
2026-02-10 13:36:03 - INFO - in _select_ratios: no allowed intervals after step 2 cent delta filter. returning empty list.
2026-02-10 13:36:03 - INFO - deltas.shape = (4,), deltas = array([42, 47, 52, 58])
2026-02-10 13:36:03 - INFO - in _select_ratios: no allowed intervals after step 2 cent delta filter. returning empty list.
2026-02-10 13:36:03 - INFO - deltas.shape = (3,), deltas = array([50, 55, 60])
2026-02-10 13:36:03 - INFO - in _select_ratios: no allowed intervals after step 2 cent delta filter. returning empty list.
2026-02-10 13:36:03 - INFO - deltas.shape = (4,), deltas = array([48, 53, 58, 64])
2026-02-10 13:36:03 - INFO - in _select_ratios: no allowed intervals after step 2 cent delta filter. returning empty list.
2026-02-10 13:36:03 - INFO - deltas.shape = (4,), deltas = array([48, 53, 58, 64])
2026-02-10 13:36:03 - INFO - in _select_ratios: no allowed intervals after step 2 cent delta filter. returning empty list.
2026-02-10 13:36:03 - INFO - chord#88 roll#7 Early stop: no improvement for 50 iterations (max_no_improve=50)
2026-02-10 13:36:03 - INFO - chord#88 SA complete: score=82.0 after 110 iterations
2026-02-10 13:36:03 - INFO - chord#88 Best roll: 2/7, score=82.0
2026-02-10 13:36:03 - INFO - chord#90 Starting SA optimization (tolerance=4)
2026-02-10 13:36:03 - INFO - chord#90 roll#1 Early stop: no improvement for 50 iterations (max_no_improve=50)
2026-02-10 13:36:03 - INFO - chord#90 SA complete: score=45.0 after 64 iterations
2026-02-10 13:36:03 - INFO - chord#90 Starting SA optimization (tolerance=4)
2026-02-10 13:36:03 - INFO - chord#90 roll#2 Early stop: no improvement for 50 iterations (max_no_improve=50)
2026-02-10 13:36:03 - INFO - chord#90 SA complete: score=45.0 after 62 iterations
2026-02-10 13:36:03 - INFO - chord#90 Starting SA optimization (tolerance=4)
2026-02-10 13:36:03 - INFO - chord#90 roll#3 Early stop: no improvement for 50 iterations (max_no_improve=50)
2026-02-10 13:36:03 - INFO - chord#90 SA complete: score=45.0 after 50 iterations
2026-02-10 13:36:03 - INFO - chord#90 Starting SA optimization (tolerance=4)
2026-02-10 13:36:03 - INFO - chord#90 roll#4 Early stop: no improvement for 50 iterations (max_no_improve=50)
2026-02-10 13:36:03 - INFO - chord#90 SA complete: score=45.0 after 64 iterations
2026-02-10 13:36:03 - INFO - chord#90 Starting SA optimization (tolerance=4)
2026-02-10 13:36:03 - INFO - chord#90 roll#5 Early stop: no improvement for 50 iterations (max_no_improve=50)
2026-02-10 13:36:03 - INFO - chord#90 SA complete: score=45.0 after 61 iterations
2026-02-10 13:36:03 - INFO - chord#90 Starting SA optimization (tolerance=4)
2026-02-10 13:36:03 - INFO - chord#90 roll#6 Early stop: no improvement for 50 iterations (max_no_improve=50)
2026-02-10 13:36:03 - INFO - chord#90 SA complete: score=45.0 after 82 iterations
2026-02-10 13:36:03 - INFO - chord#90 Best roll: 1/6, score=45.0
2026-02-10 13:36:03 - INFO - chord#92 Starting SA optimization (tolerance=4)
2026-02-10 13:36:03 - INFO - chord#92 roll#1 Early stop: no improvement for 50 iterations (max_no_improve=50)
2026-02-10 13:36:03 - INFO - chord#92 SA complete: score=47.0 after 58 iterations
2026-02-10 13:36:03 - INFO - chord#92 Starting SA optimization (tolerance=4)
2026-02-10 13:36:03 - INFO - chord#92 roll#2 Early stop: no improvement for 50 iterations (max_no_improve=50)
2026-02-10 13:36:03 - INFO - chord#92 SA complete: score=47.0 after 57 iterations
2026-02-10 13:36:03 - INFO - chord#92 Starting SA optimization (tolerance=4)
2026-02-10 13:36:03 - INFO - chord#92 roll#3 Early stop: no improvement for 50 iterations (max_no_improve=50)
2026-02-10 13:36:03 - INFO - chord#92 SA complete: score=47.0 after 60 iterations
2026-02-10 13:36:03 - INFO - chord#92 Starting SA optimization (tolerance=4)
2026-02-10 13:36:03 - INFO - chord#92 roll#4 Early stop: no improvement for 50 iterations (max_no_improve=50)
2026-02-10 13:36:03 - INFO - chord#92 SA complete: score=47.0 after 145 iterations
2026-02-10 13:36:03 - INFO - chord#92 Starting SA optimization (tolerance=4)
2026-02-10 13:36:03 - INFO - chord#92 roll#5 Early stop: no improvement for 50 iterations (max_no_improve=50)
2026-02-10 13:36:03 - INFO - chord#92 SA complete: score=47.0 after 49 iterations
2026-02-10 13:36:03 - INFO - chord#92 Starting SA optimization (tolerance=4)
2026-02-10 13:36:03 - INFO - chord#92 roll#6 Early stop: no improvement for 50 iterations (max_no_improve=50)
2026-02-10 13:36:03 - INFO - chord#92 SA complete: score=47.0 after 76 iterations
2026-02-10 13:36:03 - INFO - chord#92 Best roll: 1/6, score=47.0
2026-02-10 13:36:03 - INFO - chord#94 Starting SA optimization (tolerance=4)
2026-02-10 13:36:03 - INFO - chord#94 roll#1 Early stop: no improvement for 50 iterations (max_no_improve=50)
2026-02-10 13:36:03 - INFO - chord#94 SA complete: score=107.0 after 65 iterations
2026-02-10 13:36:03 - INFO - chord#94 Starting SA optimization (tolerance=4)
2026-02-10 13:36:03 - INFO - chord#94 roll#2 Early stop: no improvement for 50 iterations (max_no_improve=50)
2026-02-10 13:36:03 - INFO - chord#94 SA complete: score=95.0 after 77 iterations
2026-02-10 13:36:03 - INFO - chord#94 Starting SA optimization (tolerance=4)
2026-02-10 13:36:03 - INFO - chord#94 roll#3 Early stop: no improvement for 50 iterations (max_no_improve=50)
2026-02-10 13:36:03 - INFO - chord#94 SA complete: score=90.0 after 102 iterations
2026-02-10 13:36:03 - INFO - chord#94 Starting SA optimization (tolerance=4)
2026-02-10 13:36:03 - INFO - chord#94 roll#4 Early stop: no improvement for 50 iterations (max_no_improve=50)
2026-02-10 13:36:03 - INFO - chord#94 SA complete: score=95.0 after 50 iterations
2026-02-10 13:36:03 - INFO - chord#94 Starting SA optimization (tolerance=4)
2026-02-10 13:36:03 - INFO - chord#94 roll#5 Early stop: no improvement for 50 iterations (max_no_improve=50)
2026-02-10 13:36:03 - INFO - chord#94 SA complete: score=83.0 after 52 iterations
2026-02-10 13:36:03 - INFO - chord#94 Starting SA optimization (tolerance=4)
2026-02-10 13:36:03 - INFO - chord#94 roll#6 Early stop: no improvement for 50 iterations (max_no_improve=50)
2026-02-10 13:36:03 - INFO - chord#94 SA complete: score=92.0 after 162 iterations
2026-02-10 13:36:03 - INFO - chord#94 Starting SA optimization (tolerance=4)
2026-02-10 13:36:03 - INFO - chord#94 roll#7 Early stop: no improvement for 50 iterations (max_no_improve=50)
2026-02-10 13:36:03 - INFO - chord#94 SA complete: score=78.0 after 93 iterations
2026-02-10 13:36:03 - INFO - chord#94 Starting SA optimization (tolerance=4)
2026-02-10 13:36:03 - INFO - chord#94 roll#8 Early stop: no improvement for 50 iterations (max_no_improve=50)
2026-02-10 13:36:03 - INFO - chord#94 SA complete: score=90.0 after 94 iterations
2026-02-10 13:36:03 - INFO - chord#94 Best roll: 7/8, score=78.0
2026-02-10 13:36:03 - INFO - chord#96 Starting SA optimization (tolerance=4)
2026-02-10 13:36:04 - INFO - chord#96 roll#1 Early stop: no improvement for 50 iterations (max_no_improve=50)
2026-02-10 13:36:04 - INFO - chord#96 SA complete: score=75.0 after 50 iterations
2026-02-10 13:36:04 - INFO - chord#96 Starting SA optimization (tolerance=4)
2026-02-10 13:36:04 - INFO - chord#96 roll#2 Early stop: no improvement for 50 iterations (max_no_improve=50)
2026-02-10 13:36:04 - INFO - chord#96 SA complete: score=70.0 after 85 iterations
2026-02-10 13:36:04 - INFO - chord#96 Starting SA optimization (tolerance=4)
2026-02-10 13:36:04 - INFO - chord#96 roll#3 Early stop: no improvement for 50 iterations (max_no_improve=50)
2026-02-10 13:36:04 - INFO - chord#96 SA complete: score=96.0 after 76 iterations
2026-02-10 13:36:04 - INFO - chord#96 Starting SA optimization (tolerance=4)
2026-02-10 13:36:04 - INFO - chord#96 roll#4 Early stop: no improvement for 50 iterations (max_no_improve=50)
2026-02-10 13:36:04 - INFO - chord#96 SA complete: score=70.0 after 90 iterations
2026-02-10 13:36:04 - INFO - chord#96 Starting SA optimization (tolerance=4)
2026-02-10 13:36:04 - INFO - chord#96 roll#5 Early stop: no improvement for 50 iterations (max_no_improve=50)
2026-02-10 13:36:04 - INFO - chord#96 SA complete: score=86.0 after 75 iterations
2026-02-10 13:36:04 - INFO - chord#96 Starting SA optimization (tolerance=4)
2026-02-10 13:36:04 - INFO - chord#96 roll#6 Early stop: no improvement for 50 iterations (max_no_improve=50)
2026-02-10 13:36:04 - INFO - chord#96 SA complete: score=70.0 after 67 iterations
2026-02-10 13:36:04 - INFO - chord#96 Starting SA optimization (tolerance=4)
2026-02-10 13:36:04 - INFO - chord#96 roll#7 Early stop: no improvement for 50 iterations (max_no_improve=50)
2026-02-10 13:36:04 - INFO - chord#96 SA complete: score=104.0 after 68 iterations
2026-02-10 13:36:04 - INFO - chord#96 Best roll: 2/7, score=70.0
2026-02-10 13:36:04 - INFO - chord#98 Starting SA optimization (tolerance=4)
2026-02-10 13:36:04 - INFO - chord#98 roll#1 Early stop: no improvement for 50 iterations (max_no_improve=50)
2026-02-10 13:36:04 - INFO - chord#98 SA complete: score=43.0 after 67 iterations
2026-02-10 13:36:04 - INFO - chord#98 Starting SA optimization (tolerance=4)
2026-02-10 13:36:04 - INFO - chord#98 roll#2 Early stop: no improvement for 50 iterations (max_no_improve=50)
2026-02-10 13:36:04 - INFO - chord#98 SA complete: score=43.0 after 63 iterations
2026-02-10 13:36:04 - INFO - chord#98 Starting SA optimization (tolerance=4)
2026-02-10 13:36:04 - INFO - chord#98 roll#3 Early stop: no improvement for 50 iterations (max_no_improve=50)
2026-02-10 13:36:04 - INFO - chord#98 SA complete: score=43.0 after 59 iterations
2026-02-10 13:36:04 - INFO - chord#98 Starting SA optimization (tolerance=4)
2026-02-10 13:36:04 - INFO - chord#98 roll#4 Early stop: no improvement for 50 iterations (max_no_improve=50)
2026-02-10 13:36:04 - INFO - chord#98 SA complete: score=43.0 after 56 iterations
2026-02-10 13:36:04 - INFO - chord#98 Starting SA optimization (tolerance=4)
2026-02-10 13:36:04 - INFO - chord#98 roll#5 Early stop: no improvement for 50 iterations (max_no_improve=50)
2026-02-10 13:36:04 - INFO - chord#98 SA complete: score=43.0 after 56 iterations
2026-02-10 13:36:04 - INFO - chord#98 Starting SA optimization (tolerance=4)
2026-02-10 13:36:04 - INFO - chord#98 roll#6 Early stop: no improvement for 50 iterations (max_no_improve=50)
2026-02-10 13:36:04 - INFO - chord#98 SA complete: score=103.0 after 54 iterations
2026-02-10 13:36:04 - INFO - chord#98 Best roll: 1/6, score=43.0
2026-02-10 13:36:04 - INFO - chord#100 Starting SA optimization (tolerance=4)
2026-02-10 13:36:04 - INFO - chord#100 roll#1 Early stop: no improvement for 50 iterations (max_no_improve=50)
2026-02-10 13:36:04 - INFO - chord#100 SA complete: score=45.0 after 49 iterations
2026-02-10 13:36:04 - INFO - chord#100 Starting SA optimization (tolerance=4)
2026-02-10 13:36:04 - INFO - chord#100 roll#2 Early stop: no improvement for 50 iterations (max_no_improve=50)
2026-02-10 13:36:04 - INFO - chord#100 SA complete: score=45.0 after 91 iterations
2026-02-10 13:36:04 - INFO - chord#100 Starting SA optimization (tolerance=4)
2026-02-10 13:36:04 - INFO - chord#100 roll#3 Early stop: no improvement for 50 iterations (max_no_improve=50)
2026-02-10 13:36:04 - INFO - chord#100 SA complete: score=45.0 after 50 iterations
2026-02-10 13:36:04 - INFO - chord#100 Starting SA optimization (tolerance=4)
2026-02-10 13:36:04 - INFO - chord#100 roll#4 Early stop: no improvement for 50 iterations (max_no_improve=50)
2026-02-10 13:36:04 - INFO - chord#100 SA complete: score=45.0 after 69 iterations
2026-02-10 13:36:04 - INFO - chord#100 Starting SA optimization (tolerance=4)
2026-02-10 13:36:04 - INFO - chord#100 roll#5 Early stop: no improvement for 50 iterations (max_no_improve=50)
2026-02-10 13:36:04 - INFO - chord#100 SA complete: score=45.0 after 51 iterations
2026-02-10 13:36:04 - INFO - chord#100 Starting SA optimization (tolerance=4)
2026-02-10 13:36:04 - INFO - chord#100 roll#6 Early stop: no improvement for 50 iterations (max_no_improve=50)
2026-02-10 13:36:04 - INFO - chord#100 SA complete: score=45.0 after 58 iterations
2026-02-10 13:36:04 - INFO - chord#100 Best roll: 1/6, score=45.0
2026-02-10 13:36:04 - INFO - chord#102 Starting SA optimization (tolerance=4)
2026-02-10 13:36:04 - INFO - chord#102 roll#1 Early stop: no improvement for 50 iterations (max_no_improve=50)
2026-02-10 13:36:04 - INFO - chord#102 SA complete: score=43.0 after 58 iterations
2026-02-10 13:36:04 - INFO - chord#102 Starting SA optimization (tolerance=4)
2026-02-10 13:36:04 - INFO - chord#102 roll#2 Early stop: no improvement for 50 iterations (max_no_improve=50)
2026-02-10 13:36:04 - INFO - chord#102 SA complete: score=59.0 after 61 iterations
2026-02-10 13:36:04 - INFO - chord#102 Starting SA optimization (tolerance=4)
2026-02-10 13:36:04 - INFO - chord#102 roll#3 Early stop: no improvement for 50 iterations (max_no_improve=50)
2026-02-10 13:36:04 - INFO - chord#102 SA complete: score=43.0 after 102 iterations
2026-02-10 13:36:04 - INFO - chord#102 Starting SA optimization (tolerance=4)
2026-02-10 13:36:04 - INFO - chord#102 roll#4 Early stop: no improvement for 50 iterations (max_no_improve=50)
2026-02-10 13:36:04 - INFO - chord#102 SA complete: score=43.0 after 64 iterations
2026-02-10 13:36:04 - INFO - chord#102 Starting SA optimization (tolerance=4)
2026-02-10 13:36:04 - INFO - chord#102 roll#5 Early stop: no improvement for 50 iterations (max_no_improve=50)
2026-02-10 13:36:04 - INFO - chord#102 SA complete: score=43.0 after 83 iterations
2026-02-10 13:36:04 - INFO - chord#102 Starting SA optimization (tolerance=4)
2026-02-10 13:36:04 - INFO - chord#102 roll#6 Early stop: no improvement for 50 iterations (max_no_improve=50)
2026-02-10 13:36:04 - INFO - chord#102 SA complete: score=43.0 after 65 iterations
2026-02-10 13:36:04 - INFO - chord#102 Best roll: 1/6, score=43.0
2026-02-10 13:36:04 - INFO - chord#103 Starting SA optimization (tolerance=4)
2026-02-10 13:36:04 - INFO - chord#103 roll#1 Early stop: no improvement for 50 iterations (max_no_improve=50)
2026-02-10 13:36:04 - INFO - chord#103 SA complete: score=119.0 after 82 iterations
2026-02-10 13:36:04 - INFO - chord#103 Starting SA optimization (tolerance=4)
2026-02-10 13:36:04 - INFO - chord#103 roll#2 Early stop: no improvement for 50 iterations (max_no_improve=50)
2026-02-10 13:36:04 - INFO - chord#103 SA complete: score=67.0 after 75 iterations
2026-02-10 13:36:04 - INFO - chord#103 Starting SA optimization (tolerance=4)
2026-02-10 13:36:04 - INFO - chord#103 roll#3 Early stop: no improvement for 50 iterations (max_no_improve=50)
2026-02-10 13:36:04 - INFO - chord#103 SA complete: score=90.0 after 109 iterations
2026-02-10 13:36:04 - INFO - chord#103 Starting SA optimization (tolerance=4)
2026-02-10 13:36:04 - INFO - chord#103 roll#4 Early stop: no improvement for 50 iterations (max_no_improve=50)
2026-02-10 13:36:04 - INFO - chord#103 SA complete: score=91.0 after 82 iterations
2026-02-10 13:36:04 - INFO - chord#103 Starting SA optimization (tolerance=4)
2026-02-10 13:36:04 - INFO - chord#103 roll#5 Early stop: no improvement for 50 iterations (max_no_improve=50)
2026-02-10 13:36:04 - INFO - chord#103 SA complete: score=87.0 after 60 iterations
2026-02-10 13:36:04 - INFO - chord#103 Starting SA optimization (tolerance=4)
2026-02-10 13:36:04 - INFO - chord#103 roll#6 Early stop: no improvement for 50 iterations (max_no_improve=50)
2026-02-10 13:36:04 - INFO - chord#103 SA complete: score=67.0 after 96 iterations
2026-02-10 13:36:04 - INFO - chord#103 Starting SA optimization (tolerance=4)
2026-02-10 13:36:04 - INFO - chord#103 roll#7 Early stop: no improvement for 50 iterations (max_no_improve=50)
2026-02-10 13:36:04 - INFO - chord#103 SA complete: score=125.0 after 84 iterations
2026-02-10 13:36:04 - INFO - chord#103 Best roll: 2/7, score=67.0
2026-02-10 13:36:04 - INFO - chord#104 Starting SA optimization (tolerance=4)
2026-02-10 13:36:04 - INFO - chord#104 roll#1 Early stop: no improvement for 50 iterations (max_no_improve=50)
2026-02-10 13:36:04 - INFO - chord#104 SA complete: score=65.0 after 55 iterations
2026-02-10 13:36:04 - INFO - chord#104 Starting SA optimization (tolerance=4)
2026-02-10 13:36:04 - INFO - chord#104 roll#2 Early stop: no improvement for 50 iterations (max_no_improve=50)
2026-02-10 13:36:04 - INFO - chord#104 SA complete: score=47.0 after 101 iterations
2026-02-10 13:36:04 - INFO - chord#104 Starting SA optimization (tolerance=4)
2026-02-10 13:36:05 - INFO - chord#104 roll#3 Early stop: no improvement for 50 iterations (max_no_improve=50)
2026-02-10 13:36:05 - INFO - chord#104 SA complete: score=47.0 after 86 iterations
2026-02-10 13:36:05 - INFO - chord#104 Starting SA optimization (tolerance=4)
2026-02-10 13:36:05 - INFO - chord#104 roll#4 Early stop: no improvement for 50 iterations (max_no_improve=50)
2026-02-10 13:36:05 - INFO - chord#104 SA complete: score=63.0 after 58 iterations
2026-02-10 13:36:05 - INFO - chord#104 Starting SA optimization (tolerance=4)
2026-02-10 13:36:05 - INFO - chord#104 roll#5 Early stop: no improvement for 50 iterations (max_no_improve=50)
2026-02-10 13:36:05 - INFO - chord#104 SA complete: score=47.0 after 94 iterations
2026-02-10 13:36:05 - INFO - chord#104 Starting SA optimization (tolerance=4)
2026-02-10 13:36:05 - INFO - chord#104 roll#6 Early stop: no improvement for 50 iterations (max_no_improve=50)
2026-02-10 13:36:05 - INFO - chord#104 SA complete: score=47.0 after 57 iterations
2026-02-10 13:36:05 - INFO - chord#104 Starting SA optimization (tolerance=4)
2026-02-10 13:36:05 - INFO - chord#104 roll#7 Early stop: no improvement for 50 iterations (max_no_improve=50)
2026-02-10 13:36:05 - INFO - chord#104 SA complete: score=47.0 after 99 iterations
2026-02-10 13:36:05 - INFO - chord#104 Best roll: 2/7, score=47.0
2026-02-10 13:36:05 - INFO - chord#106 Starting SA optimization (tolerance=4)
2026-02-10 13:36:05 - INFO - chord#106 roll#1 Early stop: no improvement for 50 iterations (max_no_improve=50)
2026-02-10 13:36:05 - INFO - chord#106 SA complete: score=63.0 after 50 iterations
2026-02-10 13:36:05 - INFO - chord#106 Starting SA optimization (tolerance=4)
2026-02-10 13:36:05 - INFO - chord#106 roll#2 Early stop: no improvement for 50 iterations (max_no_improve=50)
2026-02-10 13:36:05 - INFO - chord#106 SA complete: score=67.0 after 89 iterations
2026-02-10 13:36:05 - INFO - chord#106 Starting SA optimization (tolerance=4)
2026-02-10 13:36:05 - INFO - chord#106 roll#3 Early stop: no improvement for 50 iterations (max_no_improve=50)
2026-02-10 13:36:05 - INFO - chord#106 SA complete: score=67.0 after 69 iterations
2026-02-10 13:36:05 - INFO - chord#106 Starting SA optimization (tolerance=4)
2026-02-10 13:36:05 - INFO - chord#106 roll#4 Early stop: no improvement for 50 iterations (max_no_improve=50)
2026-02-10 13:36:05 - INFO - chord#106 SA complete: score=63.0 after 94 iterations
2026-02-10 13:36:05 - INFO - chord#106 Starting SA optimization (tolerance=4)
2026-02-10 13:36:05 - INFO - chord#106 roll#5 Early stop: no improvement for 50 iterations (max_no_improve=50)
2026-02-10 13:36:05 - INFO - chord#106 SA complete: score=67.0 after 60 iterations
2026-02-10 13:36:05 - INFO - chord#106 Starting SA optimization (tolerance=4)
2026-02-10 13:36:05 - INFO - chord#106 roll#6 Early stop: no improvement for 50 iterations (max_no_improve=50)
2026-02-10 13:36:05 - INFO - chord#106 SA complete: score=67.0 after 73 iterations
2026-02-10 13:36:05 - INFO - chord#106 Best roll: 1/6, score=63.0
2026-02-10 13:36:05 - INFO - chord#108 Starting SA optimization (tolerance=4)
2026-02-10 13:36:05 - INFO - chord#108 roll#1 Early stop: no improvement for 50 iterations (max_no_improve=50)
2026-02-10 13:36:05 - INFO - chord#108 SA complete: score=63.0 after 62 iterations
2026-02-10 13:36:05 - INFO - chord#108 Starting SA optimization (tolerance=4)
2026-02-10 13:36:05 - INFO - chord#108 roll#2 Early stop: no improvement for 50 iterations (max_no_improve=50)
2026-02-10 13:36:05 - INFO - chord#108 SA complete: score=47.0 after 51 iterations
2026-02-10 13:36:05 - INFO - chord#108 Starting SA optimization (tolerance=4)
2026-02-10 13:36:05 - INFO - chord#108 roll#3 Early stop: no improvement for 50 iterations (max_no_improve=50)
2026-02-10 13:36:05 - INFO - chord#108 SA complete: score=47.0 after 51 iterations
2026-02-10 13:36:05 - INFO - chord#108 Starting SA optimization (tolerance=4)
2026-02-10 13:36:05 - INFO - chord#108 roll#4 Early stop: no improvement for 50 iterations (max_no_improve=50)
2026-02-10 13:36:05 - INFO - chord#108 SA complete: score=63.0 after 55 iterations
2026-02-10 13:36:05 - INFO - chord#108 Starting SA optimization (tolerance=4)
2026-02-10 13:36:05 - INFO - chord#108 roll#5 Early stop: no improvement for 50 iterations (max_no_improve=50)
2026-02-10 13:36:05 - INFO - chord#108 SA complete: score=65.0 after 71 iterations
2026-02-10 13:36:05 - INFO - chord#108 Starting SA optimization (tolerance=4)
2026-02-10 13:36:05 - INFO - chord#108 roll#6 Early stop: no improvement for 50 iterations (max_no_improve=50)
2026-02-10 13:36:05 - INFO - chord#108 SA complete: score=47.0 after 97 iterations
2026-02-10 13:36:05 - INFO - chord#108 Starting SA optimization (tolerance=4)
2026-02-10 13:36:05 - INFO - chord#108 roll#7 Early stop: no improvement for 50 iterations (max_no_improve=50)
2026-02-10 13:36:05 - INFO - chord#108 SA complete: score=47.0 after 50 iterations
2026-02-10 13:36:05 - INFO - chord#108 Best roll: 2/7, score=47.0
2026-02-10 13:36:05 - INFO - chord#110 Starting SA optimization (tolerance=4)
2026-02-10 13:36:05 - INFO - chord#110 roll#1 Early stop: no improvement for 50 iterations (max_no_improve=50)
2026-02-10 13:36:05 - INFO - chord#110 SA complete: score=111.0 after 83 iterations
2026-02-10 13:36:05 - INFO - chord#110 Starting SA optimization (tolerance=4)
2026-02-10 13:36:05 - INFO - chord#110 roll#2 Early stop: no improvement for 50 iterations (max_no_improve=50)
2026-02-10 13:36:05 - INFO - chord#110 SA complete: score=118.0 after 56 iterations
2026-02-10 13:36:05 - INFO - chord#110 Starting SA optimization (tolerance=4)
2026-02-10 13:36:05 - INFO - chord#110 roll#3 Early stop: no improvement for 50 iterations (max_no_improve=50)
2026-02-10 13:36:05 - INFO - chord#110 SA complete: score=97.0 after 78 iterations
2026-02-10 13:36:05 - INFO - chord#110 Starting SA optimization (tolerance=4)
2026-02-10 13:36:05 - INFO - chord#110 roll#4 Early stop: no improvement for 50 iterations (max_no_improve=50)
2026-02-10 13:36:05 - INFO - chord#110 SA complete: score=97.0 after 83 iterations
2026-02-10 13:36:05 - INFO - chord#110 Starting SA optimization (tolerance=4)
2026-02-10 13:36:05 - INFO - chord#110 roll#5 Early stop: no improvement for 50 iterations (max_no_improve=50)
2026-02-10 13:36:05 - INFO - chord#110 SA complete: score=113.0 after 107 iterations
2026-02-10 13:36:05 - INFO - chord#110 Starting SA optimization (tolerance=4)
2026-02-10 13:36:05 - INFO - chord#110 roll#6 Early stop: no improvement for 50 iterations (max_no_improve=50)
2026-02-10 13:36:05 - INFO - chord#110 SA complete: score=108.0 after 133 iterations
2026-02-10 13:36:05 - INFO - chord#110 Starting SA optimization (tolerance=4)
2026-02-10 13:36:05 - INFO - chord#110 roll#7 Early stop: no improvement for 50 iterations (max_no_improve=50)
2026-02-10 13:36:05 - INFO - chord#110 SA complete: score=113.0 after 92 iterations
2026-02-10 13:36:05 - INFO - chord#110 Starting SA optimization (tolerance=4)
2026-02-10 13:36:05 - INFO - chord#110 roll#8 Early stop: no improvement for 50 iterations (max_no_improve=50)
2026-02-10 13:36:05 - INFO - chord#110 SA complete: score=96.0 after 57 iterations
2026-02-10 13:36:05 - INFO - chord#110 Best roll: 8/8, score=96.0
2026-02-10 13:36:05 - INFO - chord#111 Starting SA optimization (tolerance=4)
2026-02-10 13:36:05 - INFO - chord#111 roll#1 Early stop: no improvement for 50 iterations (max_no_improve=50)
2026-02-10 13:36:05 - INFO - chord#111 SA complete: score=60.0 after 58 iterations
2026-02-10 13:36:05 - INFO - chord#111 Starting SA optimization (tolerance=4)
2026-02-10 13:36:05 - INFO - chord#111 roll#2 Early stop: no improvement for 50 iterations (max_no_improve=50)
2026-02-10 13:36:05 - INFO - chord#111 SA complete: score=60.0 after 54 iterations
2026-02-10 13:36:05 - INFO - chord#111 Starting SA optimization (tolerance=4)
2026-02-10 13:36:05 - INFO - chord#111 roll#3 Early stop: no improvement for 50 iterations (max_no_improve=50)
2026-02-10 13:36:05 - INFO - chord#111 SA complete: score=78.0 after 57 iterations
2026-02-10 13:36:05 - INFO - chord#111 Starting SA optimization (tolerance=4)
2026-02-10 13:36:05 - INFO - chord#111 roll#4 Early stop: no improvement for 50 iterations (max_no_improve=50)
2026-02-10 13:36:05 - INFO - chord#111 SA complete: score=60.0 after 51 iterations
2026-02-10 13:36:05 - INFO - chord#111 Starting SA optimization (tolerance=4)
2026-02-10 13:36:05 - INFO - chord#111 roll#5 Early stop: no improvement for 50 iterations (max_no_improve=50)
2026-02-10 13:36:05 - INFO - chord#111 SA complete: score=60.0 after 57 iterations
2026-02-10 13:36:05 - INFO - chord#111 Starting SA optimization (tolerance=4)
2026-02-10 13:36:05 - INFO - chord#111 roll#6 Early stop: no improvement for 50 iterations (max_no_improve=50)
2026-02-10 13:36:05 - INFO - chord#111 SA complete: score=60.0 after 90 iterations
2026-02-10 13:36:05 - INFO - chord#111 Best roll: 1/6, score=60.0
2026-02-10 13:36:05 - INFO - chord#112 Starting SA optimization (tolerance=4)
2026-02-10 13:36:05 - INFO - chord#112 roll#1 Early stop: no improvement for 50 iterations (max_no_improve=50)
2026-02-10 13:36:05 - INFO - chord#112 SA complete: score=59.0 after 78 iterations
2026-02-10 13:36:05 - INFO - chord#112 Starting SA optimization (tolerance=4)
2026-02-10 13:36:05 - INFO - chord#112 roll#2 Early stop: no improvement for 50 iterations (max_no_improve=50)
2026-02-10 13:36:05 - INFO - chord#112 SA complete: score=43.0 after 55 iterations
2026-02-10 13:36:05 - INFO - chord#112 Starting SA optimization (tolerance=4)
2026-02-10 13:36:05 - INFO - chord#112 roll#3 Early stop: no improvement for 50 iterations (max_no_improve=50)
2026-02-10 13:36:05 - INFO - chord#112 SA complete: score=43.0 after 99 iterations
2026-02-10 13:36:05 - INFO - chord#112 Starting SA optimization (tolerance=4)
2026-02-10 13:36:05 - INFO - chord#112 roll#4 Early stop: no improvement for 50 iterations (max_no_improve=50)
2026-02-10 13:36:05 - INFO - chord#112 SA complete: score=43.0 after 49 iterations
2026-02-10 13:36:05 - INFO - chord#112 Starting SA optimization (tolerance=4)
2026-02-10 13:36:05 - INFO - chord#112 roll#5 Early stop: no improvement for 50 iterations (max_no_improve=50)
2026-02-10 13:36:05 - INFO - chord#112 SA complete: score=59.0 after 50 iterations
2026-02-10 13:36:05 - INFO - chord#112 Starting SA optimization (tolerance=4)
2026-02-10 13:36:06 - INFO - chord#112 roll#6 Early stop: no improvement for 50 iterations (max_no_improve=50)
2026-02-10 13:36:06 - INFO - chord#112 SA complete: score=43.0 after 72 iterations
2026-02-10 13:36:06 - INFO - chord#112 Starting SA optimization (tolerance=4)
2026-02-10 13:36:06 - INFO - chord#112 roll#7 Early stop: no improvement for 50 iterations (max_no_improve=50)
2026-02-10 13:36:06 - INFO - chord#112 SA complete: score=43.0 after 85 iterations
2026-02-10 13:36:06 - INFO - chord#112 Best roll: 2/7, score=43.0
2026-02-10 13:36:06 - INFO - chord#120 Starting SA optimization (tolerance=4)
2026-02-10 13:36:06 - INFO - chord#120 roll#1 Early stop: no improvement for 50 iterations (max_no_improve=50)
2026-02-10 13:36:06 - INFO - chord#120 SA complete: score=43.0 after 125 iterations
2026-02-10 13:36:06 - INFO - chord#120 Starting SA optimization (tolerance=4)
2026-02-10 13:36:06 - INFO - chord#120 roll#2 Early stop: no improvement for 50 iterations (max_no_improve=50)
2026-02-10 13:36:06 - INFO - chord#120 SA complete: score=43.0 after 66 iterations
2026-02-10 13:36:06 - INFO - chord#120 Starting SA optimization (tolerance=4)
2026-02-10 13:36:06 - INFO - chord#120 roll#3 Early stop: no improvement for 50 iterations (max_no_improve=50)
2026-02-10 13:36:06 - INFO - chord#120 SA complete: score=43.0 after 113 iterations
2026-02-10 13:36:06 - INFO - chord#120 Starting SA optimization (tolerance=4)
2026-02-10 13:36:06 - INFO - chord#120 roll#4 Early stop: no improvement for 50 iterations (max_no_improve=50)
2026-02-10 13:36:06 - INFO - chord#120 SA complete: score=43.0 after 49 iterations
2026-02-10 13:36:06 - INFO - chord#120 Starting SA optimization (tolerance=4)
2026-02-10 13:36:06 - INFO - chord#120 roll#5 Early stop: no improvement for 50 iterations (max_no_improve=50)
2026-02-10 13:36:06 - INFO - chord#120 SA complete: score=43.0 after 60 iterations
2026-02-10 13:36:06 - INFO - chord#120 Starting SA optimization (tolerance=4)
2026-02-10 13:36:06 - INFO - chord#120 roll#6 Early stop: no improvement for 50 iterations (max_no_improve=50)
2026-02-10 13:36:06 - INFO - chord#120 SA complete: score=43.0 after 111 iterations
2026-02-10 13:36:06 - INFO - chord#120 Best roll: 1/6, score=43.0
2026-02-10 13:36:06 - INFO - chord#124 Starting SA optimization (tolerance=4)
2026-02-10 13:36:06 - INFO - chord#124 roll#1 Early stop: no improvement for 50 iterations (max_no_improve=50)
2026-02-10 13:36:06 - INFO - chord#124 SA complete: score=43.0 after 62 iterations
2026-02-10 13:36:06 - INFO - chord#124 Starting SA optimization (tolerance=4)
2026-02-10 13:36:06 - INFO - chord#124 roll#2 Early stop: no improvement for 50 iterations (max_no_improve=50)
2026-02-10 13:36:06 - INFO - chord#124 SA complete: score=43.0 after 52 iterations
2026-02-10 13:36:06 - INFO - chord#124 Starting SA optimization (tolerance=4)
2026-02-10 13:36:06 - INFO - chord#124 roll#3 Early stop: no improvement for 50 iterations (max_no_improve=50)
2026-02-10 13:36:06 - INFO - chord#124 SA complete: score=93.0 after 62 iterations
2026-02-10 13:36:06 - INFO - chord#124 Starting SA optimization (tolerance=4)
2026-02-10 13:36:06 - INFO - chord#124 roll#4 Early stop: no improvement for 50 iterations (max_no_improve=50)
2026-02-10 13:36:06 - INFO - chord#124 SA complete: score=43.0 after 100 iterations
2026-02-10 13:36:06 - INFO - chord#124 Starting SA optimization (tolerance=4)
2026-02-10 13:36:06 - INFO - chord#124 roll#5 Early stop: no improvement for 50 iterations (max_no_improve=50)
2026-02-10 13:36:06 - INFO - chord#124 SA complete: score=43.0 after 63 iterations
2026-02-10 13:36:06 - INFO - chord#124 Starting SA optimization (tolerance=4)
2026-02-10 13:36:06 - INFO - chord#124 roll#6 Early stop: no improvement for 50 iterations (max_no_improve=50)
2026-02-10 13:36:06 - INFO - chord#124 SA complete: score=43.0 after 52 iterations
2026-02-10 13:36:06 - INFO - chord#124 Best roll: 1/6, score=43.0
2026-02-10 13:36:06 - INFO - chord#126 Starting SA optimization (tolerance=4)
2026-02-10 13:36:06 - INFO - chord#126 roll#1 Early stop: no improvement for 50 iterations (max_no_improve=50)
2026-02-10 13:36:06 - INFO - chord#126 SA complete: score=43.0 after 54 iterations
2026-02-10 13:36:06 - INFO - chord#126 Starting SA optimization (tolerance=4)
2026-02-10 13:36:06 - INFO - chord#126 roll#2 Early stop: no improvement for 50 iterations (max_no_improve=50)
2026-02-10 13:36:06 - INFO - chord#126 SA complete: score=43.0 after 72 iterations
2026-02-10 13:36:06 - INFO - chord#126 Starting SA optimization (tolerance=4)
2026-02-10 13:36:06 - INFO - chord#126 roll#3 Early stop: no improvement for 50 iterations (max_no_improve=50)
2026-02-10 13:36:06 - INFO - chord#126 SA complete: score=43.0 after 55 iterations
2026-02-10 13:36:06 - INFO - chord#126 Starting SA optimization (tolerance=4)
2026-02-10 13:36:06 - INFO - chord#126 roll#4 Early stop: no improvement for 50 iterations (max_no_improve=50)
2026-02-10 13:36:06 - INFO - chord#126 SA complete: score=43.0 after 88 iterations
2026-02-10 13:36:06 - INFO - chord#126 Starting SA optimization (tolerance=4)
2026-02-10 13:36:06 - INFO - chord#126 roll#5 Early stop: no improvement for 50 iterations (max_no_improve=50)
2026-02-10 13:36:06 - INFO - chord#126 SA complete: score=43.0 after 57 iterations
2026-02-10 13:36:06 - INFO - chord#126 Starting SA optimization (tolerance=4)
2026-02-10 13:36:06 - INFO - chord#126 roll#6 Early stop: no improvement for 50 iterations (max_no_improve=50)
2026-02-10 13:36:06 - INFO - chord#126 SA complete: score=43.0 after 50 iterations
2026-02-10 13:36:06 - INFO - chord#126 Best roll: 1/6, score=43.0
2026-02-10 13:36:06 - INFO - chord#128 Starting SA optimization (tolerance=4)
2026-02-10 13:36:06 - INFO - chord#128 roll#1 Early stop: no improvement for 50 iterations (max_no_improve=50)
2026-02-10 13:36:06 - INFO - chord#128 SA complete: score=45.0 after 68 iterations
2026-02-10 13:36:06 - INFO - chord#128 Starting SA optimization (tolerance=4)
2026-02-10 13:36:06 - INFO - chord#128 roll#2 Early stop: no improvement for 50 iterations (max_no_improve=50)
2026-02-10 13:36:06 - INFO - chord#128 SA complete: score=45.0 after 64 iterations
2026-02-10 13:36:06 - INFO - chord#128 Starting SA optimization (tolerance=4)
2026-02-10 13:36:06 - INFO - chord#128 roll#3 Early stop: no improvement for 50 iterations (max_no_improve=50)
2026-02-10 13:36:06 - INFO - chord#128 SA complete: score=45.0 after 65 iterations
2026-02-10 13:36:06 - INFO - chord#128 Starting SA optimization (tolerance=4)
2026-02-10 13:36:06 - INFO - chord#128 roll#4 Early stop: no improvement for 50 iterations (max_no_improve=50)
2026-02-10 13:36:06 - INFO - chord#128 SA complete: score=45.0 after 57 iterations
2026-02-10 13:36:06 - INFO - chord#128 Starting SA optimization (tolerance=4)
2026-02-10 13:36:06 - INFO - chord#128 roll#5 Early stop: no improvement for 50 iterations (max_no_improve=50)
2026-02-10 13:36:06 - INFO - chord#128 SA complete: score=45.0 after 70 iterations
2026-02-10 13:36:06 - INFO - chord#128 Starting SA optimization (tolerance=4)
2026-02-10 13:36:06 - INFO - chord#128 roll#6 Early stop: no improvement for 50 iterations (max_no_improve=50)
2026-02-10 13:36:06 - INFO - chord#128 SA complete: score=45.0 after 99 iterations
2026-02-10 13:36:06 - INFO - chord#128 Best roll: 1/6, score=45.0
2026-02-10 13:36:06 - INFO - chord#132 Starting SA optimization (tolerance=4)
2026-02-10 13:36:06 - INFO - chord#132 roll#1 Early stop: no improvement for 50 iterations (max_no_improve=50)
2026-02-10 13:36:06 - INFO - chord#132 SA complete: score=45.0 after 51 iterations
2026-02-10 13:36:06 - INFO - chord#132 Starting SA optimization (tolerance=4)
2026-02-10 13:36:06 - INFO - chord#132 roll#2 Early stop: no improvement for 50 iterations (max_no_improve=50)
2026-02-10 13:36:06 - INFO - chord#132 SA complete: score=45.0 after 80 iterations
2026-02-10 13:36:06 - INFO - chord#132 Starting SA optimization (tolerance=4)
2026-02-10 13:36:06 - INFO - chord#132 roll#3 Early stop: no improvement for 50 iterations (max_no_improve=50)
2026-02-10 13:36:06 - INFO - chord#132 SA complete: score=45.0 after 58 iterations
2026-02-10 13:36:06 - INFO - chord#132 Starting SA optimization (tolerance=4)
2026-02-10 13:36:06 - INFO - chord#132 roll#4 Early stop: no improvement for 50 iterations (max_no_improve=50)
2026-02-10 13:36:06 - INFO - chord#132 SA complete: score=45.0 after 50 iterations
2026-02-10 13:36:06 - INFO - chord#132 Starting SA optimization (tolerance=4)
2026-02-10 13:36:06 - INFO - chord#132 roll#5 Early stop: no improvement for 50 iterations (max_no_improve=50)
2026-02-10 13:36:06 - INFO - chord#132 SA complete: score=45.0 after 52 iterations
2026-02-10 13:36:06 - INFO - chord#132 Starting SA optimization (tolerance=4)
2026-02-10 13:36:06 - INFO - chord#132 roll#6 Early stop: no improvement for 50 iterations (max_no_improve=50)
2026-02-10 13:36:06 - INFO - chord#132 SA complete: score=45.0 after 102 iterations
2026-02-10 13:36:06 - INFO - chord#132 Best roll: 1/6, score=45.0
2026-02-10 13:36:06 - INFO - chord#134 Starting SA optimization (tolerance=4)
2026-02-10 13:36:06 - INFO - chord#134 roll#1 Early stop: no improvement for 50 iterations (max_no_improve=50)
2026-02-10 13:36:06 - INFO - chord#134 SA complete: score=43.0 after 74 iterations
2026-02-10 13:36:06 - INFO - chord#134 Starting SA optimization (tolerance=4)
2026-02-10 13:36:06 - INFO - chord#134 roll#2 Early stop: no improvement for 50 iterations (max_no_improve=50)
2026-02-10 13:36:06 - INFO - chord#134 SA complete: score=43.0 after 56 iterations
2026-02-10 13:36:06 - INFO - chord#134 Starting SA optimization (tolerance=4)
2026-02-10 13:36:06 - INFO - chord#134 roll#3 Early stop: no improvement for 50 iterations (max_no_improve=50)
2026-02-10 13:36:06 - INFO - chord#134 SA complete: score=43.0 after 63 iterations
2026-02-10 13:36:06 - INFO - chord#134 Starting SA optimization (tolerance=4)
2026-02-10 13:36:06 - INFO - chord#134 roll#4 Early stop: no improvement for 50 iterations (max_no_improve=50)
2026-02-10 13:36:06 - INFO - chord#134 SA complete: score=43.0 after 52 iterations
2026-02-10 13:36:06 - INFO - chord#134 Starting SA optimization (tolerance=4)
2026-02-10 13:36:06 - INFO - chord#134 roll#5 Early stop: no improvement for 50 iterations (max_no_improve=50)
2026-02-10 13:36:06 - INFO - chord#134 SA complete: score=43.0 after 75 iterations
2026-02-10 13:36:06 - INFO - chord#134 Starting SA optimization (tolerance=4)
2026-02-10 13:36:06 - INFO - chord#134 roll#6 Early stop: no improvement for 50 iterations (max_no_improve=50)
2026-02-10 13:36:06 - INFO - chord#134 SA complete: score=43.0 after 65 iterations
2026-02-10 13:36:06 - INFO - chord#134 Best roll: 1/6, score=43.0
2026-02-10 13:36:06 - INFO - chord#135 Starting SA optimization (tolerance=4)
2026-02-10 13:36:06 - INFO - chord#135 roll#1 Early stop: no improvement for 50 iterations (max_no_improve=50)
2026-02-10 13:36:06 - INFO - chord#135 SA complete: score=102.0 after 103 iterations
2026-02-10 13:36:06 - INFO - chord#135 Starting SA optimization (tolerance=4)
2026-02-10 13:36:06 - INFO - chord#135 roll#2 Early stop: no improvement for 50 iterations (max_no_improve=50)
2026-02-10 13:36:06 - INFO - chord#135 SA complete: score=96.0 after 65 iterations
2026-02-10 13:36:06 - INFO - chord#135 Starting SA optimization (tolerance=4)
2026-02-10 13:36:06 - INFO - chord#135 roll#3 Early stop: no improvement for 50 iterations (max_no_improve=50)
2026-02-10 13:36:06 - INFO - chord#135 SA complete: score=98.0 after 68 iterations
2026-02-10 13:36:06 - INFO - chord#135 Starting SA optimization (tolerance=4)
2026-02-10 13:36:06 - INFO - chord#135 roll#4 Early stop: no improvement for 50 iterations (max_no_improve=50)
2026-02-10 13:36:06 - INFO - chord#135 SA complete: score=67.0 after 82 iterations
2026-02-10 13:36:06 - INFO - chord#135 Starting SA optimization (tolerance=4)
2026-02-10 13:36:06 - INFO - chord#135 roll#5 Early stop: no improvement for 50 iterations (max_no_improve=50)
2026-02-10 13:36:06 - INFO - chord#135 SA complete: score=87.0 after 111 iterations
2026-02-10 13:36:06 - INFO - chord#135 Starting SA optimization (tolerance=4)
2026-02-10 13:36:06 - INFO - chord#135 roll#6 Early stop: no improvement for 50 iterations (max_no_improve=50)
2026-02-10 13:36:06 - INFO - chord#135 SA complete: score=67.0 after 97 iterations
2026-02-10 13:36:06 - INFO - chord#135 Starting SA optimization (tolerance=4)
2026-02-10 13:36:06 - INFO - chord#135 roll#7 Early stop: no improvement for 50 iterations (max_no_improve=50)
2026-02-10 13:36:06 - INFO - chord#135 SA complete: score=112.0 after 55 iterations
2026-02-10 13:36:06 - INFO - chord#135 Starting SA optimization (tolerance=4)
2026-02-10 13:36:07 - INFO - chord#135 roll#8 Early stop: no improvement for 50 iterations (max_no_improve=50)
2026-02-10 13:36:07 - INFO - chord#135 SA complete: score=67.0 after 151 iterations
2026-02-10 13:36:07 - INFO - chord#135 Best roll: 4/8, score=67.0
2026-02-10 13:36:07 - INFO - chord#136 Starting SA optimization (tolerance=4)
2026-02-10 13:36:07 - INFO - chord#136 roll#1 Early stop: no improvement for 50 iterations (max_no_improve=50)
2026-02-10 13:36:07 - INFO - chord#136 SA complete: score=43.0 after 88 iterations
2026-02-10 13:36:07 - INFO - chord#136 Starting SA optimization (tolerance=4)
2026-02-10 13:36:07 - INFO - chord#136 roll#2 Early stop: no improvement for 50 iterations (max_no_improve=50)
2026-02-10 13:36:07 - INFO - chord#136 SA complete: score=43.0 after 67 iterations
2026-02-10 13:36:07 - INFO - chord#136 Starting SA optimization (tolerance=4)
2026-02-10 13:36:07 - INFO - chord#136 roll#3 Early stop: no improvement for 50 iterations (max_no_improve=50)
2026-02-10 13:36:07 - INFO - chord#136 SA complete: score=43.0 after 74 iterations
2026-02-10 13:36:07 - INFO - chord#136 Starting SA optimization (tolerance=4)
2026-02-10 13:36:07 - INFO - chord#136 roll#4 Early stop: no improvement for 50 iterations (max_no_improve=50)
2026-02-10 13:36:07 - INFO - chord#136 SA complete: score=94.0 after 50 iterations
2026-02-10 13:36:07 - INFO - chord#136 Starting SA optimization (tolerance=4)
2026-02-10 13:36:07 - INFO - chord#136 roll#5 Early stop: no improvement for 50 iterations (max_no_improve=50)
2026-02-10 13:36:07 - INFO - chord#136 SA complete: score=43.0 after 63 iterations
2026-02-10 13:36:07 - INFO - chord#136 Starting SA optimization (tolerance=4)
2026-02-10 13:36:07 - INFO - chord#136 roll#6 Early stop: no improvement for 50 iterations (max_no_improve=50)
2026-02-10 13:36:07 - INFO - chord#136 SA complete: score=43.0 after 68 iterations
2026-02-10 13:36:07 - INFO - chord#136 Best roll: 1/6, score=43.0
2026-02-10 13:36:07 - INFO - chord 42: pitch class 2 gap 43.0¢ exceeds max_gap 40¢. Retuning.
2026-02-10 13:36:07 - INFO - chord#42 Starting SA optimization (tolerance=4)
2026-02-10 13:36:07 - INFO - chord#42 roll#1 Early stop: no improvement for 50 iterations (max_no_improve=50)
2026-02-10 13:36:07 - INFO - chord#42 SA complete: score=56.0 after 73 iterations
2026-02-10 13:36:07 - INFO - chord#42 Starting SA optimization (tolerance=4)
2026-02-10 13:36:07 - INFO - chord#42 roll#2 Early stop: no improvement for 50 iterations (max_no_improve=50)
2026-02-10 13:36:07 - INFO - chord#42 SA complete: score=45.0 after 57 iterations
2026-02-10 13:36:07 - INFO - chord#42 Starting SA optimization (tolerance=4)
2026-02-10 13:36:07 - INFO - chord#42 roll#3 Early stop: no improvement for 50 iterations (max_no_improve=50)
2026-02-10 13:36:07 - INFO - chord#42 SA complete: score=45.0 after 52 iterations
2026-02-10 13:36:07 - INFO - chord#42 Starting SA optimization (tolerance=4)
2026-02-10 13:36:07 - INFO - chord#42 roll#4 Early stop: no improvement for 50 iterations (max_no_improve=50)
2026-02-10 13:36:07 - INFO - chord#42 SA complete: score=98.0 after 62 iterations
2026-02-10 13:36:07 - INFO - chord#42 Starting SA optimization (tolerance=4)
2026-02-10 13:36:07 - INFO - chord#42 roll#5 Early stop: no improvement for 50 iterations (max_no_improve=50)
2026-02-10 13:36:07 - INFO - chord#42 SA complete: score=56.0 after 76 iterations
2026-02-10 13:36:07 - INFO - chord#42 Starting SA optimization (tolerance=4)
2026-02-10 13:36:07 - INFO - chord#42 roll#6 Early stop: no improvement for 50 iterations (max_no_improve=50)
2026-02-10 13:36:07 - INFO - chord#42 SA complete: score=45.0 after 75 iterations
2026-02-10 13:36:07 - INFO - chord#42 Starting SA optimization (tolerance=4)
2026-02-10 13:36:07 - INFO - chord#42 roll#7 Early stop: no improvement for 50 iterations (max_no_improve=50)
2026-02-10 13:36:07 - INFO - chord#42 SA complete: score=45.0 after 114 iterations
2026-02-10 13:36:07 - INFO - chord#42 Best roll: 2/7, score=45.0
2026-02-10 13:36:07 - INFO - Pitch-class continuity: made 1 retuning attempts
2026-02-10 13:36:07 - INFO - bwv264: No improvement. 48.0 >= 47.9
2026-02-10 13:36:07 - INFO - bwv264: Keeping previous best (mean=47.9)
